Geo Point,Official Name Municipality
"41.601893774178194, -2.228321316234914",Gómara
"39.42222814738916, -0.39786274132220123",Benetússer
"41.14382512515043, -1.556257958051752",Atea
"42.3925716600014, -4.031842571665142",Sasamón
"38.47066589705441, -4.853444593645351",Dos Torres
"38.131009190990405, -2.987415714754974",Iznatoraf
"42.566718735990136, -2.7036348154777996",Ábalos
"43.09737946467183, -6.249287347512105",Somiedo
"28.35198625497476, -16.81652559719987",Los Silos
"40.02886650345657, -5.002145306741664",Velada
"39.53189710457883, -1.451543335425639",Villargordo del Cabriel
"42.06574474886602, 1.8306312114574494",Avià
"38.59012567162434, -5.8580297659205245",Retamal de Llerena
"36.963058376886025, -2.650440995385562",Bentarique
"40.17313937051878, -5.112112430508768",Arenas de San Pedro
"41.22649343602453, -3.292889390175278",Cantalojas
"38.48239548741418, -2.6709241987766603",Villarrodrigo
"42.067821897277376, -2.691883563735086",Villoslada de Cameros
"40.46542888139202, -3.6964663573031236",Madrid
"42.79009827409543, -1.695073886707167",Zizur Mayor
"40.705555078527944, -6.135164532158265",Abusejo
"39.98258866257262, -5.235067086189976",Lagartera
"39.06251914381408, -0.3020164934410487",Benifairó de la Valldigna
"39.50844552391729, -0.6776611991060503",Cheste
"41.68003043253207, -5.313287836175386",Castromembibre
"41.61519268763865, -3.9642496002451004",Nava de Roa
"38.149261329958094, -1.436419563097667",Ricote
"39.70902116427304, -4.219029711629175",Totanés
"41.62106839819704, -5.29090460235648",Benafarces
"43.31862160940458, -2.955746180762888",Erandio
"41.82500449615433, -5.406425185380047",Villalpando
"42.36586697058169, -5.977052267282206",Riego de la Vega
"41.41563165837116, -5.787146544299656",El Perdigón
"42.1220919101876, 2.6312191667658023",Mieres
"42.22872257651215, -1.9098771900615814",Aldeanueva de Ebro
"36.85696293308868, -4.698769016286395",Álora
"42.18644881776979, -8.515267227997166",Ponteareas
"40.87066503186233, -6.759550792338404",Ahigal de los Aceiteros
"41.73130301891952, -2.3814062428922016",Alconaba
"41.737073631551645, -2.9406595204768053",Cubilla
"41.584734473054375, -2.927792521503559",Valdenebro
"41.8814519233847, -1.7570327426030654",Santa Cruz de Moncayo
"42.3691252319807, -0.9126514021079726",Biel
"41.4513498425442, 1.9636976030808542",Sant Andreu de la Barca
"40.401080751411236, -6.537552902377045",El Sahugo
"41.245751169500124, 1.2521311902796297",Vallmoll
"39.54296883906728, -0.3178192579644465",Albuixech
"39.698509925362956, -0.8651054208845549",Losa del Obispo
"39.4367561190187, -1.136125582374055",Requena
"42.129936784811775, -6.079522610094153",Ayoó de Vidriales
"41.00008068856922, -5.122905640874041",Rágama
"40.45613015973726, -1.0231551480174808",Cuevas Labradas
"41.6759576403124, -6.160692925641517",Samir de los Caños
"37.10614596660844, -1.9393820536261674",Turre
"42.67848443538425, -3.2342188316762837",Cascajares de Bureba
"42.045383418369575, -3.5859071354090584",Puentedura
"40.2077838071241, 0.057618050715018354",Benlloc
"40.75960048787189, -2.1869334202620605",Zaorejas
"42.885468235278246, -1.7734685918508217",Iza
"42.04416537898575, -1.6693966369999915",Murchante
"43.3246448193457, -6.989591591236267",Villanueva de Oscos
"41.95284365279736, -6.039748888701941",Melgar de Tera
"41.78606637788672, -6.456260648494764",Viñas
"39.78735368887242, -2.8062507214500663",Puebla de Almenara
"40.827269002818944, -2.4140107915568865",Sacecorbo
"39.58799355887664, 3.045216249045419",Sant Joan
"40.74336142143813, -5.008958014351482",Solana de Rioalmar
"38.42289101224105, -2.5011692633272506",Cotillas
"41.78366378776433, 1.8358184235038006",Santpedor
"39.92966278610504, -0.49940190750375846",Gaibiel
"40.44109361234663, -2.240653476048071",Cañamares
"41.81501318928842, 2.908154007568002",Llagostera
"37.02551345584898, -3.0945429637116244",Válor
"40.566843902519516, -3.065550646759012",Horche
"37.92737834782175, -6.691829887930262",Galaroza
"41.66219372631094, 0.9214078021705578",Vila-sana
"42.42903426475566, -2.5651274448932444",Navarrete
"42.65424061437636, -2.2477738680673203",Mendaza
"42.02819599207264, -7.623211464754269",Trasmiras
"43.48503976696533, -6.150005161900865",Pravia
"40.46960726898697, -5.825432930742525",Valdefuentes de Sangusín
"28.05526474327139, -16.67603853020958",Arona
"43.45521532246976, -3.493707936216201",Argoños
"41.02565130141781, -1.137868630750309",Bea
"39.50809004953592, -0.4112203954942462",Burjassot
"39.72386578179078, -0.5495846356382749",Marines
"41.42924954064767, -4.680712449733029",Mojados
"41.59178282953951, -4.833387431357251",Simancas
"41.802243629840525, -4.528665100557896",Valoria la Buena
"42.073388285035705, -6.719088027888931",Cobreros
"41.54133264157549, -0.24265070050977347",La Almolda
"41.09358162564209, -1.7705592860304753",Cimballa
"39.262326757992945, -1.209908800650787",Balsa de Ves
"39.768765275007105, 2.908995368627148",Selva
"42.20975491023751, -3.914872458766099",Mazuela
"42.19293137161347, 2.7994287753448077",Crespià
"42.043274364368656, -0.4578385036084055",Vicién
"41.36993668323322, -3.2048941001863835",Montejo de Tiermes
"39.69707222751588, 3.427357425322965",Capdepera
"41.55722394252305, -4.233319451619519",Langayo
"41.918361342009796, -5.585860883949349",Vidayanes
"40.63077049403678, -4.864871215999028",Padiernos
"42.68690485574312, -8.457335282861205",A Estrada
"40.82801298558844, -5.509393245430309",Alba de Tormes
"43.26771032344146, -3.63336500011908",Arredondo
"40.077257228130804, -3.828116237535634",Numancia de la Sagra
"39.58440241913974, -0.9633888943226473",Chera
"38.815930157927646, -0.4108370116842997",Gaianes
"36.8492896157621, -5.71243828446801",Bornos
"42.93730334239205, -9.260468041155338",Fisterra
"36.915270536505375, -3.2408836680081374",Cástaras
"41.254505852581936, -2.962314001288428",Miedes de Atienza
"40.876018421183524, -2.6314050822311246",El Sotillo
"37.926460881524214, -4.078320778932918",Arjona
"42.79649719309536, -4.600584140025171",Castrejón de la Peña
"39.40454343275951, -6.697738941050508",Aliseda
"40.923093377945584, -2.577536758258693",Torremocha del Campo
"42.45255585744532, -2.1962047192093737",Mendavia
"41.81789810718234, -4.172750050070841",Hérmedes de Cerrato
"37.23185448749432, -4.934838912272822",Gilena
"41.075003605224595, -0.7682645635751423",Muniesa
"39.806912374750276, -4.650962100886162",San Martín de Pusa
"39.86998066739901, -4.0151609506927874",Toledo
"39.553839366704494, -0.33919711583033163",Emperador
"41.20245842807403, -2.105956887811586",Alconchel de Ariza
"43.26021844194876, -2.0128648830952223",Lasarte-Oria
"42.53026940426372, 0.5204797626513142",Castejón de Sos
"38.45901047785759, -5.375228698431939",Valsequillo
"42.9318220314583, -2.03983022083304",Arbizu
"40.466409626591506, -3.276799035832808",Anchuelo
"42.68612947561787, -1.7064913650751135",Ucar
"40.59500282644871, -5.812490708126383",Endrinal
"41.205026962218405, -4.422037997878472",Navas de Oro
"40.48062452765645, -5.486015184860196",Navamorales
"41.36177467008727, -3.552484636835717",Sequera de Fresno
"39.52966013501877, -4.955504520599269",Sevilleja de la Jara
"40.620744408474, -1.5189965039637916",Ródenas
"41.51497419275364, -4.9110508669602115",San Miguel del Pino
"41.217328699944154, -2.041760647731046",Cabolafuente
"38.958162872890085, -6.249702451914896",Trujillanos
"38.474938007787934, -0.8208411456910143",Elda
"41.57756196336122, 2.4839802435908473",Sant Andreu de Llavaneres
"37.426832735523085, -4.628149113361254",Moriles
"40.15870655172033, -2.6362466759980543",Huete
"37.68902250972976, -2.8182606964706696",Cortes de Baza
"37.22630881345291, -3.609495569867951",Pulianas
"41.13991659364765, -3.3231508724831644",Majaelrayo
"41.12863556494248, -1.9966221150763481",Villel de Mesa
"42.68574494070939, -0.29420409459714214",Hoz de Jaca
"42.6717234931361, -5.009959566422868",Almanza
"42.604836092964945, -2.83196578036186",Briñas
"41.994326218137914, -4.258384841924383",Hornillos de Cerrato
"40.52091185528668, -5.634163914665923",Guijo de Ávila
"41.307735840200586, -4.455928157112158",Fresneda de Cuéllar
"41.345695522916124, -2.4931798267120118",Adradas
"41.95713372029271, -2.134260164312787",Valdeprado
"40.883766183481335, -0.6272240455251233",Estercuel
"39.29701129661414, -0.4114562225204502",Almussafes
"39.72786620637534, -0.2582282842143593",Faura
"43.30229669848036, -3.0575412987243618",Ortuella
"42.47509921507589, -1.010400186908372",Lobera de Onsella
"41.35607548542335, -1.5153744549607298",Sediles
"41.91068106757915, -1.7478849642201095",Tarazona
"41.98053330819733, 2.3091418610017573",Roda de Ter
"42.55637173192977, -3.6716218279224155",Merindad de Río Ubierna
"40.56159113874648, 0.23355088726498074",Canet lo Roig
"42.01688174366605, 3.0097259422148746",Rupià
"42.72825848804316, -6.0231258424665715",Valdesamario
"42.139591204636034, 1.6410574076306228",Guixers
"41.74609522053672, 1.1471812282539595",Ossó de Sió
"43.22253493852069, -7.260266837728764",Meira
"37.74334764278092, -0.8654337505218085",Los Alcázares
"42.18671665896227, -1.5726552873636055",Arguedas
"42.74046850993722, -4.703210961493374",Respenda de la Peña
"28.069355342953077, -15.69832814621925",Agaete
"37.200507680611615, -5.573219237487622",Arahal
"39.45987558217418, -0.4884006080887012",Aldaia
"41.686264334797265, -4.516364358214955",Olmos de Esgueva
"41.92829500995901, -5.139288836287211",Palazuelo de Vedija
"42.01330115321745, -3.5159655222903408","Comunidad de Covarrubias, Quintanilla del Coco y Retuerta"
"39.172596691335364, -2.1979283268204504",La Roda
"37.29148908014067, -5.498132351529429",Paradas
"40.665694421844584, -1.3012562714097968",Singra
"39.84558583350731, -4.491527031082992",El Carpio de Tajo
"41.5784345764423, -5.251081052627615",Casasola de Arión
"42.813494953956884, -3.3809250386710823",Trespaderne
"39.85961404479154, -6.229494190207045",Mirabel
"42.23391590592604, 2.302028464394337",Sant Joan de les Abadesses
"40.505098362476225, -2.575112643566527",Millana
"42.19820848340203, 0.17516990912641048",Naval
"42.02885970597516, -0.2810723960821199",Novales
"42.046990299619665, -0.01312798489136375",Peraltilla
"42.511663735910595, -2.9206606690759336",Castañares de Rioja
"42.392865764705995, -2.5155285336159046",Entrena
"42.12419803405519, -2.9215035263929354",Mansilla de la Sierra
"28.51079279922812, -13.95065060187506",Puerto del Rosario
"42.133199753027235, -8.628936017884303",O Porriño
"40.600177048323495, -6.0053212541684715",Navarredonda de la Rinconada
"28.278488766308737, -16.796500843607134",Santiago del Teide
"37.004475268807134, -5.547163484879118",Montellano
"41.27762554128624, -2.6987806534024865",Alpanseque
"41.55632308839907, -2.7442226541736345",Fuentepinilla
"39.476005073739906, -0.42146575142352805",Mislata
"41.245685757745825, -5.797964384008816",Mayalde
"41.83284134531652, 1.818131877443843",Castellnou de Bages
"41.78538734611282, 2.2219327403282083",Centelles
"36.864956197488894, -3.398556655826458",Órgiva
"40.84198137548367, -2.7375568331328104",Cogollor
"40.97840135398948, -2.186037380391729",Mazarete
"43.15383965241287, -2.0949623730181286",Hernialde
"43.02520952434578, -2.1377619051059518",Zaldibia
"41.60493217021368, 0.7586862725760197",Els Alamús
"40.490086449474376, -5.917139299478299",Santibáñez de la Sierra
"43.25477395856555, -4.577262913873914",Peñarrubia
"42.015306087754915, -2.522431585866833",La Póveda de Soria
"40.91983871497577, -0.369674948383353",Alcorisa
"41.93845227743781, -5.5571620235821895",San Esteban del Molar
"38.76806198556779, 0.06984108357933953",Gata de Gorgos
"41.83205667354723, 1.905884448138733",Sallent
"37.65540919728413, -4.656830129414299",Montemayor
"43.0337251679726, -5.12168574522923",Acebedo
"42.354199113497614, -2.1423126150084104",Ausejo
"40.32976166561279, -5.972871367483954",Lagunilla
"40.511294425232684, -5.764500165128326",Valdelacasa
"41.79778220595881, -1.4905153015475905",Bureta
"41.24780497456159, -1.581966496014042",Morata de Jiloca
"39.667806874861384, -6.27858748776157",Talaván
"39.832868937478, -2.5093013916516345",Villares del Saz
"42.79852624204358, -5.329423399701682",Vegaquemada
"41.783054139478836, 0.7917668895833119",Balaguer
"40.4198995728471, -5.848090445777739",Valdehijaderos
"39.64042881114331, 2.8980451426705436",Sencelles
"42.09553756424854, -6.972778033105204",Pías
"42.19952434434414, -3.7003655414615593",Cogollos
"40.16029248049517, -5.42822955260706",Villanueva de la Vera
"43.45002901109287, -8.233448412674521",Mugardos
"43.417460345173836, -6.822692604059637",Boal
"42.49660305868361, -8.722530318439805",Meis
"43.4727860542333, -3.618871780240005",Bareyo
"39.72726982274964, -3.940957590561432",Chueca
"38.86415568167699, -0.46361937385943025",Bèlgida
"38.1059821103824, -5.941738986016424",Fuente del Arco
"38.88887629746296, -5.001767932589951",Garlitos
"39.11112616113986, -1.997725912204939",La Gineta
"40.467517280909476, -4.676251653471282",San Juan de la Nava
"40.27066018017127, -6.178741247747134",Mohedas de Granadilla
"40.44344104634022, 0.2823103738191315",Cervera del Maestre
"41.66948705929537, 1.6772570868660672",Castellfollit del Boix
"42.27569857136076, -4.142493591543663",Castrojeriz
"41.78162000731657, -3.9287281863967918",Olmedillo de Roa
"37.21047473651474, -3.640068947084638",Maracena
"41.89955243662552, 0.16829747598829375",Monzón
"42.22195019045468, 0.9216478775462584",Salàs de Pallars
"40.418877592947595, -3.2481499687368167",Corpa
"41.398892435695146, -3.5656732207982986",Bercimuel
"41.92785504289613, -2.2979382362716763",Castilfrío de la Sierra
"40.800760951171576, -0.8805401746214145",Utrillas
"41.10493522293503, -1.5059034723595062",Orcajo
"41.80388029775971, -3.8267789006506243",Sotillo de la Ribera
"37.3398882800044, -3.1994104025339207",Purullena
"36.93894582208914, -4.674338930518083",Valle de Abdalajís
"42.78177791966249, -1.3586315605198123",Lónguida
"41.582817738207176, -2.643994857721319",Tardelcuende
"41.72720336808855, -4.620465794679951",Cabezón de Pisuerga
"41.95710111383483, -3.2333620229291125",Dehesa de San Felices
"40.4878484441586, -5.1626735376302975",Navacepedilla de Corneja
"38.60111167917672, -0.12023988953438434",la Nucia
"37.3415244824278, -2.180397749653061",Cantoria
"42.26687531967917, -4.336271886162001",Boadilla del Camino
"41.12262229929747, -3.9642473019246154",Caballar
"41.663540779682684, 2.2560712232218094",L'Ametlla del Vallès
"38.399616360688796, -6.476124640989706",Alconera
"42.309097107013095, -4.048425405837537",Hontanas
"42.17918845427558, -3.221355906528338",Riocavado de la Sierra
"41.59138737101328, -3.5834488281337253",Santa Cruz de la Salceda
"40.05828306679756, -6.551847226841583",Calzadilla
"40.11620673355864, -5.837544235358696",Piornal
"39.96609996156616, -6.319041660542764",Alagón del Río
"39.89533191551814, -0.24650486394062968",Artana
"42.15121524319958, 2.5692549877049493",Santa Pau
"37.628889441412596, -2.698033238649724",Benamaurel
"36.950282962687275, -3.464238039330852",Lanjarón
"42.99957346778005, -2.533252411620804",Eskoriatza
"41.9257185965876, -0.18639003340762103",Huerto
"41.543030056705994, 1.1454095544352603",Ciutadilla
"42.22674538659031, -1.6849398101597983",Cadreita
"42.51397758279403, -8.140928028238298",O Irixo
"42.45458063957051, -4.477941905896043",Castrillo de Villavega
"40.65877081496546, -5.774300306217782",Frades de la Sierra
"41.35754888132297, -3.757397476043934",Urueñas
"41.46583650126119, -3.0550536493569185",Villanueva de Gormaz
"40.00191980482052, -3.3303260254552947",Villarrubia de Santiago
"42.00908854788321, -6.598879034775921",Puebla de Sanabria
"42.36721901196432, -1.0171483709691882",Luesia
"38.66358613186952, -6.490784922874154",Aceuchal
"40.832791516878544, -3.2643270409009846",Malaguilla
"40.84277505981076, -2.208228910760776",Olmeda de Cobeta
"41.71975450086006, 0.7869072803021921",Térmens
"40.40488362021639, -3.301008836148975",Valverde de Alcalá
"28.27206557320568, -14.044338999281814",Tuineje
"41.23030215033041, -6.525107069850433",Pereña de la Ribera
"39.09245988755286, -0.7162266247074609",Navarrés
"42.42010509257728, -3.1040480431354736",Viloria de Rioja
"41.94959760039981, 3.171823763346336",Regencós
"42.23971883556358, -5.284379832068679",Izagre
"39.69292604349691, -6.889053370256638",Alcántara
"43.41342480743651, -6.249456607976016",Salas
"38.56847370707208, -6.672365540031721",La Morera
"39.32906892436734, -6.011122503699328",Ruanes
"41.13938807936423, -5.57918311068658",Tardáguila
"40.18296097053628, -1.4016091029203963",Alobras
"41.66235882438914, -4.2835662269234875",Valbuena de Duero
"41.56584801159017, -4.995605702763921",Velilla
"41.647000386156286, 2.221768247283819",Santa Eulàlia de Ronçana
"41.79573235438105, -3.589903651848276",Tubilla del Lago
"40.217889928746466, -5.934792150422481",Segura de Toro
"39.31351216980463, -0.6225141803422102",Real
"41.48266342707189, -1.481479479373786",Chodes
"41.6923512146956, -1.264046160301466",Plasencia de Jalón
"41.9125708547434, 2.1736071486557167",Santa Eulàlia de Riuprimer
"41.655090303753894, -3.9409597838842814",La Cueva de Roa
"39.245505300561874, -3.833902740935983",Fuente el Fresno
"43.29712960024036, -8.814195614811764",Malpica de Bergantiños
"42.190827056256516, -2.595321041401243",Pinillos
"40.76915992211923, -3.561139565960607",El Vellón
"42.81494109147266, -1.6513679431172656",Pamplona
"42.348700834512044, -4.732058004137559",Bustillo del Páramo de Carrión
"28.9351250797452, -13.785132937656758",Yaiza
"40.89299097298418, -5.285305573722476",Nava de Sotrobal
"40.91414690972363, -4.276957256388275",Abades
"41.43548148731578, -3.002434888874797",Recuerda
"41.152119121824605, 0.8733681568422846",Pradell de la Teixeta
"40.033204145224374, -1.249766149085594",Casas Altas
"39.48444310238093, -0.9246276010644241",Siete Aguas
"42.11319157013802, -5.891809254480835",Arrabalde
"38.891882034895495, -5.113840720824923",Risco
"38.69197158329468, 1.4589451882117979",Formentera
"37.228431024301116, -2.067318660511485",Lubrín
"40.45616798190351, -5.05280626114225",Cepeda la Mora
"38.95233634653625, -2.308212611886437",Lezuza
"40.68127873525401, -4.781334499326991",Martiherrero
"40.21690055941228, -6.720072414768896",Acebo
"39.93814870372715, -6.052591994154777",Malpartida de Plasencia
"38.51124033872462, -3.582424507512836",Viso del Marqués
"42.84563198217117, -9.1019178326764",Carnota
"37.0255017376509, -3.1964606798057296",Bérchules
"42.55551619093566, -2.468705637019789",Yécora
"38.70368528954233, -0.8019932851005108",el Camp de Mirra
"40.91896539775288, -4.646071658275774",Pajares de Adaja
"41.64995769604487, 2.6958406076362365",Santa Susanna
"42.858706247338645, -3.7495964949881917",Valle de Zamanzas
"39.99487736159628, -0.4491641270059916",Torralba del Pinar
"39.86469862103206, -2.656308988626814",Montalbo
"37.185806996914025, -3.1097160593231448",Alquife
"42.46340741536922, -5.471714971743284",Villanueva de las Manzanas
"37.62077095642513, -1.3522958874614446",Mazarrón
"40.198939996949136, -1.2648732674485452",Tramacastiel
"42.78083136417929, -8.46444719311421",Vedra
"42.810836300464224, -0.7683992288132538",Ansó
"41.84010904413113, -1.841776151120871",Vozmediano
"38.3856677550932, -6.589113280249786",Burguillos del Cerro
"42.53970887060598, -2.6314285963551036",Navaridas
"39.10620439660342, -1.2881943908477664",Carcelén
"39.42223532293278, -5.618474881352161",Garciaz
"40.77831427185235, -1.9894361767287578",Valhermoso
"41.69867496536927, 2.1611369066149835",Sant Feliu de Codines
"42.138876330050685, -3.460748173897201",Jurisdicción de Lara
"39.28781462847342, -6.308575925393174",Aldea del Cano
"39.60605240139391, -2.2684996008748164",Honrubia
"28.517899906339867, -16.225427438816336",Santa Cruz de Tenerife
"40.99111143714074, -0.6491083918290802",Oliete
"38.266153095770385, -6.471888242586245",Valencia del Ventoso
"41.05615032128359, -4.9303247888373365",Barromán
"40.388888136667184, -4.495196556906487",El Tiemblo
"41.21909111045301, -5.267136432211301",Torrecilla de la Orden
"39.67445752047185, 3.094527256858352",Maria de la Salut
"42.968681829496816, -2.7307027691046186",Zigoitia
"42.09733581870662, -3.592887878810511",Mecerreyes
"42.35663206583823, -3.167704597807158",San Vicente del Valle
"42.221995979852835, -2.545214592785883",Muro en Cameros
"43.22033704429002, -4.4205177438362",Rionansa
"43.19600483484857, -3.5485745931545467",Soba
"43.17362076032994, -2.779305176953217",Igorre
"42.115126967915266, -5.954026566755444",Villageriz
"41.9283043608218, 1.9280772659597976",Gaià
"42.039289132301704, 2.3602869862628024",L'Esquirol
"42.02500869592131, -3.4252114441638475",Contreras
"41.57994803042503, -3.8466453263238494",Haza
"40.30463896905117, -5.877688009428978",Baños de Montemayor
"39.69575329899332, -5.831638768989541",Jaraicejo
"39.71465749308305, -5.297555059587166",Valdelacasa de Tajo
"36.74349532089478, -5.754629468176751",Arcos de la Frontera
"43.6515324067219, -7.8289965520963705",Ortigueira
"37.43328545115414, -7.098814851998658",San Bartolomé de la Torre
"36.93230872411634, -4.193557322796956",Periana
"40.6090773973631, -5.473576311731234",Armenteros
"40.114862841333924, -5.781578270111812",Garganta la Olla
"37.43486637574943, -6.678683560767954",Niebla
"40.5722784137596, -2.9844128722962435",Romanones
"42.9714976662774, -6.167426819038345",Cabrillanes
"36.677824045310025, -4.94210146589337",Tolox
"40.89884089540593, -5.57151803337753",Calvarrasa de Arriba
"43.26728102742399, -2.7837129273304932",Larrabetzu
"42.0445825762394, -5.917929889177253",Granucillo
"41.862486152406454, -5.697064570481914",Santovenia
"41.972375913226834, -3.331093378266856",Comunidad de Fuente Carazo
"40.973623317068906, -4.896527584356561",Fuente el Saúz
"41.66689363784769, -3.9914856920832578",Mambrilla de Castrejón
"37.27640720459341, -3.2132145738219817",Beas de Guadix
"42.06845166470231, -0.029128456462066125",Azara
"40.23797757259901, -3.04315757984838",Driebes
"37.20928241419269, -6.808158635018732",Moguer
"41.54685580913546, 1.1175106906687975",Nalec
"41.64965134632492, 0.8622908689471362",El Palau d'Anglesola
"41.60168932142699, 0.9551622207766196",Vilanova de Bellpuig
"42.397139801021154, -2.834170213317118",Canillas de Río Tuerto
"42.63670155067205, -4.492818060599308",Collazos de Boedo
"42.079017385259036, -5.816536625612543",Santa María de la Vega
"42.32923607145176, -3.7679403371835822",Villalbilla de Burgos
"43.05636509787881, -7.997443932809353",Sobrado
"43.29701410171839, -5.6935956674345",Langreo
"37.1117471757001, -6.178240957749016",Isla Mayor
"40.29073263158893, -0.4534096479122088",Puertomingalvo
"43.35658677058538, -8.12315402620102",Vilarmaior
"42.8005580474737, -5.754006750807122",Carrocera
"41.40536392623671, 0.3739776534388282",La Granja d'Escarp
"42.57902216643753, -4.821586987477217",Poza de la Vega
"40.504639218205284, -5.971590009320216",Garcibuey
"40.61501987589448, -5.881594518465033",Herguijuela del Campo
"40.4640967204167, -5.771003992823908",Peromingo
"41.22443465332302, -6.438855965345897",Villarino de los Aires
"41.00734454391419, -6.168539662326334",Villasdardo
"40.39635186867082, -1.735403645147333",Guadalaviar
"40.006384703143084, -3.535280178537845",Ontígola
"39.05845782773923, -0.6008806554488282",Cotes
"39.064656261619014, -0.5062944754267334",Senyera
"41.56318844252816, -4.41964418419153",Santibáñez de Valcorba
"41.57751936638817, -1.5414082392325803",Mesones de Isuela
"41.52783246136367, 1.708680319054081",Vallbona d'Anoia
"39.78821632208125, -5.456021186616812",Bohonal de Ibor
"42.25670162581691, 2.8800433766462974",Vilanant
"42.67464215002883, -0.5820537351292073",Borau
"40.88248464256317, -1.568742967337441",Odón
"41.08009608267786, -2.9969752767115874",Hiendelaencina
"40.60048336666583, -2.7611453932462577",El Olivar
"37.216532730676526, -7.017014320675352",Punta Umbría
"42.97451773717402, -5.015737539694601",Riaño
"38.19880658381998, -1.9911166617118905",Moratalla
"42.78775359878669, -1.3571968998459059",Aoiz
"41.11773014913027, 1.0013552781178021",Montbrió del Camp
"39.99466693806789, -3.4321642420333784",Noblejas
"41.92493493301542, -3.033440086243443",Canicosa de la Sierra
"42.05522746757918, -0.5836061882087873",Almudévar
"41.035516087479294, -3.6734622698417163",Gascones
"28.01895289502613, -15.697165227514885",Artenara
"40.55054996009648, -1.0606679079437276",Alfambra
"42.15698226575687, -6.845884754899947",Porto
"37.313602323977406, -2.6234530226914314",Alcóntar
"40.26175742021314, -5.127424430943304",El Hornillo
"39.65543107158427, 2.9493193480838684",Costitx
"40.37600732437372, -5.4966394267481755",San Lorenzo de Tormes
"41.13636331641342, -4.627814051448007",Tolocirio
"41.1478909470988, 0.4005942419276549",Vilalba dels Arcs
"39.71905781142665, -4.289099101652262",Gálvez
"40.02550082035341, -5.483565712974739",Tiétar
"36.2819341595442, -5.941884969946603",Vejer de la Frontera
"43.17415955605049, -2.3290273330473417",Azkoitia
"38.069541315820516, -4.171293910194337",Marmolejo
"37.731380519555735, -5.365237702446314",Peñaflor
"40.769011622552966, -0.24503265667316487",Las Parras de Castellote
"40.50295146371834, -0.871504852647149",El Pobo
"40.09219065569922, -3.6660989478464474",Seseña
"42.47033259027443, -3.385200171343624",Castil de Peones
"40.11728335983634, -5.890094179934519",Cabrero
"39.9437071631288, -0.4564263117726063",Matet
"39.29596716207358, -2.380473666087543",Casas de los Pinos
"39.56303893388896, -1.909716230792898",Motilla del Palancar
"42.33974379878822, 2.9017670582247743",Biure
"37.1700957359658, -3.8260313796527425",Cijuela
"40.71765331430383, -3.005377257419054",Valdegrudas
"42.312956253218154, -2.071803845471218",El Villar de Arnedo
"40.7557992120539, -4.059933502134099",Cercedilla
"43.30489905320094, -5.883560548125256",Ribera de Arriba
"40.51818125124371, -6.745650949755253",Espeja
"43.38871914110811, -3.4414111222496433",Colindres
"41.41216440323213, -2.176024048774937",Fuentelmonge
"39.75981454148734, -3.189793524637746",Corral de Almaguer
"39.3326504642397, -0.6523436357090097",Montroi
"41.450882772149804, -5.641785074763164",Moraleja del Vino
"38.711995084694415, -1.913371660197297",Pozohondo
"38.80027689556433, -2.5747772345062865",Viveros
"43.315080283125326, -2.4619526056448233",Berriatua
"28.298936336042672, -16.576930144119128",La Orotava
"41.20942218127123, 1.2759485158409245",La Secuita
"41.92878027404556, -5.426143297240106",Prado
"36.921575010793646, -5.14957776185746",Alcalá del Valle
"40.44773441383367, -3.0393303641029683",Hontoba
"42.35421131594964, -7.165952706453689",Larouco
"36.72663440720981, -6.406846648062909",Chipiona
"42.61632332860925, -3.047850419191084",Foncea
"40.59011320610318, -5.579973601052109",Salvatierra de Tormes
"41.45053233738709, -3.4135609844559887",Languilla
"41.968990969134396, -6.102337494361297",Calzadilla de Tera
"41.20682870755063, -1.61449025026984",Alarba
"40.27306164565175, -4.86960999704784",Gavilanes
"42.06287877254019, 1.9077436186656602",Olvan
"42.185976366034815, 2.6648602428248047",Sant Ferriol
"41.99251162729032, 1.530422593758223",Olius
"40.615897549974186, -3.8932892202179934",Hoyo de Manzanares
"41.09637000477601, -5.245503529769561",Villaflores
"41.142757531404044, -6.145579029235374",Villaseco de los Reyes
"41.98384855162104, -5.081797142475116",Moral de la Reina
"43.355916556595815, -2.685080488793098",Murueta
"36.92517460424342, -3.3357297876086816",La Taha
"42.248389252010135, -0.5416096668213604",La Sotonera
"42.48321249479328, 1.296338911681634",Farrera
"42.76864327882419, -2.207389792719715",Eulate
"41.782750482244325, -4.22544685206299",Torre de Esgueva
"41.322684944684056, -5.968820595749399",Fresno de Sayago
"41.39071320692287, -1.1543120951076347",Longares
"40.5488541969375, -5.318714286168429",Becedillas
"40.336734028586164, -5.4741936468057375",Los Llanos de Tormes
"41.73644855845587, -3.9955565054543003",Pedrosa de Duero
"42.740775543124855, -3.8934782546262894",Sargentes de la Lora
"39.56514867155887, -6.473934802095332",Casar de Cáceres
"39.342031311979916, -5.965683621104984",Santa Ana
"40.35413975662234, -0.06315278675137896",Vilar de Canes
"38.122724723503616, -1.1993383697946185",Molina de Segura
"41.61097561454627, -6.025654904666747",Videmala
"42.31916618173161, -6.015198695379041",Comunidad de Castrotierra de la Valduerna
"42.32901832599128, -3.6128472780505296",Cardeñajimeno
"41.953416828654625, 2.7815454499793124",Vilablareix
"41.22530844295303, -3.644740552643694",Duruelo
"41.06189433961131, -3.771588270463039",Gallegos
"39.37361187189862, -0.6867781635434972",Turís
"41.87167718458284, 2.1096819008564003",L'Estany
"42.63709960794574, -3.2070585492848296",Cubo de Bureba
"42.450699754873, -4.187671214589895",Padilla de Arriba
"39.85505270922546, -5.565455000581304",Millanes
"36.7770567727035, -3.30123787491495",Polopos
"41.922546331116436, 0.9448384034960801",Alòs de Balaguer
"36.97804377936419, -4.926914899389485",Teba
"42.56659961122768, -2.3592127570690993",Aras
"41.10859820245565, -5.826940500352825",El Arco
"43.24987765513591, -2.4702980275082784",Etxebarria
"42.194506005916004, -0.7829390942547155",Ardisa
"38.76589375978247, -0.07701092994185868",Murla
"41.367894867046765, -3.339778774642497",Ayllón
"41.54723539673863, -5.9946893211835866",Muelas del Pan
"40.539297934333064, -0.26811984626528673",Portell de Morella
"38.8993691049312, -3.7295083444100805",Almagro
"42.29444432648384, 2.9122287624868286",Llers
"40.620594206507626, -2.3326122439424184",El Recuenco
"41.469680980720064, 0.6255259915466548",Alcanó
"41.49687770678863, 1.0766082029396202",Els Omells de na Gaia
"36.649048782853654, -4.683803949757746",Alhaurín el Grande
"42.327111265065625, -4.615952293157424",Carrión de los Condes
"42.215791781348116, -4.43978841462641",Piña de Campos
"41.22486566407342, -3.8184815227790905",San Pedro de Gaíllos
"37.337516472862994, -6.213221419322775",Benacazón
"39.71330667934232, -5.581716523256562",Campillo de Deleitosa
"39.75031113042959, -5.389798758239192",Peraleda de San Román
"38.60405544834788, -3.8793105934066947",Villanueva de San Carlos
"39.21067816234001, -3.434964632315055",Villarta de San Juan
"42.327969158053506, -2.0361645633217362",Pradejón
"40.36191644904124, -4.365811552265885",San Martín de Valdeiglesias
"42.373198609218505, -8.156536371383472",Leiro
"42.536070184184766, -4.464706242793312",Villameriel
"42.73395972960778, -3.497218811696781",Aguas Cándidas
"42.20149220081474, 2.6981734521401246",Besalú
"43.05390194165937, -2.1310420501699103",Gaintza
"43.05202054773534, -2.2960351408337063",Gabiria
"42.20088675140584, -2.330478280543226",Munilla
"40.56226897400388, -3.375933618282372",Camarma de Esteruelas
"42.346254458487174, -1.528784153998354",Mélida
"42.626959250021265, -1.1927096609070957",Yesa
"42.03950987432857, -4.299812108195468",Torquemada
"41.40243180729111, -3.7971776431403654",Castroserracín
"40.455076414801425, -4.946684149993399",Navalacruz
"42.08442574710566, 2.7620736243572654",Camós
"42.32586214238192, 2.035701604298448",Toses
"41.86027789090442, -0.24956735001593797",Lalueza
"41.86524749850392, 1.3084446650670434",Sanaüja
"40.222738339889254, -3.926012203758333",Batres
"41.93853565978454, -1.444518945606336",Cortes
"42.370765845516694, -8.010897027901198",Punxín
"41.022098183044825, -3.9037121435456403",Collado Hermoso
"37.10596437743598, -6.144340637606539",La Puebla del Río
"41.9180094533726, -2.0128297084289493",San Felices
"38.9066476383654, -0.26410379463503497",Castellonet de la Conquesta
"40.690383674116134, -3.5107181816486155",Valdetorres de Jarama
"36.8605089362531, -4.991332292769192",Serrato
"27.984338491918784, -15.50902924204531",Valsequillo de Gran Canaria
"41.113750586114975, -4.695842877977227",Donhierro
"41.67036195067425, -5.5921742130180245",Aspariegos
"42.26607943160328, -3.879499944111528",Estépar
"42.12450062968302, 0.1466858819578359",Hoz y Costean
"40.85628135347333, -0.10059109329587351",La Cañada de Verich
"40.01597714965543, -4.785541115023923",Pepino
"43.149222371463374, -2.928112408854257",Arakaldo
"42.19329960627165, -4.022712146519634",Villazopeque
"40.20982733271223, 0.20149516698167166",Torreblanca
"38.13276032589953, -5.076434350117788",Espiel
"42.26246995306388, -3.8020321796167105",Cayuela
"40.02182346901431, -5.750256722852428",Jaraíz de la Vera
"40.285550447853346, -2.187233732957222",Sotorribas
"42.5506689443475, 0.47770297000897416",Sesué
"41.71158623927273, 0.6210485094830127",Vilanova de Segrià
"41.04266210065462, 0.2816608683346782",Caseres
"41.7752219748099, 2.64895611829108",Massanes
"42.20828072971454, -5.412654672500908",Castilfalé
"42.53752262089295, -2.8266605184564897",Ollauri
"43.26685142745268, -5.9020162148806",Morcín
"40.49922009237575, -6.442008231642022",Zamarra
"41.36214814212306, -4.287085837377705",Cuéllar
"40.902054586742985, -0.7240690831861554",Obón
"39.138337665575555, -0.4941353255028632",Benimuslem
"41.35048573314982, -1.2084755471955537",Cariñena
"37.77197902831355, -6.508836648975423",La Granada de Río-Tinto
"43.162200239923514, -5.3329934383866995",Caso
"40.83592398494417, -4.142802103367034",La Losa
"37.210276419712905, -4.775370907243604",La Roda de Andalucía
"41.82223415661685, -2.67994383505196",Soria
"40.00941359831999, -4.08399327217839",Camarenilla
"41.346735049995694, -1.8101145344615426",Ateca
"42.05332895635148, -3.384557047571616","Comunidad de 09076, 09150 y 09578"
"36.399777541606156, -6.109958082509127",Chiclana de la Frontera
"37.720276969529856, -5.092332374368599",Fuente Palmera
"40.51339922495449, -2.37994652036147",Arandilla del Arroyo
"40.89533615346638, -2.7619474975050986",Almadrones
"42.47066130917523, -2.087121770095151",Sesma
"40.83072862201821, -5.589843185833274",Valdemierque
"41.1489133606835, -3.860762011599022",Arahuetes
"39.054407948663645, -0.4921036037571143",Manuel
"42.285052028992, -3.788663858951542",Albillos
"42.30630920695618, -3.9971630618567753",Iglesias
"37.67493313854428, -3.546987546334317",Cambil
"40.390659772456914, -4.923339709186955",Navalosa
"42.68665557078148, -2.3608927068559296",Campezo
"39.2075819000963, -3.50755479820856",Arenas de San Juan
"38.01346653979937, -5.0081166930637515",Villaviciosa de Córdoba
"40.03615712620258, -1.66607463408475",Cañete
"37.01916546158483, -3.142540752047685",Alpujarra de la Sierra
"42.58498986166935, -2.8615071259870466",Haro
"41.14130871740931, -4.340719023145312",Bernardos
"41.71559765001867, -3.2955036356745038",Alcubilla de Avellaneda
"41.28044444033699, 1.481325795491413",La Bisbal del Penedès
"40.15173473502485, -3.9872499988062367",El Viso de San Juan
"39.73424195527391, -0.23679000666202438",Benavites
"43.1728196378735, -3.080099475402795",Gordexola
"40.739877596771656, -2.854086904602589",Brihuega
"37.75219172741095, -3.6989186103160616",La Guardia de Jaén
"40.28995136960931, -3.210676644990838",Orusco de Tajuña
"42.1858961041991, -8.21025666920496",Crecente
"39.36326599693164, -0.5842458275408398",Montserrat
"41.05949998258138, -1.7105697255536076",Aldehuela de Liestos
"40.19209162360682, -4.938636464661151",Lanzahíta
"39.814771562264625, -2.329342617792105",Belmontejo
"37.92472541038903, -7.188922818897508",Rosal de la Frontera
"40.594721442435855, -4.245300882816625",Santa María de la Alameda
"40.076163666936935, -3.248712786002385",Villamanrique de Tajo
"40.61173675516886, -5.768178548143979",Casafranca
"41.235751188388925, -4.10046678573562",Aguilafuente
"41.0076940763855, -4.2208382467184355",Los Huertos
"42.70842344209981, -3.0745736136649064",Santa Gadea del Cid
"40.01497604106831, -2.5405315583957955",Torrejoncillo del Rey
"41.87374774344969, 2.4230380990539553",Espinelves
"42.06449044904268, 2.54942950340814",Les Planes d'Hostoles
"39.83660647609889, -4.73977058079744",San Bartolomé de las Abiertas
"41.87637864075967, -1.7912171439918754",Los Fayos
"41.111121651476644, -0.9593558304573218",Plenas
"41.51115242672434, 1.7499446232642437",Piera
"41.81588912639771, 1.6698884918815384",Sant Mateu de Bages
"41.603917913847276, 1.9174856498924546",Vacarisses
"39.21574818221275, -3.644094509376704",Villarrubia de los Ojos
"37.48960447426773, -4.449899395469515",Cabra
"39.929061255799795, -1.4668562041021525",Fuentelespino de Moya
"42.8431570078745, -1.6697696576791008",Berriozar
"43.10688448546441, -3.9011408848823885",Luena
"39.73588271958899, -4.1645164521520375",Noez
"43.23130276229315, -2.8881117584904463",Basauri
"43.34708217146092, -2.487151871617903",Mendexa
"41.325330397158915, -1.8721487072527416",Bubierca
"42.14051677896869, -3.8403510894874255",Villaverde del Monte
"39.68229196295069, -2.6415798951518794",Fuentelespino de Haro
"39.87216996012058, -1.6459752181544174",Villar del Humo
"42.37145801902237, 2.9076742886445426",Capmany
"40.44013038382418, -4.129971359766648",Navalagamella
"41.961314904696415, -1.5857343663704366",Ablitas
"42.99047093075697, -1.3380422924071969",Auritz
"41.9350140303115, -7.737600339158337",Baltar
"43.549263062355365, -5.992490796976462",Castrillón
"42.67282516480633, -4.303957341121811",Alar del Rey
"37.11035425348764, -5.014544238577505",Los Corrales
"38.9963622434145, 1.3585900961894575",Sant Antoni de Portmany
"42.08407817052075, 2.9886530949818475",Colomers
"42.88775551446414, -2.2015874802034423",Olazti
"41.44291981270935, -4.474955758993293",San Miguel del Arroyo
"39.616252257504044, -1.795728186316052",Campillo de Altobuey
"36.834743458876815, -3.921627190947692",Cómpeta
"42.15883450924655, -7.973346778000045",Celanova
"40.857395805808004, -5.974162962642481",Robliza de Cojos
"42.40272647552235, -2.6310002152610346",Ventosa
"42.059169597061974, -4.84637402468686",Abarca de Campos
"40.79553229000444, -5.986044440311785",Villalba de los Llanos
"41.2949469259431, -3.771493494224832",Sepúlveda
"39.56019973577776, -0.655332610554427",Vilamarxant
"43.39789247804755, -2.962195313917967",Barrika
"42.105294229063205, -5.725486323597011",Pobladura del Valle
"40.2945444448815, -2.387744386142335",Castillo-Albaráñez
"42.54934964418948, -1.0296665914570737",Los Pintanos
"38.64453190037068, -0.7479472064192052",Biar
"41.88173371102074, -2.8258475409599844",Molinos de Duero
"41.182683165229946, 1.2129941404646878",La Pobla de Mafumet
"39.21582811881201, -6.950971459979441",Alburquerque
"38.69431748820212, -5.623914448182425",Malpartida de la Serena
"42.264609144692656, -3.658498509324479",Modúbar de la Emparedada
"39.76508815757676, -5.551650645974787",Mesas de Ibor
"41.0919401488493, -3.5114027317816996",Montejo de la Sierra
"42.25566958105406, -4.598271600673776",Villoldo
"37.458774128301634, -6.169071274388105",Olivares
"40.97514608995324, 0.0879701650486952",Valdeltormo
"39.40299314291609, -0.36157060730590085",Alfafar
"39.05925924794668, -1.482250490270006",Pozo-Lorente
"36.87631727974154, -2.6988025296185314",Felix
"41.961954468891946, 2.225875540383658",Gurb
"39.47087581266341, -7.004215126737253",Salorino
"37.123240889195586, -3.616359979407341",Ogíjares
"40.875979131057925, -2.138039859520206",Cobeta
"43.09686785627894, -2.068121683099362",Altzo
"41.58078584102825, 0.25496033878093033",Velilla de Cinca
"42.517939152399606, -1.57386668184557",San Martín de Unx
"42.51572687906965, -1.7100458632503044",Tafalla
"41.16013090185214, 0.8152970353487471",Falset
"40.521292702079045, -0.3961985019466156",Cantavieja
"38.50781304799138, -0.9104737131647499",Salinas
"41.632901955085565, -3.8725859532046445",Fuentecén
"42.18585379760204, -3.869691227322544",Presencio
"43.045445716460115, -8.806812388073405",Santa Comba
"42.451276525279994, 1.8674842048566584",Guils de Cerdanya
"40.81906480305918, -1.6653888352269983",Hombrados
"43.082232385064984, -2.1809171707431743",Itsasondo
"42.36331688338345, -5.930832407557042",Santa María de la Isla
"41.857093603949714, 1.173135609050061",Oliola
"38.00848692505103, -1.5405002602885804",Mula
"40.92753408388835, 0.4089090571152796",Paüls
"42.074567797731056, 2.6021974661535414",Sant Aniol de Finestres
"42.34750889515169, -5.536016279477192",Fresno de la Vega
"42.11291125758411, -4.634299361246006",Becerril de Campos
"40.128384529294195, -4.614958547534451",Nuño Gómez
"40.27210136883518, -5.6325321264242385",Puerto Castilla
"39.61726532530878, 3.305340486267715",Sant Llorenç des Cardassar
"42.029018005946746, 1.9439702304523454",Sagàs
"40.1380723254252, -6.400367053477898",Pozuelo de Zarzón
"39.650572512167464, -5.256938730111564",Villar del Pedroso
"43.27643593183344, -1.8390789148607654",Oiartzun
"42.487102531349244, -5.674883472474427",Chozas de Abajo
"42.60882623159476, -1.4559494108746063",Ezprogui
"42.72906712626398, -1.4794525843658786",Unciti
"40.34184395966295, -5.86444060636651",Peñacaballera
"41.15837847904768, -3.7704437141959306",Orejana
"41.283721641971624, -3.8743896685812755",Sebúlcor
"39.05100043239297, -5.801607707036651",Rena
"39.45723438587643, -4.841532402556798",Anchuras
"40.45086759768447, -5.668228515485821",Sorihuela
"39.487737474133915, -0.742283714277409",Chiva
"41.89731697379384, -3.6757792340563036",Comunidad de Cilleruelo de Arriba y Pineda Trasmonte
"37.378978552505814, -2.3611870773116057",Purchena
"38.83014663596519, -4.0545760209856905",Caracuel de Calatrava
"41.7224649250369, 2.8346094291278736",Lloret de Mar
"40.35205742959156, -5.892443948983084",Montemayor del Río
"28.80921251803328, -17.82211071527734",Barlovento
"41.45328789482234, -3.4957088280769733",Alconada de Maderuelo
"41.05294195488284, -4.602104100913942",Codorniz
"37.31493932085515, -6.057620978400329",Palomares del Río
"39.426110558573214, -0.6663446980598793",Godelleta
"38.97406978525729, -6.413124636060159",Mérida
"42.76054867825491, 0.7077494142433096",Arres
"40.81082533081129, -5.782286292070875",San Pedro de Rozados
"43.35154480353471, -3.2299435495989113",Castro-Urdiales
"37.5220375986941, -5.092055616837245",Écija
"41.132132237564555, 0.732099193979056",El Masroig
"40.72319264562916, 0.4813547521337782",Santa Bàrbara
"39.14888170006379, -1.1097633958577005",Jarafuel
"43.30826625555241, -2.9991146360499155",Sestao
"41.79954672345406, -5.493895757073815",San Martín de Valderaduey
"42.20050694405042, -3.4896625140147943",Comunidad de Revilla del Campo y Torrelara
"39.47987036011335, -3.6890362587487386",Consuegra
"39.72281837365232, -3.4380111055047804",El Romeral
"41.46195810225306, 2.0730571306707346",Sant Cugat del Vallès
"39.296212848544165, -6.048683039516569",Salvatierra de Santiago
"37.213450789256505, -2.9553470490905336",Dólar
"40.553898208426666, -2.5664034432975376",Escamilla
"37.63551269451085, -7.301985438288202",Puebla de Guzmán
"42.33481816195277, -5.4549928438026525",Pajares de los Oteros
"40.90664995977831, -5.71931160967523",Aldeatejada
"41.122185522130344, -0.5627531948642963",Albalate del Arzobispo
"40.633881341957455, -0.9777245757319382",Perales del Alfambra
"39.68390751264807, -0.3113510334513905",Petrés
"41.4340795051471, -5.315142851745439",Villafranca de Duero
"41.72491159719135, -4.319031627167568",Villafuerte
"41.33901951352884, -0.3551326842136621",Alborge
"39.45903087851371, -2.8693193858325334",Mota del Cuervo
"42.21776676837268, 2.8617329926424087",Navata
"41.993267797671315, 1.0070882212045267",Vilanova de Meià
"43.00452645731421, -6.812820682263943",Ibias
"28.350603765535965, -16.433267520117454",Arafo
"41.51005044223078, -2.7232650542525016",Centenera de Andaluz
"42.14993944395208, -6.675668902434697",Trefacio
"39.67146779553225, -2.356676617825013",Castillo de Garcimuñoz
"41.75237544032533, 0.8338967795786949",Vallfogona de Balaguer
"42.86933709657964, -1.6340986834519813",Ezcabarte
"28.45611722812443, -16.423962172633626",El Sauzal
"43.14897918365327, -2.6480826623569347",Izurtza
"42.248088913717204, -1.1817562610294627",Biota
"41.53561181765567, -1.8358341953185662",Clarés de Ribota
"42.82913303771472, -2.511082454723801",Alegría-Dulantzi
"38.9157486258777, -3.324556994496421",Membrilla
"43.27340819851207, -8.406594269512187",Culleredo
"37.462114532943936, -6.810037007719217",Beas
"42.09833122867873, -0.6833027880294608",Alcalá de Gurrea
"42.250336873690635, -0.09090451965858266",Bierge
"41.80058240348368, -4.368520330838359",Alba de Cerrato
"40.4307635766481, -5.890830452524334",Horcajo de Montemayor
"41.01714378548483, -3.931114503517406",Sotosalbos
"37.162350299394035, -5.275122438322822",La Puebla de Cazalla
"40.99880037657829, -1.4208505309631463",Castejón de Tornos
"36.87563748499854, -2.5965113350025404",Enix
"41.755876905508956, 1.871993314410119",Sant Fruitós de Bages
"40.929154263585126, -3.6841020102251916",Garganta de los Montes
"41.10747192524636, -1.1867650511599617",Lanzuela
"39.523139150790584, -4.3230393577259525",San Pablo de los Montes
"41.90802363093748, -0.8178021205439034",Zuera
"36.94807867533507, -2.62688023578036",Terque
"40.457511020498, -1.6221026224837918",Noguera de Albarracín
"40.96754903432027, -0.5275451896779333",Alloza
"40.051748667150854, -4.5311522579111525",El Casar de Escalona
"39.59518596533765, -0.347985913474135",Rafelbunyol
"38.39426158828423, -0.7861291526551378",Novelda
"39.55702940878436, 3.1173887639284943",Vilafranca de Bonany
"40.59739196920381, -4.904618675673462",Muñogalindo
"42.67481712201197, -3.2976005788708505",Quintanaélez
"40.46594306785866, 0.17393552371706664",Sant Mateu
"42.01395639157461, 2.8123475598987757",Sarrià de Ter
"42.04413565870573, -1.8638557877071205",Fitero
"38.289594319672425, -5.842557648782843",Berlanga
"42.12372893622677, 1.7585189011835838",Castellar del Riu
"36.95595003275931, -2.507435209579703",Gádor
"41.42443259712945, 1.9303350341140102",Corbera de Llobregat
"38.90545081214941, -6.230465365799707",Valverde de Mérida
"38.53010266152465, -2.647610978893921",Bienservida
"40.515125199990095, -5.308332245386835",Mesegar de Corneja
"43.72640483626929, -7.901260497451856",Cariño
"43.09069751679624, -1.691880749443888",Oiz
"41.111930571856, -6.347925531251732",Brincones
"41.5460914012084, 1.3958945110797192",Santa Coloma de Queralt
"39.82529438355831, -3.091527469916511",Cabezamesada
"39.57473472449719, -4.676668191213149",Los Navalucillos
"39.907514213962365, -1.0273966380133908",Alpuente
"38.91463466562879, -0.16305606878439743",la Font d'en Carròs
"42.038882770017004, -5.844849981994726",Quintanilla de Urz
"38.79346110178273, 0.0314694643692722",Pedreguer
"42.40292025606244, -3.753618527933408",Alfoz de Quintanadueñas
"40.1504873771357, -1.7064661186156493",Huerta del Marquesado
"42.37761701597877, -2.6897049443376417",Arenzana de Arriba
"40.34077420263237, -3.176683783747184",Ambite
"43.099431837326655, -1.83852000196551",Ezkurra
"41.21758701931243, 1.6603530744417068",Cubelles
"38.57528425340751, -4.361146040078315",Brazatortas
"41.198404764203055, -2.8175712925317864",Cincovillas
"42.21732624603477, -0.30059793694616166",Loporzano
"42.21706665734031, -4.78368660955454",Valle del Retortillo
"40.52008721646489, -6.498705431167077",Pastores
"41.14626608992074, 1.0038840630105472",Botarell
"39.74163813024464, -4.772190065368418",Retamoso de la Jara
"41.77384074134478, -4.71473243603667",Cigales
"41.66818366109807, 1.4806985626852653",Veciana
"41.599576838994864, -3.6389178308473658",Fuentelcésped
"40.549050207108834, 0.318180458389092",Traiguera
"39.805007465564046, -2.2346284229519857",Albaladejo del Cuende
"40.088205875047464, -2.536874930189376",Pineda de Gigüela
"42.301839201969095, 3.029768957925933",Peralada
"37.41593061435903, -2.6813088849896913",Caniles
"41.12526087109247, -2.8161543779878127",Riofrío del Llano
"41.94909895648983, 0.5305907020537933",Camporrélls
"42.39247448269684, -5.912775082837889",San Cristóbal de la Polantera
"42.69245129994945, -7.083459655433809",Pedrafita do Cebreiro
"37.97747209049733, -1.503767017821058",Pliego
"28.033213406890603, -15.495383052207812",Santa Brígida
"41.04746794457598, -5.86332057228386",San Pedro del Valle
"28.168715117277067, -17.22507359586352",Agulo
"41.14872574226753, 1.1201033771151163",Reus
"41.947610367871484, -5.095989145560218",Berrueces
"41.47309657836967, -5.2865216130001595",San Román de Hornija
"41.728870954223595, -5.852100369540436",Perilla de Castro
"43.603177441992045, -5.848667005934622",Gozón
"40.932526216377596, -4.317690326071278",Juarros de Riomoros
"39.18571491833934, -1.4028061461092702",Alcalá del Júcar
"37.3530169939562, -2.0840837822597",Arboleas
"42.05939734916589, -3.8019938018269457",Santa Cecilia
"43.01894748084869, -2.485627593984883",Aretxabaleta
"42.58393760920487, -5.091411798600461",Villamartín de Don Sancho
"42.61085118926629, -2.384774567468692",Aguilar de Codés
"42.16868798192641, -3.5083859948954195",Torrelara
"37.435803300150624, -4.0674900129128435",Almedinilla
"42.14132457361983, 2.9161113421306704",Bàscara
"38.14023795145263, -3.8925860734652686",Villanueva de la Reina
"42.577829512653935, -6.019557106626621",Villamejil
"41.53460095537912, 0.8235769555596557",Juneda
"36.795415413220475, -4.823376689960549",Casarabonela
"42.967383755106134, -1.2754622787002468",Aria
"41.948755997949206, -4.857192583062146",Villerías de Campos
"40.726205487243895, -5.491993789798239",Anaya de Alba
"43.36418677872748, -3.6683258046159413",Entrambasaguas
"41.034883124522814, -4.5158361535832965",Juarros de Voltoya
"40.427231702817636, -5.338696265600367",Santiago del Collado
"39.282571770048875, -0.5231081456888984",Alfarp
"41.871589189253825, -5.014780160489235",Medina de Rioseco
"41.165505939099354, -1.2756410190818157",Villadoz
"39.62873197994959, 3.1429760339692994",Petra
"42.541320717107126, -2.6614270326843696",Villabuena de Álava
"42.38339286714049, -3.939432157265669",Villanueva de Argaño
"40.38649466547148, -0.16773682359810282",Benassal
"37.182486147726465, -3.740179786118454",Santa Fe
"36.396721651748344, -5.867386364108877",Medina Sidonia
"43.27342331235063, -2.0625429192948825",Usurbil
"42.985357307810496, -6.019026011779408",San Emiliano
"42.336455236161264, -5.894707230179511",Soto de la Vega
"40.806563781822206, -5.70075677402984",Morille
"40.80065653169152, -4.376367336150333",Ituero y Lama
"42.04683895510961, -5.060351739947204",Cuenca de Campos
"41.230562097199375, -4.966544851678313",Velascálvaro
"36.86686227324501, -3.1303879640021135",Murtas
"40.790920912865204, -3.3488245669927474",Viñuelas
"37.96583449627326, -3.9860118790998498",Lahiguera
"40.508439470265074, -4.397712842022414",El Hoyo de Pinares
"39.01713974182394, -5.552320698375551",Orellana la Vieja
"38.817554454483435, -0.011582192892615063",Beniarbeig
"41.53271071239472, -5.2929950506666685",Morales de Toro
"42.32165888784742, 0.9235982772728002",Senterada
"42.83282204633986, -1.6099131470705916",Villava
"42.76632295252078, -1.7998762392677135",Zabalza
"41.58594536654132, 1.614513972793105",Igualada
"41.588069697225144, 2.2308846692972253",Lliçà de Vall
"42.318656170904234, -2.7058460367921655",Ledesma de la Cogolla
"42.331890940552746, -4.302243059505933",Lantadilla
"42.641330542813286, -4.800921115221556",Pino del Río
"40.93090833188303, -0.9522275636141845",Segura de los Baños
"39.56238222099083, -0.525931368153461",l'Eliana
"39.11165575085889, -0.982386738707278",Teresa de Cofrentes
"41.26733174826842, -4.770229179067695",La Zarza
"42.014048861347206, -5.8212890009088465",Quiruelas de Vidriales
"40.75045694918901, -4.8807866265474145",Villaflor
"39.881427233519325, -0.5005227834512345",Navajas
"38.87816831540162, -4.451504410849283",Abenójar
"38.317586713267445, -5.244320227527251",Peñarroya-Pueblonuevo
"39.38395270914081, -2.0410374033724894",Casasimarro
"39.78774201921426, -2.43591253204539",Cervera del Llano
"39.82561750990595, -2.0651833959320713",Olmeda del Rey
"43.18020691801976, -2.0306334733858953",Villabona
"40.418458546673065, -4.060700768843253",Quijorna
"42.71852361504924, -1.777522253333476",Legarda
"41.49049723792933, -3.901497836297152",Valtiendas
"41.626769585328546, -0.4205661148138041",Monegrillo
"42.42284463265082, -3.194662673884418",Belorado
"39.992037335565804, -0.3849617720891251",Ayódar
"43.29873197955979, -8.508649991680219",Arteixo
"39.37505663829829, -2.732934824366297",Las Mesas
"42.16923148929601, 0.6693630538984513",Puente de Montañana
"28.120304667247268, -15.522486990967797",Arucas
"36.77222665844072, -3.0505481268215977",Adra
"41.36400366227102, -6.076622365028943",Bermillo de Sayago
"41.61724000927865, -5.543382727308904",Villalube
"38.730585099378224, -0.2405913475821588",Famorca
"41.60737270236263, 2.615832150100622",Sant Pol de Mar
"39.64650617898249, -6.6425159609841895",Navas del Madroño
"40.74169506368476, -0.1648094266080209",Zorita del Maestrazgo
"42.199336346023664, 3.0565935822154877",Vilamacolum
"41.05468886264364, -3.327593501321777",Campillo de Ranas
"37.90212109865884, -3.9018982832297815",Fuerte del Rey
"42.15331267071418, -2.6493687734168616",Villanueva de Cameros
"40.21111685130593, -5.007533523297177",Mombeltrán
"40.71185576269776, -4.82606565426876",Marlín
"38.24050970871942, -7.100673166113547",Valencia del Mombuey
"41.61909388867742, 1.3991542187337733",Montmaneu
"42.60294744794261, 1.1537366348650888",La Guingueta d'Àneu
"42.188700172066845, -2.518378681591098",Cabezón de Cameros
"42.042276188520425, -4.20456343806306",Herrera de Valdecañas
"41.65421624368107, -2.250180919056095",Aliud
"40.77775470235983, -0.8502604471226525",Escucha
"39.039340343459294, -0.6995644037813646",Chella
"41.37948814462246, -5.535555861056777",Venialbo
"41.59417368224487, -5.300284060274427",Villalonso
"39.13285503525833, -6.14591575985587",Arroyomolinos
"40.147552931635346, -6.042728610291642",Villar de Plasencia
"43.090899026588616, -2.120934571050955",Ikaztegieta
"42.67220207414821, -6.635366512202884",Sancedo
"40.400223537870374, -3.4750943578895064",Mejorada del Campo
"40.88057390495084, -4.872058425192709",Narros de Saldueña
"38.82697770627043, 0.015074571551210017",Ondara
"36.745097853432206, -3.4842712900124693",Motril
"40.40091027475381, -3.060354410026315",Escariche
"37.60160217817689, -6.9190161850441765",Calañas
"40.81725885859306, -4.2077464480792885",Otero de Herreros
"41.52100335482408, -2.403918874385095",Nepas
"39.7857548550009, -0.363931434443613",Algar de Palancia
"41.946411985810144, -1.712392326542286",Novallas
"37.47754481843334, -3.303724497295238",Gobernador
"37.3741560316297, -2.9511761568876493",Gor
"43.0242473049403, -2.206720304471251",Olaberria
"36.82175980732027, -4.22162660141861",Almáchar
"37.03634388620369, -4.5838716607973256",Antequera
"42.95551227793212, -1.3046020327016272",Garralda
"42.44986990464937, -8.784578976583349",Meaño
"37.11426362315082, -5.426945552674163",Morón de la Frontera
"41.40208286464614, -2.752369441669699",Caltojar
"41.88271166877709, -2.0229452239042587",Castilruiz
"41.29291856102645, 1.0404324777499219",Capafonts
"41.80351391071289, -5.839493527330762",Moreruela de Tábara
"42.046238142796945, 2.9381868283639903",Sant Joan de Mollet
"40.99172088624255, -2.370727611761562",Iniéstola
"37.87933099312826, -6.21917242513832",Santa Olalla del Cala
"41.67354222709895, -0.09241632685451595",Sena
"42.19520544449742, -5.9985702180400375",Castrocalbón
"42.34519189304425, -1.9193530265815695",San Adrián
"42.33949384862021, -8.077201983114445",Cenlle
"41.804686964328496, -2.1371844200730608",Villar del Campo
"40.12390107683359, -0.6419910861204047",Olba
"40.02138459928329, -4.583293122195034",Los Cerralbos
"38.963936816028756, -0.8104070174225146",Enguera
"43.41771894173891, -2.9327119052613626",Gorliz
"42.28705403890546, -4.231194711660491",Itero del Castillo
"39.44764892930234, -6.000128150365411",La Cumbre
"38.46245635011709, -4.634718407448713",Torrecampo
"40.64860560617613, -2.8431939366415024",Yélamos de Arriba
"41.492639998470636, 0.7607920568186978",Castelldans
"42.58782400275916, -2.9995631784805195",Fonzaleche
"42.72760535706314, -1.5905576083019513",Noáin (Valle de Elorz)
"41.014923053733064, 0.3726060900291659",Bot
"41.64096897538587, -4.953561014080275",Castrodeza
"41.354856569515384, -0.9259443140015446",Fuendetodos
"40.59590032894553, -4.443307659939456",Navalperal de Pinares
"42.05325154254708, 2.158852343731901",Sant Boi de Lluçanès
"42.11479202572657, -3.392418451446308",Villaespasa
"42.28999803985753, 0.6748916484014071",Arén
"40.95318612942613, -5.534547582627078",Calvarrasa de Abajo
"38.69573759012229, -0.3378828705482282",Benasau
"41.07940191104079, -4.907281486300619",Castellanos de Zapardiel
"41.970258480934945, -5.785412684683616",Villanázar
"39.29173572069327, -1.385945386013811",Alborea
"39.170647886523106, -2.03172888068604",Montalvos
"42.28272238585975, -3.3569270400949",Villasur de Herreros
"40.08760827396009, -5.5799156807909585",Robledillo de la Vera
"42.49274081579965, -5.841809675826837",Santa Marina del Rey
"42.46383742597403, -2.454317258574737",Logroño
"42.127834300402846, -2.129774137213465",Muro de Aguas
"42.94711336273637, -1.7125366390716634",Atez
"42.598933250126095, -1.5948028250880948",Orísoain
"39.79844251422634, -3.9182949426376106",Nambroca
"39.96632661998518, -3.864701940258378",Villaseca de la Sagra
"39.731716484473154, -0.3833363299755724",Torres Torres
"41.15664911796497, -4.779738142407116",San Pablo de la Moraleja
"37.187313562508535, -1.8314598946000735",Garrucha
"41.4810351555744, 1.6321354451933308",Mediona
"42.26796035590106, -3.9397688685542445",Celada del Camino
"39.91538813424523, -0.42073851583627936",Algimia de Almonacid
"40.46783681313723, 0.35247432614110213",Càlig
"38.79660659962647, -4.18379334343568",Villamayor de Calatrava
"39.68173090215618, -2.511202825966321",Villalgordo del Marquesado
"40.31886767779557, -3.1181064449988396",Mondéjar
"41.64591922992797, -0.20888645454561583",Castejón de Monegros
"40.49769863080288, -6.586620945119082",El Bodón
"37.715158355902716, -5.9835433482972995",Castilblanco de los Arroyos
"40.51187827342829, -0.6478074446701556",Villarroya de los Pinares
"41.97522855641043, 2.6503325868705816",Sant Julià del Llor i Bonmatí
"40.490464677573215, -3.968465363937323",Villanueva del Pardillo
"42.09792376206781, -4.238713643236118",Cordovilla la Real
"41.234842447456174, -6.330398774881398",Almendra
"40.73132246593136, -6.426881424882339",Sancti-Spíritus
"43.21907415982381, -3.7189890100459464",San Roque de Riomiera
"40.70585724970396, -3.937064144832627",Becerril de la Sierra
"40.1463855357367, -3.108812571610699",Estremera
"37.02338809538345, -5.019277048385307",Almargen
"37.123415344799774, -4.755058830948777",Fuente de Piedra
"43.255890061852945, -7.0277277562841185",Santa Eulalia de Oscos
"41.227974127720536, -3.9576623919934266",Cabezuela
"41.48299356782809, -2.555974190599831",Almazán
"40.21168889625388, -4.439860128411993",Paredes de Escalona
"41.48497923001106, -1.631062050231383",Sestrica
"43.07549143665464, -3.0782745885294354",Ayala
"40.369359643178946, -5.203586565358221",Hoyos del Collado
"39.92081161790212, -0.3448407673913463",Alcudia de Veo
"38.55567640466801, -4.172877729046234",Hinojosas de Calatrava
"42.154063396100625, -0.19591368795454311",Ibieca
"42.60697971886868, -2.892934108111149",Villalba de Rioja
"36.76984066328575, -4.222222834190765",Macharaviaya
"37.806714567296325, -5.428743139453278",La Puebla de los Infantes
"42.14232116740045, -6.410550165640304",Espadañedo
"41.2618869005109, -1.7946785729426926",Carenas
"42.845725812935164, -0.667786420198344",Comunero de Ansó y Hecho
"38.993038657462016, 1.4971208797677966",Santa Eulària des Riu
"38.024697959037276, -0.7551043029373883",Los Montesinos
"41.55015339383948, -3.708759345018374",Pardilla
"39.832001659740946, -1.480800041421122",Henarejos
"40.42033473147066, -3.892677257002712",Boadilla del Monte
"40.636917255956504, -6.770308253615423",La Alameda de Gardón
"41.84336708021972, -2.4337102937407997",Fuentecantos
"39.63658155909166, -1.3781684008858957",Camporrobles
"42.040446968684705, -5.87491274967227",Brime de Urz
"41.89714409417464, -5.609495915853659",San Agustín del Pozo
"42.15663115457638, -0.8509826940210306",Valpalmas
"40.82240176014444, -4.832401918589419",San Juan de la Encinilla
"41.985445442722366, -3.5257496709779117",Quintanilla del Coco
"41.9953682578253, -3.9648521246274426",Royuela de Río Franco
"39.94920751199396, -1.2251240289531888",Santa Cruz de Moya
"41.00328195994828, -2.219614396232352",Ciruelos del Pinar
"43.316364309575704, -3.022303042747526",Portugalete
"39.796446252539766, -6.644464128403428",Acehúche
"40.33366280980456, -2.5829209610145685",Tinajas
"38.09609153090732, -3.636764897135472",Linares
"43.68276429396781, -7.6712483216289735",O Vicedo
"41.9404026047988, -4.203562778402022",Baltanás
"41.299831353366926, 0.774299928071617",Margalef
"41.83128359758875, -1.6807609456833983",Vera de Moncayo
"38.548456159229104, -0.8133309867493379",Sax
"40.55095246814727, -5.362196337826062",Collado del Mirón
"42.73761680268636, -3.4682992272561464",Cantabrana
"43.124687123508124, -2.4288932557985285",Bergara
"42.02596609736779, -0.3820066589686039",Albero Bajo
"42.320649820512955, 0.2410416336785993",Palo
"41.987710369166315, -4.446999594982761",Magaz de Pisuerga
"41.21615109626783, 0.6226022482592786",Vinebre
"41.64878301035114, -1.2269840775250607",Urrea de Jalón
"40.08352732501271, -6.236751654773104",Valdeobispo
"36.631214229907364, -6.2349254284708095",El Puerto de Santa María
"37.23315948214969, -3.1405989000082",Albuñán
"41.72951176835367, 0.9497315873846581",Penelles
"42.61408757979199, -2.1278911337768305",Villamayor de Monjardín
"37.30539277660392, -6.312925385357482",Pilas
"36.86272236025121, -6.013794755271724",El Cuervo de Sevilla
"41.81092106689956, -5.261219797930605",Pozuelo de la Orden
"43.39554501277891, -2.8682540991557155",Maruri-Jatabe
"42.85031373544058, -2.6878723220156284",Vitoria-Gasteiz
"41.55233671961096, 1.5012265566119578",Sant Martí de Tous
"41.93582202200948, -3.075696183450913",Vilviestre del Pinar
"39.95892908752623, -0.40693386688912586",Villamalur
"41.09208565214623, -1.881658663859654",Milmarcos
"37.29083415196167, -6.617430687092595",Rociana del Condado
"42.54661126770624, -5.39085998859173",Villasabariego
"42.167219260940534, -3.058782504102981",Canales de la Sierra
"40.309256236615624, -4.223784484727634",Aldea del Fresno
"36.91635060248096, -4.116548829298793",Alcaucín
"40.431655906775724, -5.790205676301482",Navalmoral de Béjar
"43.374375406106964, -3.4146656176533057",Limpias
"41.215219970187576, -4.2549045347574985",Navalmanzano
"41.681430706023505, -2.4638763632217424",Los Rábanos
"40.78414269813086, -0.025713602657494724",Monroyo
"39.592327943800825, -3.1353741884074298",La Puebla de Almoradiel
"39.67692890884181, -0.3575160440196711",Albalat dels Tarongers
"39.15388957096293, -0.5179485832803377",Massalavés
"39.57441942214538, -0.3593452940055997",Museros
"39.03342525304186, -0.5922473880112394",Sellent
"41.31799079017773, -5.022391060658142",Villaverde de Medina
"38.31639932106618, -6.311900327940213",Calzadilla de los Barros
"41.77100638862505, 1.435800449605596",Castellfollit de Riubregós
"41.07654893538909, -1.4821882486304696",Balconchán
"42.17843434573188, -1.4643139352234638",Bardenas Reales
"40.43987342357912, -4.835929661798151",Navarredondilla
"37.055193544107325, -2.9946200265590996",Bayárcal
"42.232563409840196, -4.015658271701413",Villaquirán de los Infantes
"40.78035725439039, -3.3110277961057695",Fuentelahiguera de Albatages
"42.48259282294733, -6.7327854479377045",Borrenes
"42.38428462482478, -2.910651785268605",Manzanares de Rioja
"40.383130456893355, -4.271032592497496",Navas del Rey
"38.05064999987359, -1.3668887885379808",Campos del Río
"39.18793761931222, -0.6613567458285049",Tous
"43.19863877737208, -2.817456872577065",Bedia
"35.171972114301845, -4.299041714912062",Peñón de Vélez de la Gomera
"38.915156682503095, -5.942737426946513",Mengabril
"39.82882759352419, -1.272796120462838",Talayuelas
"40.699929792155025, -2.9741381979554666",Caspueñas
"43.185982612849436, -2.1222379138979224",Larraul
"42.310726188061096, -3.805523137456216",Buniel
"42.049567284261364, -3.977857091998131",Torrepadre
"39.43843169117692, -5.18596523132904",Alía
"40.05152156451935, -3.0380842689140355",Belinchón
"40.443427009912845, -1.9443709856663869",Vega del Codorno
"42.186194080209745, 2.213895176796699",Ripoll
"43.1211476573526, -2.054069208426639",Leaburu
"42.62320057501427, 0.3862910866812939",San Juan de Plan
"43.03409537835041, -2.0013821355847417",Araitz
"38.9457784354376, -0.3417277856788957",Llutxent
"41.69314390904153, -0.7396229891709127",Villamayor de Gállego
"40.70409891882299, -5.1439531249338915",Gallegos de Sobrinos
"40.593235060541424, -4.34917559132451",Las Navas del Marqués
"40.66784180800241, -5.014489505717103",Valdecasa
"42.28218638161264, 1.9993566302801438",Castellar de n'Hug
"39.96077001942071, -0.7743602970860061",El Toro
"40.373132731811474, -2.7626666627038494",Buendía
"42.30914761343676, 3.1138109527030746",Pau
"41.779585010897584, -2.9140232155879655",Muriel Viejo
"40.088279394555265, -0.6796909581948488",San Agustín
"39.0705172825576, -0.5487645573987603",Beneixida
"41.846691928414415, -1.435238336706355",Agón
"41.90719794236869, 2.32562009627589",Sant Julià de Vilatorta
"43.069388396722786, -3.4855919632113594",Merindad de Montija
"43.09208633199272, -8.399133634187459",Ordes
"37.247174423975856, -3.5551944630691965",Alfacar
"42.134458496087724, -2.0602000345008746",Villarroya
"41.94535902416873, -4.426502698222286",Soto de Cerrato
"43.444081062709415, -3.585241427821251",Meruelo
"40.55877334361487, -1.457510198705182",Pozondón
"38.79507713518884, -0.40063648952487835",Alcosser
"39.17771099050901, -6.625913194983998",Puebla de Obando
"42.07333888346136, -3.911739288260212",Villahoz
"40.50721441091166, -2.8732272413640096",Fuentelencina
"42.54048422689562, -5.617803957850748",Santovenia de la Valdoncina
"42.40652243587931, -3.0585159546883953",Villarta-Quintana
"42.28293665741603, -4.712961002965295",Riberos de la Cueza
"41.26334732042782, 1.4295417953440634",Masllorenç
"41.34432095104844, -4.52782621564945",Íscar
"40.23573132255407, -2.899563592998314",Aldovera
"41.98463740892436, -3.324421663679327",Villanueva de Carazo
"40.000966877196745, -6.28196999388758",Galisteo
"37.249011086391796, -4.591499696307084",Palenciana
"40.219133271936116, -1.9756561127027041",Uña
"42.38429156910832, 2.7327532616703953",Maçanet de Cabrenys
"37.30508484286206, -3.658989044822647",Albolote
"36.791948963087215, -3.6019627945270374",Molvízar
"42.36597431518093, 1.7688009368823394",Bellver de Cerdanya
"42.27745366262408, -7.745967640984913",Paderne de Allariz
"42.38889665615431, -4.376091031828203",Osorno la Mayor
"40.97745399116497, -5.810170915766777",Parada de Arriba
"41.10528368589608, -6.724903420629567",Vilvestre
"43.376422287694304, -4.182953065628281",Alfoz de Lloredo
"39.196197107872806, -1.0987609538182987",Jalance
"41.18642328324959, -4.7736094393429305",Ataquines
"41.292394235793026, -4.7172367297131315",Olmedo
"43.313200504552825, -2.8122046081776375",Gamiz-Fika
"38.9447350876672, -2.103127556416166",La Herrera
"40.325771535545066, -5.1751476264283784",Hoyos del Espino
"38.04090735868731, -6.201881144200549",Monesterio
"41.02189879571308, -5.066992619345166",Rasueros
"39.37225209576365, -6.0483804117530635",Plasenzuela
"41.89795396025064, 2.8321472061872623",Campllong
"37.35514146977033, -6.394695702420685",Chucena
"37.84324320696572, -3.999783195444466",Villardompardo
"42.366147569967744, 1.8330811016648436",Prats i Sansor
"42.26514016552204, -6.958887282805714",A Veiga
"38.91367738103199, 1.4191084493994357",Eivissa
"41.68629613957829, 0.6797097311841391",Corbins
"42.443449958758016, -8.177059173146452",Boborás
"40.38986490690273, -5.769509633873424",Béjar
"41.452731055528375, 1.665401932796139",Sant Quintí de Mediona
"42.05270296062054, -2.977295562556037",Neila
"42.00829508730633, -3.3474913222213467",La Revilla y Ahedo
"43.05784092926473, -9.193040813474168",Muxía
"42.06497525805426, -8.659272941178699",Tui
"40.54138487395611, -5.5709262296026365",Cespedosa de Tormes
"28.776521660433655, -17.79920487129599",San Andrés y Sauces
"37.47243881367116, -6.015722256111956",La Algaba
"41.84805722928281, -2.5046867227096454",Garray
"43.21545629444145, -2.7202095299498366",Amorebieta-Etxano
"39.70524340296402, -6.349236028492536",Hinojal
"40.161514870406656, -6.244054592333234",Santibáñez el Bajo
"39.921295874617904, -0.19614450507727224",Betxí
"38.276819879273994, -4.367352899968575",Cardeña
"40.28151143552966, -2.6085556403620878",Portalrubio de Guadamejud
"40.66320786445533, -1.7326821872784064",Piqueras
"43.54895460225551, -6.098203868967493",Muros de Nalón
"40.475591740342345, -6.3444631827306335",Serradilla del Llano
"40.31689824146894, -6.608989751478039",Villasrubias
"40.09564024623884, -0.37731686613953325",Ludiente
"43.49731368902757, -5.966171542283824",Illas
"42.02549437921682, -4.481781135874283",Villalobón
"41.44218184853881, 2.011913402308774",El Papiol
"42.05422213256934, -3.6939862448352563",Santa Inés
"39.85065822015882, -0.36637132816583673",Azuébar
"40.276952332539985, -1.8149283798317155",Huélamo
"40.456626793385205, -2.317288427370519",Priego
"37.44310597072393, -3.6707392655443827",Benalúa de las Villas
"42.97365388106549, -2.1620825807008286",Ataun
"42.29334951142654, -5.855990740597102",Regueras de Arriba
"42.46601721762389, -2.914157046901073",Bañares
"40.694146447228604, -6.191001720496096",Sepulcro-Hilario
"41.21804839358082, -3.5254361254966096",Cerezo de Arriba
"39.07337704914869, -0.5202919622637165",Castelló
"41.71050515304767, -6.102781679584268",Vegalatrave
"37.513419824011315, -3.220484284177229",Pedro Martínez
"42.598628195722256, -2.2340581335080545",Mues
"37.55342108923389, -5.877407280844604",Brenes
"39.760179564963344, -4.7117723357395915",Santa Ana de Pusa
"38.67323430280802, -5.450764019898804",Benquerencia de la Serena
"41.353425533736555, 1.8522878941060417",Olesa de Bonesvalls
"42.89989834669957, -3.6952057121049897",Valle de Manzanedo
"42.41053281679834, -3.262875676340314",Villambistia
"38.6099491836602, -2.789769703051608",Albaladejo
"40.27224629277812, -3.0380807100847385",Almoguera
"42.000606255021374, 0.7389198555170595",Àger
"42.682770573404945, 1.0605971939448813",Alt Àneu
"41.261582951769014, -4.986181846213837",El Campillo
"41.51784182467748, 2.261553543029219",Santa Maria de Martorelles
"39.358994066261324, -6.2598507571588025",Torreorgaz
"42.874035664022735, -5.691060591123235",La Pola de Gordón
"41.80693145255143, -3.046492641613442",Casarejos
"41.160749613742595, -2.429391997439296",Medinaceli
"41.144522846006296, -4.2788964663596785",Carbonero el Mayor
"40.61766589509672, 0.4371924685003687",Ulldecona
"41.77988729750427, -5.907374464579818",Pozuelo de Tábara
"40.571903900821, -5.27337058233481",Tórtoles
"39.68064388913628, -4.800197351774518",Torrecilla de la Jara
"38.10617852199031, -0.8500154355099092",Rafal
"36.975052451839645, -2.8552608202136684",Fondón
"42.04741546284868, 1.6348693168981683",Navès
"42.672216934322606, -4.3530309818566515",Prádanos de Ojeda
"40.6401319887984, -6.316130691358505",Dios le Guarde
"43.47757966290782, -3.557608650867643",Arnuero
"41.714084646199645, 2.421441336770751",Sant Esteve de Palautordera
"39.370264608679484, -5.38828047726121",Cañamero
"36.928370931862986, -3.595180401519867",El Valle
"42.404360836999786, -5.307875200777078",Villamoratiel de las Matas
"40.93804304990514, -3.831249810550365",Pinilla del Valle
"42.14866107456154, -4.443156633312129",Amusco
"40.383751746807086, -5.70557969547127",Navacarros
"40.44264889010484, -5.973610956108059",Pinedas
"41.44964921991508, -2.227960400771106",Cañamaque
"39.3972180984728, -0.372535674256871",Massanassa
"41.48370930706601, -5.909656890034493",Almaraz de Duero
"41.19316589595735, -1.897572101411834",Jaraba
"38.6648933138262, -0.32746259748487533",Alcoleja
"40.13200027507834, -4.524698383322055",Nombela
"43.31240897951357, -2.633789476192195",Arratzu
"41.87913013433241, -3.625165220199006",Pinilla Trasmonte
"40.41738741438756, 0.14738404079193676",la Salzadella
"37.01360135973642, -3.820644706044443",Agrón
"43.361583214116884, -1.8253340610400561",Hondarribia
"42.4140054848652, -1.981777801447175",Cárcar
"40.90243556732508, -4.1688165685853225",Segovia
"41.510455431103274, -2.908938000942927",Bayubas de Abajo
"39.67825939639203, -0.38187741757023125",Segart
"41.92662199037716, -5.014932221482581",Villanueva de San Mancio
"43.322977520481686, -2.5840217610237315",Nabarniz
"42.173748495458995, -3.611126307775756",Comunidad de Cubillo del Campo y Hontoria de la Cantera
"40.871280952816164, -5.127656607338952",Gimialcón
"42.03061998150821, -3.4993532112617145",Retuerta
"39.29415484169965, -5.869033723401876",Puerto de Santa Cruz
"42.34068852831089, -2.7586288966345425",Baños de Río Tobía
"41.90610377357912, -5.6746855608306435",Villaveza del Agua
"41.35948819633663, -1.0260541543051696",Villanueva de Huerva
"40.5061841887955, -0.1994417841623568",Castellfort
"40.071721910225925, -2.0237330400922136",Palomera
"42.52483801798421, -4.973776271072775",Cea
"42.17263713167924, -7.56162933265854",Vilar de Barrio
"42.516233830656624, -4.407934879917045",Villaprovedo
"43.2856121367296, -3.7177144509460125",Miera
"41.70178562585529, -2.004666340160006",Noviercas
"38.159228392858694, -5.941543907525527",Reina
"41.811614680445636, -5.751883989286775",Granja de Moreruela
"41.299378543775134, 1.8116999997670433",Olivella
"36.35897400194983, -5.363160996787776",San Martín del Tesorillo
"37.69665510661207, -4.854475904110876",La Victoria
"37.22959047474106, -4.0070849540875155",Villanueva Mesía
"40.93947875149012, -3.241534187244255",La Mierla
"41.5662687539543, 0.6176182378122171",Albatàrrec
"41.688633304269814, 0.9666836365323449",Ivars d'Urgell
"36.94546927980799, -2.5751152834466158",Alhama de Almería
"41.367861187995, 2.0187314320263394",Santa Coloma de Cervelló
"39.88326003094542, -6.5592077027133",Portaje
"40.29929768529363, -2.074329488692771",Portilla
"36.95765820772052, -3.278820289742576",Busquístar
"42.07695537866796, 0.02792079391756767",Pozán de Vero
"42.77984332591684, -6.61780052639871",Fabero
"42.26709252901599, -6.4157266764588075",Truchas
"41.70743884361199, 0.8902867077256161",Linyola
"41.34322421017526, 0.5063995521138164",Maials
"41.90213495552204, -8.861576569201562",A Guarda
"40.549766211803124, -5.740136574591915",Fuenterroble de Salvatierra
"40.489025240332786, -6.6745850730072585",Ituero de Azaba
"41.09071563025258, -4.447532177597084",Nieva
"41.158882945192715, 0.7595891096063633",Bellmunt del Priorat
"41.24180605560114, -4.685522149142943",Bocigas
"42.93208510230326, -2.2843777362190263",Parzonería general de Guipúzcoa y Álava
"42.14011997859889, -3.656311364469716",Madrigal del Monte
"41.74180491687191, -3.6300527148704655",Villanueva de Gumiel
"42.40243342372956, -4.179092462606636",Padilla de Abajo
"39.92890055076901, -0.6862752356225323",Torás
"43.502533955801276, -7.433715065366889",Alfoz
"41.09371983694521, -6.178691324825567",Tremedal de Tormes
"38.14320934189393, -2.3605704667988356",Nerpio
"38.85471601113407, 0.017792348524907964",els Poblets
"38.76142876015638, -2.9632475799399334",Fuenllana
"39.740803283189486, -2.507975014080416",Montalbanejo
"39.713743230185734, -2.2305582483196273",Valverde de Júcar
"37.23637714043181, -3.5384489891795576",Víznar
"40.67082895264277, -1.673977630745583",Adobes
"41.2188087366938, -3.0570040103659983",Albendiego
"38.880565492251534, -5.722812986041402",Magacela
"43.25179153037485, -2.8855449741234254",Etxebarri
"41.72835165497307, -1.0870581188197546",Pinseque
"40.31247457871885, -6.1571354386679396",La Pesga
"40.47229678756167, -2.3994722749591006",Albendea
"39.799148700487805, -1.7026284829397274",Cardenete
"42.567245456188076, -0.14056998633652842",Broto
"41.90653782569294, -7.416300947198928",Verín
"40.82201173716244, -6.804966506349897",La Bouza
"37.33213480848889, -5.3644040540670614",Marchena
"39.953514231159616, -4.849513981193468",Talavera de la Reina
"42.27421154705937, -5.100965740324433",Melgar de Arriba
"42.04338566033632, -5.326391552830435",Valdunquillo
"38.830798300120215, -0.05092209122870881",el Ràfol d'Almúnia
"41.041248136242224, -4.9746062154944655",Bercial de Zapardiel
"40.94185657075778, -5.083778296704954",Flores de Ávila
"38.07243674869551, -6.338242421112415",Calera de León
"42.571238253585925, -2.637456098891766",Leza
"38.334075093813446, -5.600659061712396",Granja de Torrehermosa
"41.469325574244884, 1.5387575732094236",La Llacuna
"42.17130468873944, 2.801193784543884",Esponellà
"37.18591930393482, -3.4901986732828623",Dúdar
"37.24164019166935, -3.6302119412227514",Peligros
"37.80918547612666, -3.7513324539723656",Jaén
"40.36138399193604, -3.3089288114292876",Pozuelo del Rey
"42.5151002741385, -4.523901636053245",Villanuño de Valdavia
"40.67726884167339, -0.7695525454301217",Hinojosa de Jarque
"41.299751403957536, -5.663145684335339",Cuelgamures
"37.13787528032737, -4.0386405254229425",Salar
"43.02876922769684, -5.290190675179048",Puebla de Lillo
"37.77748877327486, -0.966935181965751",Torre-Pacheco
"42.73690790176203, -0.9953225389582054",Burgui
"42.91289572195533, -1.9368382970036075",Irañeta
"38.84912020464494, -0.3822612031142229",Salem
"42.04255203167436, -3.364545712898772",Barbadillo del Mercado
"40.53387671283218, 0.1343551092221597",Xert
"37.93352939502297, -4.4901968929359946",El Carpio
"42.44303313173527, 1.0802703423705564",Sort
"42.946101402251244, -1.5271897395494411",Esteribar
"41.70413464460563, 1.9069866088367189",El Pont de Vilomara i Rocafort
"42.54296090915754, -4.2569351744540915",Zarzosa de Río Pisuerga
"37.27792413803865, -4.47527718368276",Encinas Reales
"37.224915473395086, -3.0426085913714136",La Calahorra
"41.08967790321059, -2.8440917894436675",Rebollosa de Jadraque
"40.592190917181995, -3.3045092944112353",Villanueva de la Torre
"42.3454925675458, 0.09402380213336595",Aínsa-Sobrarbe
"38.014077124757684, -3.5768426799882773",Lupión
"42.32587227351138, -4.8772375537549895",Población de Arroyo
"40.74091029638877, -5.36415527761995",Pedraza de Alba
"43.21085384708422, -3.9536039698641456",Corvera de Toranzo
"43.22766125692894, -4.493212131644901",Lamasón
"41.206644932214864, -3.7357218009223274",Castroserna de Abajo
"41.164097496061686, -1.1444754230959333",Luesma
"41.18520779094219, -1.4994036443398697",Villafeliche
"41.50301923121613, -2.194916514551959",Serón de Nágima
"37.82585294040773, -3.912651721664708",Torredelcampo
"42.8303857083803, -6.966601035857753",Cervantes
"40.33215356208066, -3.2408790730934895",Villar del Olmo
"28.354577626933605, -16.58568582691793",Los Realejos
"41.39268293186852, -4.481767120280705",Mata de Cuéllar
"37.650172857082524, -6.447577571465712",El Madroño
"41.26896363492084, 0.9179349843627715",Cornudella de Montsant
"40.82228427874812, -1.481417990992217",Blancas
"42.81373751073906, -2.9916164895721518",Añana
"38.14377358293602, -0.8999428530734407",Cox
"38.67000645210534, -0.1684703310692361",el Castell de Guadalest
"42.12751089076731, -3.585001671164025",Cuevas de San Clemente
"42.04484462911809, -3.2747387393432335",Salas de los Infantes
"40.26815213417706, 0.07268474148276789",la Torre d'en Doménec
"42.5190539975809, -2.837372549011803",Rodezno
"42.903294998482494, -1.7065829619794814",Juslapeña
"40.92299656113002, 0.20519345427345018",Cretas
"40.06782117704954, -4.641322638312122",Cardiel de los Montes
"39.39637082715064, -0.3946837879759329",Catarroja
"41.153033464854204, -1.2387892938209364",Badules
"37.43569639372596, -3.3120375207796804",Morelábor
"38.41688427513546, -2.679019978056253",Torres de Albánchez
"42.474097010026064, -2.6541401516368337",Cenicero
"42.519317899075276, -1.8411953287068554",Berbinzana
"41.983253513471986, -4.565155526321434",Palencia
"40.049020388868996, -6.218159470212981",Carcaboso
"41.94177260562406, 2.562671024830541",Osor
"40.66317984615914, -2.9617802224466483",Valdeavellano
"41.98704309577311, -2.0706720589146017",Valdemadera
"38.4692025331356, -1.3098087299611267",Jumilla
"39.079709407723016, -1.370422968019753",Alatoz
"38.73749989838316, -0.4468903920707766",Cocentaina
"39.86440312375004, 4.2858773807004145",es Castell
"39.141358435256286, -6.4380828986883865",Cordobilla de Lácara
"40.80222330680555, -4.667610147314238",Pozanco
"38.550347732778405, -6.439719790555116",Fuente del Maestre
"41.57073433427656, 2.5237849975216218",Caldes d'Estrac
"40.559383603152845, -2.053030277567037",Beteta
"41.112048772523345, -2.9419475786232625",Robledo de Corpes
"42.429170966379274, 0.39513143171767967",Campo
"42.254846100995444, -5.4450737426907585",Villabraz
"40.87853347946459, -5.357776547817087",Coca de Alba
"37.282540881991494, -3.898140559527375",Íllora
"39.32092978366342, -4.036099910417108",Los Cortijos
"40.52180070286563, -3.891982270150171",Las Rozas de Madrid
"39.51493486703784, -3.1033326785871855",Miguel Esteban
"38.96881839421591, -2.765317318926272",Ossa de Montiel
"39.819459331082015, -0.3763148623479809",Soneja
"40.057848287249776, -0.638546996323293",Villanueva de Viver
"43.389584771945245, -3.36537650420168",Liendo
"37.306313809581816, -6.108308714652062",Almensilla
"40.89028699640268, -1.1465141759981956",Barrachina
"41.24239207034282, -5.497796010281302",Fuentesaúco
"40.14342018342971, -5.541580672955137",Viandar de la Vera
"40.60908242963704, -2.4836426960798055",Peralveche
"41.52017245022468, 0.5882165185327303",Sunyer
"42.20996588514375, -4.8701702795742",Cisneros
"40.79908926418152, -6.400504981947308",Retortillo
"41.859228020968885, -2.117726113126166",Trévago
"39.7712447133993, -0.3468360436515177",Alfara de la Baronia
"41.47088888573957, 2.2799490393811785",Montgat
"38.6339540280709, -0.9139064786220216",Villena
"42.32912412031963, 2.866480367122863",Boadella i les Escaules
"41.78127117319183, 2.5869056594147555",Sant Feliu de Buixalleu
"42.63510297647344, -6.177459288493983",Villagatón
"41.71226744421059, 0.702946164413819",Torrelameu
"42.437125352515984, -8.619733430997337",Pontevedra
"43.117351434048956, -3.8286472699594443",San Pedro del Romeral
"41.868287580550685, -2.4200351417895147",Fuentelsaz de Soria
"40.33926867487414, -4.489348512137769",Navahondilla
"40.21405066599359, -4.997790488400727",Santa Cruz del Valle
"38.554896944709235, -0.1288871685344839",Benidorm
"40.82775370653919, -4.729242788400417",Gotarrendura
"37.983417366360655, -4.1220600655401",Arjonilla
"42.59521157541566, -4.445965020936749",Sotobañado y Priorato
"43.27133642730765, -4.031101254718277",San Felices de Buelna
"37.39288570486715, -2.3489480908724563",Urrácal
"41.360280461957586, 1.6661842686564579",Pacs del Penedès
"41.581253645283546, 2.5081570859942377",Sant Vicenç de Montalt
"42.27972538276382, -4.0856554192372245",Villaquirán de la Puebla
"39.78468914957844, -6.939658940686395",Piedras Albas
"39.9699902840689, -0.6057444148097026",Benafer
"40.64434503059143, -0.2624274588583441",Todolella
"40.75914712284262, -3.175126331920253",Yunquera de Henares
"43.29350546328178, -2.3990112697378834",Mutriku
"42.15874785184378, -5.9395959693336",San Esteban de Nogales
"41.458350058778635, 0.359551430866316",Massalcoreig
"42.622817020300175, -3.002043838807112",Cellorigo
"42.47516416577212, -1.4916423508436571",Ujué
"40.70828840181202, -6.005749856859167",Berrocal de Huebra
"40.48688798623922, -5.783363472848016",Valverde de Valdelacasa
"39.9466868157751, -3.5124720031581522",Ocaña
"43.21740028987229, -3.059771169338392",Güeñes
"41.70943233452347, -5.695215018891332",Pajares de la Lampreana
"39.07565221623445, -5.005233111801625",Garbayuela
"39.665028549541816, 2.8179355236073387",Consell
"41.64595731484524, 2.355126350638629",Cardedeu
"39.11783944745221, -1.468242790918692",Villavaliente
"40.736394696935186, -5.085436348188331",Mirueña de los Infanzones
"37.28020707645199, -3.6278397642148033",Calicasas
"43.059169507953484, -2.1632575975587263",Arama
"40.1374874547248, -3.33386104004321",Belmonte de Tajo
"40.36861642712714, -3.2060663278307806",Olmeda de las Fuentes
"42.89940958503385, -1.1511941593307484",Jaurrieta
"42.30675768610584, -7.966315643391141",Toén
"41.154624081869315, -1.4546161010699488",Manchones
"41.13546015426328, -6.559922285142193",Cabeza del Caballo
"37.49956263054554, -5.347879511203223",Fuentes de Andalucía
"42.89819419660777, -3.8574204045806124",Alfoz de Bricia
"41.79219053825535, -3.4336025008432327",Arauzo de Torre
"36.78064807822584, -3.187862477937991",Albuñol
"37.58497530099808, -3.6530207693999897",Campillo de Arenas
"43.543898798556704, -6.229189602574544",Cudillero
"41.39394280370958, -3.992927232680683",Fuente el Olmo de Fuentidueña
"37.053068760168756, -5.790061279121428",El Palmar de Troya
"41.30784316258313, 1.5553592834460264",Sant Jaume dels Domenys
"41.0653223968311, -1.0679302542178626",Loscos
"39.136973411534406, -0.45077187305347627",Alzira
"41.121814814194785, -1.287314941211548",Romanos
"41.5961855753683, 2.33483260974807",La Roca del Vallès
"39.33140522772286, -5.91730659256402",Ibahernando
"41.1367382190919, -1.949858728269677",Algar de Mesa
"36.82145693443425, -5.293242262817818",Montecorto
"40.618097028820834, -6.492322034587587",Ciudad Rodrigo
"37.693432829134345, -6.317008505985782",El Castillo de las Guardas
"37.93980862181882, -5.84247304118875",Cazalla de la Sierra
"41.939378960283626, -2.5316662324174684",Rollamienta
"40.786920271430084, -1.01303311510894",Pancrudo
"41.43518914089782, 1.85898670976227",Gelida
"42.878962155513136, -2.3928890502892037",San Millán
"38.14037772794584, -6.727685519753929",Higuera la Real
"42.16845590774635, 1.785071444031426",Fígols
"43.26113523003778, -8.878464968234233",Ponteceso
"39.682856898250044, -2.037704342533002",Barchín del Hoyo
"40.49135668871369, -3.0777767125953805",Aranzueque
"42.281538457652154, -2.4281298627589876",Soto en Cameros
"36.8213831111755, -4.25123197478166",El Borge
"41.93362952841112, -7.961475029247811",Muíños
"41.86836858794052, -4.2134930655978735",Villaconancio
"41.017489406634915, -5.763447710963842",Florida de Liébana
"41.14440733032972, -4.188709193907895",Mozoncillo
"40.523256994284516, -1.5684243715915422",Bronchales
"40.181160297739346, -1.085445297570686",Valacloche
"37.2256831372558, -7.287247371503038",Isla Cristina
"37.85452937651736, -6.606843275696776",Linares de la Sierra
"42.711374138109235, -6.400442854675239",Noceda del Bierzo
"39.1906762555837, -0.37230982716565375",Polinyà de Xúquer
"41.74163876454826, -5.343127945248878",San Pedro de Latarce
"41.63875205537521, 1.8533554118265152",Castellbell i el Vilar
"42.023622597864325, 2.226562984428339",Les Masies de Voltregà
"43.262485818530536, -3.0989522540009258",Galdames
"41.47368145391282, -5.436207040062687",Toro
"38.65807327190877, -2.9093289189992544",Montiel
"38.262872378672355, -4.798742924950668",Pozoblanco
"42.55043562880909, -6.733163658682606",Carracedelo
"41.58776612721912, 1.2705735401187992",Montoliu de Segarra
"42.09488042889923, 1.322968277780255",Oliana
"40.359912234543344, -4.327977025292615",Pelayos de la Presa
"40.988629330601256, -5.548159399103012",Aldealengua
"40.88830029658195, -6.3070388105496225",El Cubo de Don Sancho
"40.51602543167409, -6.53676898580086",La Encina
"40.37248055566059, -6.602303020806517",Robleda
"41.05940131773882, -4.0518293557616065",Adrada de Pirón
"41.42369138292311, -3.869558526088908",Castro de Fuentidueña
"41.16496390781492, 0.706823933747502",El Molar
"40.48047557367051, -0.3251892059652911",La Iglesuela del Cid
"38.98733980014892, -0.5737487646199523",Torrella
"41.97414580253512, -5.473039754852536",Vega de Villalobos
"38.642956710587185, -6.765673086844415",Torre de Miguel Sesmero
"38.708340751429944, -6.409463524806697",Almendralejo
"38.65400420374837, -7.120793631826074",Olivenza
"39.757900283316815, 3.0855939513370636",Muro
"41.166625184261996, -1.9268530139906785",Calmarza
"41.20227819368565, -1.7762147609468584",Nuévalos
"38.82426971932506, 0.0796621668513739",Dénia
"37.029026699859585, -2.2622262238666355",Turrillas
"37.1001245932597, -2.0895464357350315",Sorbas
"41.267571641319726, 1.6338204041813142",Castellet i la Gornal
"40.24309778815882, -5.504814152290472",Navalonguilla
"40.48972370600868, -5.376350075211305",San Bartolomé de Corneja
"36.72808473298402, -5.2855988300752",Montejaque
"40.433483496366605, -0.6980891836183014",Gúdar
"38.908439844593346, -0.4814136033586721",Benissuera
"38.853296907705484, -0.49084385081112714",el Palomar
"40.67889495038699, -4.881179180332306",Sanchorreja
"37.84956303703935, -6.655781269846462",Alájar
"40.79919120980268, -5.590867638180339",Martinamor
"39.95208709820195, -5.129946243453571",Torralba de Oropesa
"39.459161901815165, -0.4302306683115236",Xirivella
"40.97603002914933, -3.320324572936284",Valdesotos
"42.0363075234365, -2.207926966280851",San Pedro Manrique
"40.73295469322459, -1.4762597125402226",Ojos Negros
"41.197466309297376, 0.15707361383275747",Fabara
"42.06944380622095, 2.051159081366636",Lluçà
"39.75111982876892, -4.939190775455678",Belvís de la Jara
"40.276698669264405, -5.083016454267124",El Arenal
"39.033024063287584, -2.2048633809202816",Barrax
"37.66716011836235, -4.831913270308595",San Sebastián de los Ballesteros
"39.49772165120809, -2.4986985253603873",La Alberca de Záncara
"41.019108735000174, -6.424913825917592",Vitigudino
"42.09657304093313, -7.803258760179884",Vilar de Santos
"40.58310961961154, -0.9599009504257675",Orrios
"40.89935167919013, -1.0114228433333265",Villanueva del Rebollar de la Sierra
"39.52030846794232, -0.5604098253710377",Riba-roja de Túria
"39.123722674710244, -3.948387344888625",Fernán Caballero
"42.890999827575186, -8.646175819074326",Ames
"41.834061073329195, 2.808697338768135",Caldes de Malavella
"36.781750873047756, -3.384050425856019",Lújar
"42.338642950510426, 0.7202995740993756",Sopeira
"39.614717313978524, -2.4170804152568506",Pinarejo
"39.47868132007038, -2.0223833264108597",Pozorrubielos de la Mancha
"41.365842431163884, 0.6506427712974737",La Granadella
"38.16409002663514, -1.2874150137209983",Ulea
"28.33214126740548, -16.751302039753764",Garachico
"40.942537619610476, -1.2416235871100547",Calamocha
"41.114358022912306, -1.2311718400104863",Villahermosa del Campo
"38.949858066190394, -0.5859185118884551",Canals
"41.642397613078764, -1.3542746874665605",Lumpiaque
"41.31928875152278, 1.7244732284386846",Olèrdola
"42.466281932689306, -4.023022506070569",Villegas
"42.1218280650363, 2.730340604838117",Porqueres
"42.24347421376237, 2.6207966400448703",Tortellà
"37.147287399013756, -3.1383808544118175",Lanteira
"40.826561786153995, -1.748849602847272",Castellar de la Muela
"43.17761664477922, -2.411417280747291",Soraluze-Placencia de las Armas
"41.8973850207072, 0.33068383777378485",San Esteban de Litera
"37.83971810398308, -3.5165254604387766",Jimena
"42.42144837717751, -2.8181364437842347",Alesanco
"42.47858189888049, -1.9597183258081075",Lerín
"42.6562530401313, -4.393786095340622",La Vid de Ojeda
"40.791246700024715, -5.287277504255013",Santiago de la Puebla
"41.29815524369877, -1.9017170274360207",Alhama de Aragón
"41.33214952948858, -0.7063554402556795",Belchite
"42.6572947841953, -2.822156590569784",Zambrana
"38.5211904304903, -0.2514879603611923",la Vila Joiosa
"40.02388324263183, -6.700419218288821",Moraleja
"40.23938429073022, 0.09034729965628309",Vilanova d'Alcolea
"40.749820739509836, -2.5859307050407296",Cifuentes
"37.70257912621432, -3.2462811143647667",Cabra del Santo Cristo
"42.72849693855623, -4.497006260777524",Payo de Ojeda
"40.82574900742677, -6.331594392391585",Boada
"41.039438782569256, -5.95597131871088",Villarmayor
"43.024208035648954, -4.250814203202097",Hermandad de Campoo de Suso
"41.451534943281345, -4.012102691771124",Calabazas de Fuentidueña
"41.69211701877301, -2.8790533518926273",Blacos
"41.49101206728989, -2.367747755126912",Escobosa de Almazán
"41.285266154151714, 1.5446673067447103",Llorenç del Penedès
"41.07283491385349, -0.8832595386445555",Blesa
"39.89293789625978, -3.537525188022204",Cabañas de Yepes
"39.90215007123058, -0.9445873282604762",La Yesa
"41.262399777580626, -1.8710527269402495",Godojos
"37.01333233997247, -3.344223032090359",Capileira
"40.90214023768606, -2.2207042267113795",Ablanque
"42.587855968386684, 1.2685954432868998",Esterri de Cardós
"42.0982651157711, 0.8504964492252177",Castell de Mur
"40.925041393762136, -4.958771934577246",Fontiveros
"39.71592258734036, -5.350175793528261",Garvín
"42.68407667928171, -8.785680192547867",Rianxo
"39.98758287545568, -2.7989609089453027",Rozalén del Monte
"37.430721825139045, -3.4049485984112984",Píñar
"42.497238388265494, -6.564176765692746",Ponferrada
"41.4205701120126, 0.699187449243909",El Soleràs
"43.13377151869787, -7.080238104666463",A Fonsagrada
"40.964167879997575, 0.016073033700310244",Valjunquera
"42.67305734063831, -2.9636552993873897",Miranda de Ebro
"42.60358123843476, -3.2238638104285293",Zuñeda
"40.43722167508876, -6.310616448194591",Casares de las Hurdes
"41.86602726043291, 3.1303007913908036",Palamós
"41.98271059555782, 3.1689054493330993",Pals
"40.45311282377763, -2.8747403047499938",Valdeconcha
"43.669096680898335, -7.511390174666067",Xove
"42.913185558458906, -2.1829785207096704",Altsasu
"40.536566025607, -5.960317966155789",Valero
"38.04387916237416, -5.624123421353072",Alanís
"42.17792142120002, -3.5720886317484513",Comunidad de Los Ausines y Revilla del Campo
"40.96526566999176, -6.2422797233071305",Cipérez
"40.53568085603265, -5.808095558257186",Los Santos
"39.255361246376914, -0.6084561795859202",Catadau
"41.89006115609861, -3.1118980888525027",Valle de las Venadas
"39.80947310204648, -1.9202295393550004",Monteagudo de las Salinas
"42.33073047138221, 1.8591795125742077",Urús
"40.635214242286395, -1.8646266167143453",Megina
"41.530162482619225, 0.5195946189934291",Torres de Segre
"43.51229840912439, -7.112790120812632",Ribadeo
"42.80066087358878, -1.8091496577713198",Etxauri
"43.1032097609403, -6.551973019957187",Cangas del Narcea
"40.22738246775379, -1.4956071099895585",Toril y Masegoso
"40.28623980244392, -4.9595115795121725",San Esteban del Valle
"40.298182308864845, -2.4214201102066237",Olmedilla de Eliz
"40.84753139972562, -4.118337642023828",Navas de Riofrío
"41.19966444036299, 1.1004830144120845",Almoster
"38.45653640172376, -6.5223076595085505",La Lapa
"40.89036893571369, -6.139675772393231",Garcirrey
"41.00545268247503, -5.7077858309540455",Villamayor
"43.404107601119854, -3.5077979309733167",Bárcena de Cicero
"41.23565212398094, -0.34113654424495427",Castelnou
"39.50734932504027, -0.36436679202261374",Tavernes Blanques
"40.39100996393558, -5.066655745377888",Hoyos de Miguel Muñoz
"40.17699704781416, -5.999698034007932",Jarilla
"39.667035674186685, -1.6279895809507645",Enguídanos
"36.57464336987229, -5.289000565351978",Algatocín
"36.737073319479116, -4.642765928474797",Cártama
"42.722996821218516, -4.840690073224307",Villalba de Guardo
"39.01719988345237, -0.6168788105650225",Estubeny
"41.545209635961754, -6.14353750360838",Villadepera
"42.8378676256722, -5.166828834166408",Sabero
"41.43993156719703, 0.9759099383935872",Vinaixa
"40.8337218165278, -3.5003007601987512",Torremocha de Jarama
"43.2718833571292, -6.868816930974235",Pesoz
"41.751683598020236, 2.102718517312998",Castellterçol
"41.47534634131576, -1.5664429886321938",Morés
"42.01565570860618, 2.237840948115064",Sant Hipòlit de Voltregà
"42.632854033831265, -3.3019121349809923",La Vid de Bureba
"39.26344932915152, -6.2108820484694505",Albalá
"42.207758053436606, -0.7352350110178669",Biscarrués
"42.29274783835536, -5.90627746116092",La Bañeza
"43.206475941562545, -7.85622068294555",Guitiriz
"40.58562764891552, -4.094860354964409",El Escorial
"40.74768107445421, -3.78820179296843",Soto del Real
"37.13525981299471, -4.69090764861702",Humilladero
"42.63542248448849, -4.522332348351232",Revilla de Collazos
"42.27659555232068, -8.812371648227076",Cangas
"41.0186442991592, 0.5016921185698232",El Pinell de Brai
"39.98509155642986, -5.214791941442375",Oropesa
"41.772057650750334, -1.5303959384662824",Ainzón
"38.66248033121787, -2.056674516537171",Alcadozo
"41.642980393019194, 1.505080002765685",Copons
"41.11974297401058, -5.414803482654316",Espino de la Orbada
"39.012967742166985, -0.42199484330652876",Barxeta
"39.01131158606851, -0.31341251500220374",Barx
"39.74576145537024, -1.210247423393672",Sinarcas
"38.994928627245756, -5.7350538934852",Villanueva de la Serena
"37.176578721026615, -2.1868127228323364",Uleila del Campo
"40.135476320418135, -6.690263439740601",Perales del Puerto
"37.84929947594361, -4.7017687057332225",Córdoba
"40.36251668877681, -1.8440723464130118",Tragacete
"42.2645722719235, 2.252554284665369",Ogassa
"42.4113684929421, -5.454285652739999",Corbillos de los Oteros
"41.7382574661515, 0.7300910845902812",Menàrguens
"39.99487616133485, -3.67888750130051",Aranjuez
"42.36271331953253, -7.562007080016269",Parada de Sil
"40.54899059414874, -1.6384174192439962",Orihuela del Tremedal
"41.16766163346354, -1.012876532877447",Villar de los Navarros
"42.30952454445812, -3.2872578587158006",Rábanos
"40.44373236161044, 0.4026370229829862",Benicarló
"38.66010202212746, -3.087291664180113",Cózar
"39.29908071794328, -3.04251223041362",Arenales de San Gregorio
"38.2761640071898, -4.629672513153301",Villanueva de Córdoba
"39.47118983252583, -1.632532988797907",Villalpardo
"37.87183391620176, -6.557142937364705",Aracena
"37.69062466592491, -6.873552514157426",La Zarza-Perrunal
"38.01169513199786, -3.2407227621135153",Torreperogil
"28.192441009136022, -16.504267187656957",Arico
"40.01471975116224, -1.0624354971868697",Arcos de las Salinas
"39.74259860095423, -1.0171985247862771",Chelva
"39.52400709752216, -0.467555631207172",Paterna
"42.02077783923263, -3.2057087185758486","Ledanía de Castrillo de la Reina, Hacinas y Salas de los Infantes"
"35.91376193009577, -5.418581453792937",Isla del Perejil
"38.71153066498833, -5.830374326500012",Valle de la Serena
"41.514405730710834, 2.203177200986704",La Llagosta
"38.88697850383996, -2.1376181203178293",Balazote
"39.85442235436282, -0.44857129887035513",Castellnovo
"40.591645891387714, -3.2455403980906468",Alovera
"37.994014783181754, -6.5007616715553125",Cañaveral de León
"41.89263766392767, -0.04224248167393441",Peralta de Alcofea
"40.50090121619322, -6.059814087490525",Mogarraz
"40.95046185207032, -4.218421286118247",Valverde del Majano
"39.79881692520658, -4.2456771166074745",Polán
"41.98282030965753, -6.89094887700417",Hermisende
"41.772270568205045, -1.1230728251879587",Alagón
"42.16420701919497, -4.149422660261316",Villamedianilla
"38.9615798466621, -4.6033934724280865",Saceruela
"43.01118339931717, -8.53899094195779",Trazo
"42.44410792999383, 0.9726944757690099",La Torre de Cabdella
"40.578876453584954, -6.63397162995631",Carpio de Azaba
"41.100306191060334, -6.395826339141622",Sanchón de la Ribera
"41.03671239696802, -4.049113734068888",Brieva
"41.18770268835665, 1.0341022889631981",Maspujols
"40.40575637945704, -0.6047126657530438",Valdelinares
"39.36467879573169, -3.7298895677200803",Urda
"39.720260235017854, 2.8584709196761993",Lloseta
"39.17030377548986, -1.7767274967959734",Motilleja
"40.56181944194722, -2.651133954590674",Pareja
"41.73340420856121, 1.3587283946934265",Sant Ramon
"43.468339325074815, -5.284419636654651",Colunga
"41.99019131615677, -5.741327486592363",Santa Cristina de la Polvorosa
"41.2262293329914, -1.5480433898237378",Fuentes de Jiloca
"41.029929249158975, -1.5806448044075372",Used
"42.40948421355164, -3.09877741170114",Bascuñana
"40.02068831151238, -0.42561250418251034",Fuentes de Ayódar
"40.37469991676707, 0.2733075983811315",Santa Magdalena de Pulpis
"40.44092756033579, -3.115533203672447",Loranca de Tajuña
"41.0872278869014, -2.809065115307065",Santiuste
"43.1480026806213, -2.4827273835232044",Elgeta
"42.243152616513306, -5.911119495874935",Santa Elena de Jamuz
"41.6524411669329, 0.9708985671533941",Castellnou de Seana
"40.58893107730221, -0.8149812215749654",Aguilar del Alfambra
"40.320602735578575, -1.3334768757028888",Bezas
"40.925831547082076, -0.8406413364333651",La Hoz de la Vieja
"41.625341316379846, -5.481381658056037",Fuentesecas
"42.05988950437092, -3.326846321316321","Comunidad de 09076, 09498 y 09578"
"38.652635949344784, 0.044234539704594844",Calp
"40.308205877979994, -4.653842605255912",La Adrada
"40.96915281683928, -5.018902309436014",Cisla
"40.940196058293495, -5.2182445600715575",Aldeaseca de la Frontera
"41.53611304042263, -6.195829729496727",Villardiegua de la Ribera
"42.53982168937834, -0.9407077980877634",Bagüés
"42.40190478578758, -3.3897998516128793",Arraya de Oca
"41.96314076314776, -3.659394302818278",Solarana
"43.167089136019655, -8.483332639145994",Cerceda
"43.50983916186871, -8.270388831938174",Ferrol
"39.63369745754658, -2.5308301913169546",Villar de la Encina
"40.72787440623598, -3.4226974096358216",El Casar
"42.3029385250565, 1.2423346776163198",Les Valls d'Aguilar
"40.47673723197355, -5.680049561931454",Nava de Béjar
"41.57439791095864, -5.599936145347119",Algodre
"42.204222997773805, -3.482629346262546",Comunidad de Villoruebo y Torrelara
"42.777336931352075, -3.375149536290085",Cillaperlata
"39.77440895094451, -2.2812890980514013",Villaverde y Pasaconsol
"42.152997615424106, -5.846707795770768",Alija del Infantado
"42.797103380665874, -5.117670368392514",Cistierna
"42.402697469224, -2.3095981612118854",Murillo de Río Leza
"41.21180779614769, -5.88709315025326",Santiz
"41.24725967261786, -4.641508605938746",Fuente-Olmedo
"38.92396135215785, -4.191592628845667",Los Pozuelos de Calatrava
"41.59916354519172, 1.2126020422688968",Montornès de Segarra
"42.36449999869835, -2.670361257131039",Bezares
"40.3188024895342, -3.89035100214023",Móstoles
"42.26662737514294, -4.405233654505406",Frómista
"40.2940566033922, -6.7349573439149015",El Payo
"41.375497480026624, -3.9988964452510154",Fuentidueña
"40.71237486728381, -1.2716214664098882",Bueña
"42.14757702896425, -6.268677793228926",Justel
"41.32337334318819, -2.044902921100812",Ariza
"41.340313887320626, -0.6813816562389658",Codo
"42.44250194182735, -3.3243074398646404",Valle de Oca
"40.948953826462024, -2.6700906146274455",Algora
"43.16833404513531, -2.0750595343838873",Anoeta
"42.40849228782308, 0.8864757953959433",Sarroca de Bellera
"41.55946887027412, 1.0648129611345694",Sant Martí de Riucorb
"40.91807285217415, -6.808247655890775",Sobradillo
"41.32335334281472, -4.2949427886384",Sanchonuño
"37.298898128953674, -4.6950565549249506",Badolatosa
"41.78598794304998, -3.2333236981853224",Espeja de San Marcelino
"39.01876318049569, -5.507367475633497",Orellana de la Sierra
"39.95402044893501, -2.088806967173177",Arcas
"37.345203793595566, -3.594352145067202",Deifontes
"42.25032258519792, -0.7010093249440026",Ayerbe
"42.32249593154308, 1.5204854448875857",Alàs i Cerc
"37.14494675638477, -4.856062903208293",Sierra de Yeguas
"40.55745141878067, -6.208365353726515",El Maíllo
"42.83885216705803, -3.9680457657036334",Valderredible
"38.77648798214967, -2.4299398749399934",Robledo
"37.35926400487686, -2.0322980804137036",Zurgena
"40.60422881822688, -5.317042387426982",Zapardiel de la Cañada
"38.79229109425413, -0.02700734198908566",Benidoleig
"41.751758177202014, -3.507739257188557",Hontoria de Valdearados
"40.33484743387639, -6.3887971346368",Pinofranqueado
"39.8961325798244, -1.2733826956467402",Graja de Campalbo
"40.71220917536675, -3.1240537016860954",Tórtola de Henares
"41.878888408200744, 0.43579367641959704",Alcampell
"41.62007072308781, 1.2205199847145407",Granyena de Segarra
"41.56550911976939, -3.4968711566468422",Castillejo de Robledo
"39.95596454228713, -4.63356133459522",Montearagón
"39.95127971997442, -0.06802629332467096",Almassora
"42.93821922812322, -8.323085129059795",O Pino
"39.72792114579645, -2.9172667232053247",Villamayor de Santiago
"42.237704660469014, 2.4336659502599525",La Vall de Bianya
"37.34045718723267, -6.842829184443924",San Juan del Puerto
"41.45715104415942, 0.6928801585019103",El Cogul
"36.764502519034274, -3.9540937645151253",Torrox
"42.50411800207078, -1.2898392116322464",Javier
"42.54897696604168, -1.8648912226337309",Larraga
"42.57065477715926, -2.131811413581992",Luquin
"41.4622697439415, -4.849040202274731",Serrada
"40.2433460151114, -4.908974963000348",Pedro Bernardo
"38.759969099519466, -5.142974396598645",Zarza-Capilla
"42.82281829772076, -3.5499358282937714",Merindad de Valdivielso
"39.20395149833322, -6.065813751809",Valdemorales
"42.608285908449005, -4.463511003305186",Olea de Boedo
"41.01938927838672, -6.629445118544319",Saldeana
"41.18642783333813, -4.167056675413186",Aldea Real
"41.24583684875939, -3.7492956488939853",Condado de Castilnovo
"39.87763722281194, -5.017796144281688",Calera y Chozas
"39.9806884573506, -5.303175776785974",Calzada de Oropesa
"39.81634223159811, -4.379343266394697",La Puebla de Montalbán
"41.20768972208828, -1.5173466422599042",Montón
"42.548615199649625, -2.5737700409281636",Laguardia
"38.08032391913553, -0.6683964071793272",Guardamar del Segura
"40.834438232536584, -4.884975463918019",Albornos
"40.49974654280636, -5.013784582790697",Mengamuñoz
"40.080076751228084, -5.8932427336068836",Barrado
"36.712378869628324, -5.452534852826461",Benaocaz
"39.893836905003816, -0.3486752810577847",Aín
"39.426653181759825, -2.2990580508565652",Vara de Rey
"41.9949766666698, 3.0175011764612094",Corçà
"37.522122709121746, -2.9259674470899624",Freila
"42.56107533990599, 0.1105646755145836",Puértolas
"42.46940136178298, -6.2904995684956715",Santa Colomba de Somoza
"42.357169746666116, -5.747922472619262",Santa María del Páramo
"42.524229288277354, -3.003044660152025",Ochánduri
"42.84537845297495, -7.33568631488658",Láncara
"42.89619396757457, -7.870282474698986",Palas de Rei
"42.6429979343395, -2.180336767603361",Legaria
"42.39968154485492, -1.470624587189897",Murillo el Fruto
"42.19963190984686, -4.4038799509549404",Támara de Campos
"42.57583485316986, -4.558248215972818",Villaeles de Valdavia
"40.795990567289515, -4.721860843743335",Peñalba de Ávila
"41.03826222401977, -6.1051859628094975",Villaseco de los Gamitos
"37.16000094200831, -2.7208785138888687",Las Tres Villas
"40.58653857330585, -4.540218684227606",Herradón de Pinares
"42.963425683728104, -8.75288066408216",A Baña
"39.47948208867045, -2.7518160778648975",El Pedernoso
"39.75174565224068, -1.5917900677809607",Víllora
"28.155660129403607, -16.64747836235684",Vilaflor de Chasna
"42.47605239403225, -0.9323714848592879",Longás
"41.93636260730651, -2.4618076148390187",Almarza
"39.34745374715027, -0.48608976284134864",Picassent
"42.16342757429987, -5.056064043689049",Fontihoyuelo
"41.29002406718162, -1.0165119127194822",Aguilón
"40.90038852090177, -0.9254200251941873",El Franco
"42.16596607201973, 3.0850104445877014",L'Armentera
"37.505683998872925, -3.599299401007013",Campotéjar
"42.08899769834274, -0.15864810697673365",Angüés
"42.62640189225628, -6.731065404507015",Cacabelos
"42.94207558853583, -1.2647857620272256",Aribe
"42.065882159890265, -1.7941965248317462",Cintruénigo
"41.53817472990707, -4.138560873808204",Torre de Peñafiel
"43.27587176087026, -2.8295541826375636",Lezama
"41.43063434690893, -0.39816579598395907",Gelsa
"40.294257248769384, -4.595939216322157",Sotillo de la Adrada
"42.003758056826754, -3.018504486657465",Quintanar de la Sierra
"40.029263323535496, -0.5503516473056084",Montán
"40.01432525888365, -0.6496464329066471",Pina de Montalgrao
"42.30694310377149, 3.069890878080786",Pedret i Marzà
"42.62895810821149, -0.3146814307180063",Biescas
"42.73857401652658, -5.533620032424595",Garrafe de Torío
"42.351679545486164, 1.5851079113486748",Arsèguel
"42.375963605246476, 1.146016330495866",Soriguera
"43.303656562701974, -4.95486403450925",Onís
"43.23705351097046, -3.2782679510106596",Valle de Villaverde
"37.29032680089722, -5.806311629527597",Alcalá de Guadaíra
"41.10560452183928, 0.9299746903817062",Vilanova d'Escornalbou
"39.661520233429044, -4.216215282815456",Cuerva
"39.59485489723644, -3.637972417775604",Turleque
"42.880329011877635, -2.860750049222051",Comunidad de la Sierra Brava de Badaya
"42.61974127646978, -2.092849501278224",Facería de Ayarza
"41.83786905258055, 0.9611755190123783",Cubells
"42.46406958151817, -3.185868099933155",Fresno de Río Tirón
"37.75178320317111, -4.972765886299777",Guadalcázar
"43.09913931282619, -8.23428112610716",Mesía
"40.50096489922035, -2.522543334525702",Salmeroncillos
"42.539676333770586, 0.6809818568313327",Montanuy
"41.50193630077091, 1.123283289622935",Vallbona de les Monges
"42.01794640744933, -1.9433406602666268",Cervera del Río Alhama
"42.45128442411285, -2.779888186803261",Hormilla
"42.71361459058955, -2.253784842237328",Lana
"42.803966179022275, -1.6892267989768444",Barañáin
"41.200793386565735, 1.2157694483255828",El Morell
"40.99004077042486, 0.2455901931543888",Arens de Lledó
"39.77042902299527, -4.056317843358089",Layos
"39.53558141047016, -0.4266399312845662",Godella
"41.347518556659075, 1.7005942427224805",Vilafranca del Penedès
"42.64240249457171, -3.366640756479984",Los Barrios de Bureba
"42.295862988953296, -3.6666778969036744",Cardeñadijo
"40.34304992289888, -6.472503579545097",Robledillo de Gata
"42.24587275955572, -2.527969416531902",Torre en Cameros
"42.65483139184191, -1.8580164772552452",Mañeru
"42.18272098133979, -8.037555282377518",Ramirás
"39.688202729682935, -0.5275098129564687",Olocau
"43.37778421643047, -2.5894756003211805",Ea
"42.684065159199534, -3.1077431239390587",Encío
"40.0274578536717, -5.68797072353599",Collado de la Vera
"37.302118989256805, -3.235489990547412",Cortes y Graena
"41.393813435152175, -4.087908812228543",Cozuelos de Fuentidueña
"41.85217557354054, -3.0080351140883326",Navaleno
"41.52239412450441, -2.3394815777987543",Nolay
"40.81244291083026, 0.6904292774150403",L'Ampolla
"38.902612731814635, -0.2898614722864469",Llocnou de Sant Jeroni
"39.87073146647775, -1.1119484033621578",Titaguas
"39.22759123103556, -4.7750788498442756",Villarta de los Montes
"38.90821875063096, 1.3083123434363932",Sant Josep de sa Talaia
"42.454748151023885, -3.9448455845717616",Manciles
"39.59780110700825, -2.8538365293597767",Los Hinojosos
"39.924031924126886, -2.1702862694430847",Valdetórtola
"42.402242436925434, -6.110399974352063",Santiago Millas
"42.321566609404066, -7.636359299247557",Xunqueira de Espadanedo
"37.40066191842735, -6.034482793208569",Camas
"42.56687152986823, -8.584546910597968",Moraña
"39.67009204734579, -0.336627503992305",Gilet
"37.356365511789605, -3.794298700862267",Moclín
"43.30040440542665, -7.356208372775905",A Pastoriza
"42.018564427611935, -4.824420150801351",Castromocho
"42.02789925220921, -4.090363484999553",Palenzuela
"40.99906505658317, -4.1151136770014825",Bernuy de Porreros
"41.43817788429301, -5.763984101482968",Entrala
"39.84619876357742, -2.3854430178714576",San Lorenzo de la Parrilla
"38.908655467821724, -6.549829047461655",Torremayor
"42.43618946033648, -3.4345782969361585",Santa María del Invierno
"40.37284722665306, -4.090595356360946",Villanueva de Perales
"37.60532346208038, -5.8934821232695125",Villaverde del Río
"39.42543414087757, -3.929354969638667",Los Yébenes
"42.66663532892355, -2.02703807738669",Estella-Lizarra
"42.17258935207059, -5.30113066554699",Mayorga
"41.79621308608115, 1.956973684736185",Artés
"42.93997593193333, -1.9353908838319336",Facería de Aldape
"37.392188292376595, -5.956505420955085",Sevilla
"39.22021716640932, -0.3739458331642958",Albalat de la Ribera
"41.86950226899387, -4.666103834764495",Quintanilla de Trigueros
"41.688263729605445, -4.5521826963878285",Villarmentero de Esgueva
"38.9100359489675, -3.6240974294319117",Bolaños de Calatrava
"39.92760834096867, -3.0428979357090298",Fuente de Pedro Naharro
"41.6892184568843, 2.7829000025849804",Blanes
"42.0867393048218, 3.103812976512305",Bellcaire d'Empordà
"42.45318206446136, -5.345011341745057",Santas Martas
"41.528651288118546, -2.270926383662136",Bliecos
"41.49215844124888, 1.2302972867945763",Forès
"40.683306610412494, -1.4896176352516894",Villar del Salz
"39.74448159319662, -5.123942031714944",Navalmoralejo
"39.98375045548179, -4.284472830111394",Torrijos
"41.68073465580123, -5.148517181391403",San Cebrián de Mazote
"41.70496888297032, -4.481681251620529",Villanueva de los Infantes
"41.5901803952798, -1.7861448861284193",Aranda de Moncayo
"41.449182804887826, -0.8850075801857639",Valmadrid
"39.564877222152525, 2.903880720309372",Algaida
"38.33898598058172, -6.487778563418617",Atalaya
"39.627392497912794, -7.479196119343294",Cedillo
"40.026963465880534, -0.27783444825589126",Ribesalbes
"39.89671879579718, -2.545100294368124",Zafra de Záncara
"42.4368768893623, -5.208246474588625",El Burgo Ranero
"41.63120454983756, 0.5814369106018863",Lleida
"36.737928267265055, -3.3916562491234417",Gualchos
"42.65859681643361, -8.706498574046533",Catoira
"41.53318429309093, 2.176550645494118",Santa Perpètua de Mogoda
"37.79634603103004, -7.203418587421119",Santa Bárbara de Casa
"42.17574297152181, 1.118004125986544",Abella de la Conca
"27.930665384027613, -15.443482808775165",Ingenio
"40.99251829906865, -6.77875566190003",Hinojosa de Duero
"43.287471628075004, -2.107559351385502",Orio
"42.577407649381705, -2.0615799881884445",Arellano
"41.98569292486685, -4.879183124988704",Boada de Campos
"42.389187832699946, -4.633719593343156",Nogal de las Huertas
"41.93271135394758, -2.192697353776652",Fuentes de Magaña
"41.25258480049265, 1.2898400372192376",Nulles
"41.13210398644536, 1.2690230227554915",Tarragona
"38.934099640054114, -0.15337112266566108",l'Alqueria de la Comtessa
"41.422575301037256, -1.6757079979981",Torralba de Ribota
"36.81253311767364, -2.660574763042882",Vícar
"40.28511263492637, -4.831902407032856",Mijares
"38.203508658026074, -0.5773037049051497",Santa Pola
"40.295992185756965, -5.029283090564865",Cuevas del Valle
"41.07021585638564, -5.110149893255165",Horcajo de las Torres
"41.73728880141602, 2.5042460159987034",Gualba
"40.469926374488985, -5.338412874566687",Piedrahíta
"38.45497273695464, -4.975258930033114",Villaralto
"43.241825664684505, -8.138151959445324",Coirós
"41.402831773072506, -4.037340738359245",Fuentepiñel
"41.27928501017695, 1.2997845317302148",Puigpelat
"41.24967212603482, 1.035540624579575",Vilaplana
"41.582299074198176, -1.8793223195263016",Malanquilla
"38.816940971952796, -3.9468627506435774",Ballesteros de Calatrava
"37.265990741037406, -4.307362681954594",Iznájar
"39.36139347426057, -4.638069137659287",Horcajo de los Montes
"43.140015471137765, -5.9603953064929724",Quirós
"39.66418981590885, -3.5400367263227817",Tembleque
"39.57823554639815, -1.3681141669184798",Fuenterrobles
"41.5210694392164, -2.4595513534896347",Viana de Duero
"41.19643314949513, 0.8550695226696367",Porrera
"40.31502924502105, -0.8099354231234401",Cabra de Mora
"41.079035102596535, -1.1915225847127309",Cucalón
"39.6408987419523, -3.794513602088702",Manzaneque
"41.417057945309246, -4.830127091923473",Ventosa de la Cuesta
"42.083168221108174, -6.5983706382389675",Robleda-Cervantes
"41.70677102229643, 1.4348581494017227",Pujalt
"37.837806287630244, -5.117853155333846",Posadas
"39.89926902368431, -2.8036433429729515",Saelices
"41.9581556245989, 0.4646094674089318",Baélls
"42.415246481641134, 0.00246762381449151",Boltaña
"42.65086106112625, -5.27668677797584",Gradefes
"42.55371517981275, -6.775469262072244",Toral de los Vados
"41.54255796203948, 0.7372155189547894",Puigverd de Lleida
"42.24043414203274, -4.736249317147501",Villanueva del Rebollar
"38.669398779048535, -2.3288731177176047",Peñascosa
"41.80079213271318, 1.0337468102338307",Preixens
"41.98677069578465, -3.7644438936605713",Lerma
"40.91842073087766, -3.30002548283177",Puebla de Valles
"40.83676072344979, -3.3421344032645086",Villaseca de Uceda
"37.31340270119716, -7.154844169821917",Cartaya
"42.128721531324395, -5.719445852172737",San Adrián del Valle
"41.95203382029089, -4.508187661707504",Villamuriel de Cerrato
"40.51100098382737, -6.028136019598636",Sequeros
"37.34498035901482, -6.178017858633611",Umbrete
"40.947626184216766, -1.4185392670778751",Tornos
"39.45157623997445, 3.159794290316235",Felanitx
"42.17723391548492, 1.8911214898755107",La Nou de Berguedà
"41.39813357882887, 1.8046868298217078",Subirats
"42.40528628301829, -3.13468270305616",Fresneña
"42.108625325858654, -3.7635407446765874",Villamayor de los Montes
"42.14222827748771, 2.327517939962677",Vidrà
"42.41894855363513, -2.7444213102192703",Nájera
"41.07976310624434, -3.5823797460484217",Horcajo de la Sierra-Aoslos
"40.898617352776256, -3.0460846466030933",Espinosa de Henares
"40.630684720893264, -2.8130158420791846",San Andrés del Rey
"42.718928387493186, 0.7038929449738495",Es Bòrdes
"41.161899789959065, -6.378221944894145",Ahigal de Villarino
"41.90436366427627, -2.269128162970514",Carrascosa de la Sierra
"41.76994096023943, -3.1401389430471176",Santa María de las Hoyas
"42.92687595255385, -8.182450772136722",Arzúa
"37.566186539006466, -6.508685634943559",Berrocal
"42.700221315770655, -0.6506604498395361",Jasa
"41.96757295418323, -0.3072669824166757",Tramaced
"39.927835289115464, -4.449933717139615",La Mata
"41.50001349433339, 1.8072578744791177",Masquefa
"42.18226547635666, -3.779545269392901",Villangómez
"36.97594726159568, -3.605116895730892",Villamena
"40.733512566254504, -4.836879856709713",Bularros
"39.80167222408449, -0.4013002880201644",Sot de Ferrer
"39.077556952405054, -3.052674643137679",Argamasilla de Alba
"40.884600683390076, -1.9268890683950919",Rillo de Gallo
"40.90292870967248, -2.9161939070500837",Villanueva de Argecilla
"40.6618419365145, -4.020814002152194",Alpedrete
"36.845549314825426, -4.82172230989936",Carratraca
"42.329025586288274, -8.188479675284302",Carballeda de Avia
"41.88847412936973, -4.474203785061568",Tariego de Cerrato
"42.69010455902525, -8.654024175231417",Valga
"40.50180220186416, -6.015352958041439",Villanueva del Conde
"41.21958189512654, -3.5857480572431153",Cerezo de Abajo
"41.105863312235684, -4.18315343612231",Escarabajosa de Cabezas
"41.149272882175616, -0.45282661370347865",Híjar
"40.20758485057727, -1.3390874166810078",Tormón
"39.889281177203266, -4.222513533698334",Albarreal de Tajo
"40.01610977757591, -4.917029383744083",Mejorada
"42.120635527641355, -4.951702154873448",Herrín de Campos
"43.328117065161784, -2.729792237425504",Errigoiti
"42.13032529958108, -3.195026892320462",Comunidad de Barbadillo de Herreros y Vallejimeno (E.L.M.)
"42.54796413161488, -5.107401536511075",Foncabada
"41.098106228157775, -4.895198271251937",San Esteban de Zapardiel
"40.693609473548904, -5.203633557373369",Cabezas del Villar
"40.32299880949554, -3.373281597962849",Campo Real
"36.64075695265947, -5.246737161283003",Atajate
"41.02682433891271, -5.810184464203315",El Pino de Tormes
"39.34223179986952, -6.085520153961159",Botija
"43.263767817697506, -2.320175928342233",Deba
"41.743816397550134, -0.34887116532570117",Lanaja
"38.49216285258187, -0.731657692824459",Petrer
"40.34765530855878, -2.664208804767916",Villalba del Rey
"37.641835240755356, -3.637071877425773",Cárcheles
"40.35311069434278, -5.833771208073388",Puerto de Béjar
"37.45005189336306, -6.241174147759354",Sanlúcar la Mayor
"39.420584396015464, -0.3819676937039984",Llocnou de la Corona
"41.168306365426425, -4.936208399715212",Fuente el Sol
"43.228020767543605, -2.986832961834287",Alonsotegi
"41.1301836306137, -1.8447015973940941",Campillo de Aragón
"41.5614919099976, -1.324180536787355",Salillas de Jalón
"43.29407009224709, -2.213687962415981",Getaria
"42.200733561474216, -5.861778642999545",Quintana del Marco
"42.27062592781119, 0.9806921439680417",La Pobla de Segur
"43.32491156599204, -7.26479716161945",Riotorto
"41.62002213573055, -5.078455649548808",San Salvador
"42.029331404496936, -0.8781207491811645",Las Pedrosas
"37.59035580757898, -2.0645200939293122",Vélez-Rubio
"38.04792837791069, -0.8517192467718412",Jacarilla
"42.21590435750507, 2.8945571232473912",Ordis
"37.204399385639846, -3.24892450738727",Lugros
"40.66864165587696, -2.5553594416115724",Trillo
"41.85142212057999, -4.423461461851219",Cevico de la Torre
"40.43136597453871, -6.0816399851553795",Herguijuela de la Sierra
"41.34379039055262, -4.4864193080363926",Remondo
"39.050240896014714, -0.746020906878238",Bolbaite
"41.37363372921696, 1.9169550266846502",Vallirana
"36.258869491527285, -5.351229960129107",San Roque
"42.42696168140645, 3.138122093308635",Portbou
"40.569984710266866, -2.812118360643833",Berninches
"40.97838876313745, -2.842557913469565",Cendejas de la Torre
"43.13145304483063, -2.1395838583068856",Albiztur
"40.2179447618423, -3.8429011746805997",Griñón
"42.76378409568481, -1.922281662276182",Guesálaz
"37.07280652532913, -5.092173176784656",El Saucejo
"41.19239525874779, 0.7407098042656594",El Lloar
"42.694975495187535, -3.4729299439222285",Salas de Bureba
"39.44975532195621, -5.508362091075548",Berzocana
"40.443493217082995, -2.485797896079682",Villar del Infantado
"42.119792009504636, 0.07296721759534636",Salas Altas
"41.91546196118814, 1.1664198676267439",Ponts
"40.36389604506929, -3.4759998795671114",Velilla de San Antonio
"36.858698752356155, -4.0147392595713285",Salares
"41.89744509797433, -4.767416090301852",Ampudia
"41.83871053843278, -1.2748898340048442",Boquiñeni
"40.47003213785444, -3.4604904619558923",Torrejón de Ardoz
"36.60039590854843, -4.9637963920947925",Istán
"40.512730586293145, -5.876750952856531",San Esteban de la Sierra
"41.15400473927201, -4.674045825387029",Montejo de Arévalo
"41.3524030023663, -2.1282559185339114",Pozuel de Ariza
"38.77533458922202, -0.3915509133999076",Benimarfull
"42.443628448984256, -3.7029833775958187",Comunidad de Quintanaortuño y Merindad de Río Ubierna
"42.81697479928407, -7.802581215900619",Monterroso
"36.8927893296169, -4.847164765922286",Ardales
"41.72156039353567, 1.506121524762572",Calaf
"39.618765350056115, -2.1094351709804755",Olmedilla de Alarcón
"37.96498052234691, -2.930645127988939",La Iruela
"42.29448042712208, -5.18813629434706",Joarilla de las Matas
"42.30575015696286, -2.926843225303702",Pazuengos
"42.61504747967804, -1.4127249301051066",Leache
"41.55099714385101, -1.9946660137991572",Carabantes
"40.74678674725428, 0.06547357675931288",Peñarroya de Tastavins
"40.50694110440432, -5.415273121221155",Santa María del Berrocal
"42.75720911263375, -2.3183767573692524",Harana
"40.054338073027694, -6.336013171232385",Montehermoso
"42.28333967606997, 2.981281719498124",Vilabertran
"37.93306755655376, -6.493964728656961",Corteconcepción
"42.0315557021781, -7.970800021766539",Bande
"28.406917507222992, -16.47736225656678",Santa Úrsula
"41.45810750572947, -2.3904350772405256",Soliedra
"41.721162312040626, -3.0580429651305994",Ucero
"39.70348778380552, -0.7435295907680551",Casinos
"42.537624249648516, -1.4742477897996016",Facero de Ujué y Lerga
"37.494149699416624, -2.2893921925860803",Oria
"37.48530567183346, -3.559773167466893",Dehesas Viejas
"41.34688863731965, 1.3112584001963816",El Pla de Santa Maria
"41.71941850560003, -5.78720594140722",San Cebrián de Castro
"41.276581248224964, 1.9705328796972723",Castelldefels
"37.567812224309826, -2.5197930939548847",Cúllar
"41.63879861144403, -3.6334034599326275",Fresnillo de las Dueñas
"39.58695439874638, -5.383726017400143",Navalvillar de Ibor
"40.225073186744225, -1.7429904679513293",Valdemeca
"42.35102017654082, -5.687840458492458",Bercianos del Páramo
"40.70905611423469, -3.9220237944065643",El Boalo
"41.84370637809702, -2.336697215026338",Almajano
"40.39400445730333, -1.337586255828149",Gea de Albarracín
"43.25885774640293, -2.6859998379330534",Muxika
"42.90406965025849, -0.8549860995569011",Isaba
"40.847918449608784, -1.3587680169784977",Caminreal
"40.10166465853005, -1.2598465450829075",Torrebaja
"41.837322949784415, -5.600082156810678",Villafáfila
"38.33923052706811, -1.9087154301668192",Socovos
"41.75380731127248, 2.4391821904574913",Fogars de Montclús
"41.65052440012224, 2.7460066299111814",Malgrat de Mar
"39.53477060396032, -2.06914887855442",Alarcón
"41.7036959723723, 1.381129844128986",Estaràs
"42.92223645214841, -2.0794517989834183",Etxarri Aranatz
"42.684335054411584, -1.19513299449659",Romanzado
"41.75618824089247, 2.3011746711811005",Tagamanent
"41.86139441585681, -5.336188249737361",Quintanilla del Monte
"40.92920210676243, -1.6614232472327095",La Yunta
"37.87549268063666, -4.0319657663177475",Escañuela
"41.03557206640495, -5.8399944027195225",Zarapicos
"40.18633229084894, -4.748087014424735",Almendral de la Cañada
"39.8745925347597, -1.5611818464298568",San Martín de Boniches
"40.23240462327814, -3.9892581186684386",El Álamo
"28.08763595203779, -15.592572450094314",Moya
"41.06888437796493, -4.238513973484628",Yanguas de Eresma
"40.86352119208321, -1.323005551774448",Fuentes Claras
"42.046041569332495, -6.544948300367597",Palacios de Sanabria
"41.516349926151335, -5.8055484459433675",Zamora
"41.32837849399355, -1.4991821411952257",Belmonte de Gracián
"38.17479307838936, -0.8421918637468653",San Isidro
"41.00320602563897, -4.853513570923895",Langa
"42.865048961959175, -2.5472020450629382",Elburgo
"42.79525462688037, -3.241568825426104",Valle de Tobalina
"41.06726865573981, -2.8587133316549638",Angón
"40.90465165761434, -2.2870985304802764",Riba de Saelices
"42.20985580918483, -6.18979284624078",Castrocontrigo
"42.65837895979206, -5.6293059450144085",Sariegos
"42.362633237431595, -2.8046602677777677",Badarán
"41.00373610445008, -3.451937929065229",Puebla de la Sierra
"41.97301701109847, -1.4522915303578519",Buñuel
"43.25868393906302, -1.7379915912429074",Lesaka
"42.71467864956987, -1.752625729355302",Uterga
"42.104388081458204, -4.468686212511182",Monzón de Campos
"42.26848584230568, -4.956594793437136",Villada
"41.823098328837965, -2.164715962286983",Valdegeña
"41.37529790310599, 1.0463391200634435",Vimbodí i Poblet
"38.93401031293576, -0.1693149452218081",Rafelcofer
"41.71884873970099, -5.435716395389303",Belver de los Montes
"42.07163875680755, -5.984721776606156",Santibáñez de Vidriales
"41.15852700944839, -1.495046352599628",Murero
"41.83598362022401, -0.7314011102414235",San Mateo de Gállego
"40.692653156306314, -5.27239179548525",San Miguel de Serrezuela
"38.667638177829026, -6.976226796809855",Valverde de Leganés
"41.41068673963183, -5.702489191281951",Cazurra
"39.31192591754949, -1.458786965688051",Casas-Ibáñez
"37.2849799191514, -2.160915678604061",Albanchez
"40.67071183924967, -5.0726859805609",Manjabálago y Ortigosa de Rioalmar
"40.30719866150931, -5.505299669676098",Tormellas
"39.6517886491594, -0.8589738287842511",Chulilla
"42.61910122176327, -3.585959055949253",Abajas
"40.323748871588755, 0.11838950305025703",les Coves de Vinromà
"36.58630200278807, -5.12962332472823",Pujerra
"40.934980752128396, -5.345431799431336",Ventosa del Río Almar
"43.333121334622966, -3.416771013070304",Ampuero
"40.952685591413086, -1.0072208689356856",Salcedillo
"41.28712234606606, -1.3640641809502805",Codos
"41.5776924953092, -1.1169181348049102",La Muela
"39.24913190027817, -1.300836512125356",Casas de Ves
"38.54476166982302, -1.936234767736061",Liétor
"40.29971837754167, -4.773000123076816",Casavieja
"37.91247420811446, -6.749922155655576",Jabugo
"38.21711324845164, -3.6296785468736843",Carboneros
"42.18271647825579, -5.591427476696008",Villamandos
"36.84320351058995, -4.197942550264482",Benamargosa
"39.08034339571521, -0.2547177754105372",Tavernes de la Valldigna
"41.21351743664495, -0.8315821806904166",Samper del Salz
"40.38633197750399, -5.454959702405281",Santa María de los Caballeros
"41.73186641547742, 1.9519136373142874",Talamanca
"43.09573528452581, -9.037207024216062",Vimianzo
"40.596441125731154, -2.264641941154546",El Pozuelo
"42.10730705814626, 3.0809341541434283",Albons
"36.911002303675865, -3.2103110538150967",Lobras
"40.46592244920882, -2.710913011214699",Sacedón
"42.412989833269975, -2.841584137782107",Torrecilla sobre Alesanco
"43.22176669205631, -7.535636768394791",Cospeito
"36.99211817627368, -4.248125642636116",Alfarnate
"41.39137687001423, -4.143548907828781",Perosillo
"41.85450292176116, -5.50187613583357",Tapioles
"41.5640810702991, -1.6934698217142206",Jarque de Moncayo
"38.73734628925028, -2.0280007520006835",Peñas de San Pedro
"39.68154244345121, -5.52126040527271",Fresnedoso de Ibor
"40.44484761543976, -0.10968148883992151",Ares del Maestrat
"41.20506928847855, 1.5199585961835982",El Vendrell
"42.00905682986504, -5.277768419741806",Bolaños de Campos
"43.321785757117276, -2.510997403443798",Amoroto
"41.55831420073465, 1.681167025767828",La Pobla de Claramunt
"42.37214926055296, -3.8477941104573086",Las Quintanillas
"42.475693950013515, -3.9111650420675277",Susinos del Páramo
"39.84972654994945, -5.687581680503651",Saucedilla
"36.68199594777022, -5.96669983646403",Jerez de la Frontera
"42.802199167166606, -5.617928026726298",La Robla
"40.69379020527084, -4.032242006998921",Collado Mediano
"42.8955711663997, -1.0667844755742166",Ezcároz
"43.09833578675847, -1.756296243784644",Beintza-Labaien
"41.11480860209109, 1.1809850088301437",La Canonja
"40.54779819728035, -0.8332288039455344",Ababuj
"38.60587592274853, -6.737541686541538",Nogales
"41.414005062701136, -1.9984270333712713",Cihuela
"40.98620922900292, -0.9665518820272725",Anadón
"41.809511549923236, -3.3298475892372226",Huerta de Rey
"40.03602854718313, -5.779561521720359",Torremenga
"42.90026118484339, -2.343904605497484",Zalduondo
"37.39988863479216, -1.7284819937982185",Pulpí
"39.28367969528616, -1.7266173253228694",Navas de Jorquera
"38.20634668357821, -5.808577209750244",Valverde de Llerena
"41.505486083314985, 1.5159214204559834",Santa Maria de Miralles
"41.80332198545115, -3.8508792758576273",Terradillos de Esgueva
"38.80478130084609, -4.7417669635395185",Almadén
"42.62586100516695, -8.948087176174766",A Pobra do Caramiñal
"39.65217448879758, -2.1570922832432",Buenache de Alarcón
"37.51836661091382, -7.429518397718839",El Granado
"37.72536603987319, -3.0030272111359193",Hinojares
"42.21063777288212, 1.3190255917985638",Organyà
"42.09491263889248, -7.991245405339297",Verea
"37.22713635375272, -6.318481363504992",Villamanrique de la Condesa
"40.52879109579165, -0.9511739755634662",Escorihuela
"41.41028706848332, -4.539411530057666",Cogeces de Íscar
"41.76075896443612, -4.778565726135836",Mucientes
"41.99178281274612, -5.455869710461468",Quintanilla del Molar
"42.132196515324196, -6.1720709459646",Cubo de Benavente
"40.820282336075465, -5.115064814323143",Blascomillán
"39.97416150636036, -1.6228964070745633",Boniches
"40.784799359541104, -2.75965940664948",Barriopedro
"42.90323774180533, -5.2857337244196385",Boñar
"42.51177216375705, -2.9537811376744503",Baños de Rioja
"42.688664139934446, -1.7620517900367765",Muruzábal
"40.65960122241917, -5.941335130548281",Barbalos
"40.688675347764175, -0.3435498564492433",Bordón
"39.04992515661414, -0.438708014531679",Rafelguaraf
"42.13817466101053, -6.730818746360853",Galende
"40.70203924353191, -4.911969796179168",Gallegos de Altamiros
"39.042551418305386, -0.46493707106183735",l'Énova
"41.64810591043657, -4.363492870581682",Olivares de Duero
"42.14995523011958, -5.096899803463826",Villanueva de la Condesa
"41.08146011424007, -1.28096654709264",Lechón
"37.07107102235665, -2.3629795962019338",Tabernas
"39.848549603025546, -5.356951122569367",El Gordo
"39.815880932467884, -5.815534814304847",Serrejón
"43.09088532912817, -8.925439583866439",Zas
"37.15847305795594, -3.678472716832922",Cúllar Vega
"43.0839240507416, -2.267423955830524",Ezkio-Itsaso
"42.084099575203325, 0.4791407790114236",Benabarre
"41.63144799037337, 0.043585945857151843",Ontiñena
"42.51728429962587, -2.790913252852853",Briones
"42.404337752782595, -2.0757431085835236",Lodosa
"42.018558191040974, -7.843944429750992",Porqueira
"43.363330291913165, -3.5910404174344306",Solórzano
"37.60039291447599, -5.959030531533766",Burguillos
"41.21877171830923, -2.541175924220989",Yelo
"41.29731219604585, 1.3068134748029145",Alió
"39.92116652867459, -4.50126016459129",Mesegar de Tajo
"38.8701081208115, -5.7996576868568726",La Haba
"40.796894011302435, -4.640343621338105",Santo Domingo de las Posadas
"37.02213563065829, -3.513321166542068",Dúrcal
"37.251278784524345, -6.736415467793101",Lucena del Puerto
"42.70116781643738, 0.9243045444365826",Naut Aran
"37.24975835518269, -4.978852383729396",Aguadulce
"41.31969624462604, -4.904363965180595",Medina del Campo
"42.086254007878885, -5.341734786862117",La Unión de Campos
"43.20442750079056, -2.770602001828868",Lemoa
"42.07761284952631, -6.26666308807421",Peque
"38.6392663660958, -3.504680398615604",Santa Cruz de Mudela
"39.981154394442115, -2.916081713903963",Tribaldos
"42.579188533584556, -8.322666918705817",Forcarei
"41.90376112904805, -5.358482517852001",Villamayor de Campos
"41.536177105368374, -0.5662053767620174",Osera de Ebro
"38.839182068376054, -6.453042959243783",Arroyo de San Serván
"40.12871823824474, -1.0566722794948078",Camarena de la Sierra
"39.970172246657334, -4.555825437146817",Illán de Vacas
"41.65676547473633, -5.0122356671804855",Torrelobatón
"42.09327676213839, -5.705774594067217",La Torre del Valle
"41.41691984396241, -1.7473789450921675",Cervera de la Cañada
"41.20287666741874, -1.2626764477331611",Villarreal de Huerva
"39.7580948934336, 2.9850546751914244",Búger
"39.564559248728116, 2.9911128103247053",Montuïri
"41.056583366657684, -5.666836921615618",Castellanos de Villiquera
"41.5237159798003, 1.6590914376823815",La Torre de Claramunt
"42.1228128881804, 1.4389378965279438",Odèn
"42.97121573754256, -1.5887857289465503",Anue
"40.46922339576127, -5.992334588265174",Miranda del Castañar
"42.02679072471681, -6.774128363495995",Requejo
"39.872342445932716, -0.40795255562031524",Almedíjar
"43.64398198545004, -7.431745201982772",Cervo
"42.0812134325994, -1.6444568678126184",Tudela
"42.85803877616883, -1.7032669420124762",Berrioplano
"42.36713593743145, -7.097701110934178",Petín
"39.925514592206845, -3.9091122880860083",Mocejón
"42.47843722372804, -3.420326423968815",Quintanavides
"41.869583289007316, 2.8232349915647306",Sant Andreu Salou
"42.07748394864557, 0.7676228548203513",Sant Esteve de la Sarga
"40.24399379933906, -4.5083690150241775",Cenicientos
"43.40203065685278, -5.701402562869527",Noreña
"42.68432294273362, -0.9582124423140702",Salvatierra de Esca
"41.54473601969151, 2.265453098728204",Montornès del Vallès
"40.04037762581014, -6.3935353033575115",Guijo de Galisteo
"40.36430136567064, -2.2843702861873476",Albalate de las Nogueras
"41.908298288036065, 2.280938137178666",Santa Eugènia de Berga
"39.530485439294225, -1.751225855629838",Castillejo de Iniesta
"37.40225161892987, -6.4933899010517315",Villalba del Alcor
"42.18416585386407, 0.06695281119866482",Colungo
"42.290169228392365, -5.580627119231174",San Millán de los Caballeros
"43.31532588443771, -4.092773847521973",Cartes
"37.30728565026635, -4.890882206221551",Estepa
"40.26856140873469, -1.167260325585281",Villastar
"38.788323578020844, -0.25374514564911854",la Vall d'Alcalà
"41.81999230794423, 2.101776121645113",Moià
"42.68125836836074, -3.9513188262681735",Basconcillos del Tozo
"41.762057930604556, -3.7494846966872926",Quintana del Pidio
"39.99888228892265, -0.6961278451956271",Barracas
"39.945355816867156, -1.71661646979534",Pajaroncillo
"37.42200737078041, -3.167816572217343",Fonelas
"43.31078029620329, -4.477455006505512",Herrerías
"41.173552536081225, 0.9646983504659546",Riudecols
"40.10778965240233, -4.7392895762541976",Hinojosa de San Vicente
"39.42587861843826, -0.412315948947635",Paiporta
"41.74608169205724, -0.611775446536502",Perdiguera
"41.87257852113013, -3.3367002150836536",Comunidad de Arauzo de Miel y Huerta del Rey
"42.12769140884344, 3.063335946944207",Viladamat
"41.227698234228306, -2.674381638849191",Valdelcubo
"37.36378328964827, -6.083431047201381",Bormujos
"41.297215713543046, -1.8189619674633228",Castejón de las Armas
"39.62690605352883, 2.528965910843758",Puigpunyent
"38.58106124358372, -2.506601401512785",Vianos
"41.9840012385387, 3.119874094078822",Palau-sator
"37.265569691431274, -3.5553024051169984",Nívar
"42.969689250685846, -5.549622885861098",Cármenes
"42.41169126754092, -5.648594958107432",Valdevimbre
"42.35530971229526, -2.216358179191958",Corera
"42.27220510669673, -2.8621780196090474",Tobía
"43.100573516524, -7.605227526047818",Outeiro de Rei
"42.712156994711236, -7.277062502072562",Samos
"40.911172136649974, -5.152678019572306",Cantaracillo
"42.59153568616898, -3.3325778783268745",Aguilar de Bureba
"42.113733792490116, -3.9891581174462196",Santa María del Campo
"41.865040757301784, -3.558126104287949",Santa María del Mercadillo
"38.85102509465592, -4.294874544643387",Cabezarados
"39.00056307307091, -2.90175904771035",Ruidera
"40.874565683761716, -2.7235015873699395",Alaminos
"40.78702242015665, -3.1139987671453833",Heras de Ayuso
"42.32349206608102, -6.146647184844042",Castrillo de la Valduerna
"42.25994406713873, -3.0243330744804875",Ezcaray
"40.96397734554075, -5.396115669309163",Moríñigo
"41.05879591339116, -5.55531230018277",Pedrosillo el Ralo
"41.05084489743569, -4.105374335839904",Cabañas de Polendos
"40.75433963544874, -0.5447982831593512",Ejulve
"41.80572572704989, -5.161322080640998",Tordehumos
"42.6869780359885, -2.8332586060361282",Berantevilla
"38.125096852844585, -0.6927226216161563",San Fulgencio
"40.27296714602691, -6.279616275103058",Marchagaz
"39.827848251508584, -5.528714121109668",Valdehúncar
"40.11928165877735, -2.218471878641726",Chillarón de Cuenca
"42.321941884535654, 2.10256714374284",Planoles
"38.097870242653336, -2.6743523765838324",Santiago-Pontones
"37.547235154539, -1.8162297199495219",Puerto Lumbreras
"28.509878496002464, -16.326316081176778",San Cristóbal de La Laguna
"41.50193600276634, 1.3494257103739313",Les Piles
"43.25411415422772, -2.937371038769195",Bilbao
"41.328275188393164, -1.7271157510222364",Terrer
"42.20270803675209, -3.9440865274444152",Olmillos de Muñó
"42.1800235399604, -3.364553212175626",Tinieblas de la Sierra
"37.3001505017998, -4.190452835548452",Algarinejo
"43.286037953492176, -2.2449617475151125",Zumaia
"42.4194555008604, -8.01816916456602",Maside
"43.288025891708834, -5.981062443251146",Santo Adriano
"41.1456880589014, -6.3325180899039015",Iruelos
"41.33037888384906, -3.0291232774388823",Retortillo de Soria
"39.013180242686374, -0.2258185137874103",Xeresa
"39.28134008075001, -0.37710233041157665",Sollana
"41.56043804482677, -5.7022925724355025",Monfarracinos
"36.99400847471264, -2.560623626134197",Alhabia
"38.70548945361154, -0.677875384308346",Banyeres de Mariola
"40.99613345943987, -1.5209829446571035",Gallocanta
"40.88796978486736, -5.080004518113291",Salvadiós
"41.55520085742093, 2.101642957311965",Sabadell
"41.96060827744021, -2.9794201915955663",Regumiel de la Sierra
"42.09703577931464, -3.0699492648282014",Huerta de Arriba
"42.09722938075938, -0.03874116133797041",Azlor
"42.54340393565213, -2.940677592495247",Tirgo
"41.480088771955145, 1.2696557093725394",Rocafort de Queralt
"40.99563603262272, 0.8435956891573047",Vandellòs i l'Hospitalet de l'Infant
"40.99297232563335, -1.0870354414630048",Fonfría
"39.567840521365845, -4.230184446047431",Las Ventas con Peña Aguilera
"38.97840889938622, -0.5506146879488334",Novetlè
"41.68764254968258, -4.166959574702948",Piñel de Abajo
"42.26986237532582, -1.0557274967473804",Asín
"39.13771650517566, -5.218853443029616",Talarrubias
"37.25322983833646, -1.9532046055498735",Antas
"42.341937848199336, -1.7221890760233538",Marcilla
"40.8585125485394, -6.225589402678417",Buenamadre
"40.85200514554406, -4.520272552519751",Labajos
"42.2529397517339, 2.914258768719305",Avinyonet de Puigventós
"42.27059438074115, 2.9718704418646875",Figueres
"42.34104566780869, -5.234737854370249",Castrotierra de Valmadrigal
"42.01074624616047, 1.3026966835350013",Bassella
"36.80493038927927, -3.895532493457377",Frigiliana
"42.949646996509635, -1.2085903952789536",Hiriberri
"40.83488883076016, -6.694499455581728",San Felices de los Gallegos
"40.895611542377594, -5.510593702112683",Villagonzalo de Tormes
"40.88293683828191, -0.061385495774911675",Belmonte de San José
"39.54166285860612, -2.3271007279025575",El Cañavate
"36.65698473567095, -5.278121462662233",Jimera de Líbar
"42.47481632740562, -4.664010930071057",Quintanilla de Onsoña
"38.91848890935054, -0.4715238500703215",Sempere
"43.151056997563266, -2.855183533338655",Zeberio
"40.837354670146375, -4.801431086493017",Riocabado
"40.4166397922189, -5.4025334278760795",La Aldehuela
"42.2462599735491, -3.758342934068311",Arcos
"42.1444427779579, -3.7315043280464035",Madrigalejo del Monte
"40.84252377148702, -2.0242256102585805",Corduente
"42.28323258565035, -5.500921442640023",Valencia de Don Juan
"42.297489230331536, -2.5325492555125404",Viguera
"42.354471619087995, -4.935690638213432",Moratinos
"41.910126822027166, -6.203617752166824",Ferreras de Arriba
"40.863974654769216, -3.895596066712934",Rascafría
"42.59261525235917, -1.354646557352157",Aibar
"42.778762029455386, -1.4528311174620034",Urroz-Villa
"40.06176821912635, -6.611946720347976",Huélaga
"39.970065828199516, -0.48170149553562513",Pavías
"41.824535288103924, 2.490877022240346",Arbúcies
"41.74183999614707, 2.9149903665187127",Tossa de Mar
"43.00928691081237, -1.6096161303093934",Lantz
"40.98841171938278, -4.560934795158392",Martín Muñoz de las Posadas
"41.98153693634395, -6.688131890719403",Pedralba de la Pradería
"36.89112795989804, -5.4338194697126685",Algodonales
"37.8388853456442, -5.010276795394225",Almodóvar del Río
"40.50934519981078, -1.810443158563507",Checa
"42.251398417497604, -2.774077769953011",Anguiano
"42.43224579948833, -2.66680492064048",Huércanos
"36.56091885227558, -5.204023787899038",Jubrique
"41.677390324540255, -2.8985097275325344",Torreblacos
"37.037484987066115, -2.580222819800302",Santa Cruz de Marchena
"40.30847816614196, -5.314581176532999",Zapardiel de la Ribera
"38.44128047391021, -5.959990209684012",Valencia de las Torres
"41.99564894680931, -3.307939802471379","Comunidad de 09076, 09290, 09578, 09606 y 09822"
"41.86503006481086, -3.7249023029481783",Bahabón de Esgueva
"40.2622309285858, -3.019647763684514",Mazuecos
"43.277037411970234, -1.5108028660420503",Urdazubi
"42.00559854477296, -8.748881436468885",Tomiño
"40.27316787300377, -0.1953146544811514",Benafigos
"42.66290147388714, 0.3492897010248432",Gistaín
"42.339997811543334, -5.147825230818536",Gordaliza del Pino
"36.80369501541148, -4.954516021377257",El Burgo
"42.54405573345333, -2.2882448740648607",Armañanzas
"42.624360554062825, -2.139890991027746",Olejua
"40.19100256073122, -3.8370196744820326",Cubas de la Sagra
"42.038908270081855, -7.167806343294203",A Gudiña
"43.44871312946091, -6.056017637983736",Candamo
"43.48500470084745, -5.459354507214942",Villaviciosa
"42.883353922107965, -4.306714896325836",Barruelo de Santullán
"41.201196942653134, -3.9986465003769553",Veganzones
"40.313761990140904, -0.5584141075005044",Linares de Mora
"39.94509361857015, -4.187453316416549",Rielves
"38.62487039894397, -0.5629858833590393",Ibi
"42.26530701546587, 1.786447830216523",Gisclareny
"36.94770392279262, -2.628173848643599",Huécija
"41.91399147357859, -3.530865733133169",Ciruelos de Cervera
"43.02102609048938, -2.1719496813097248",Lazkao
"42.32173954171099, 1.693048290881442",Montellà i Martinet
"36.73045250093317, -4.270112438977847",Rincón de la Victoria
"41.96224965556958, -7.594462189035614",Cualedro
"41.87238791758666, -2.270247697900864",La Losilla
"38.82572454039859, -0.8924140410959305",la Font de la Figuera
"42.610353119314176, -5.474492432809744",Valdefresno
"40.20713234015301, -3.8940960201889685",Serranillos del Valle
"36.78585711739882, -3.8300149106344024",Nerja
"42.782359047116934, -0.8969181949666278",Garde
"28.107903604089792, -15.558283146641987",Firgas
"40.77709867872437, -1.4917127150755944",Pozuel del Campo
"39.80248956603624, -5.174618412671206",El Puente del Arzobispo
"39.59981923106917, -0.4630791879769482",Bétera
"41.245224977175546, -1.459708973617456",Miedes de Aragón
"38.72269543884463, -2.313755809663182",Masegoso
"38.7891244057693, -6.0115750720634455",Manchita
"41.501589223573156, 2.0146716348994813",Rubí
"39.85281908373505, -0.15929850815106167",Nules
"43.16079211404478, -8.768010033698225",Coristanco
"41.07097923361681, -5.505228782628325",Villaverde de Guareña
"42.908689518918074, -8.818217629045122",Negreira
"42.63930012419665, -5.870535798462534",Llamas de la Ribera
"41.4127092110184, 1.512095681509302",Pontons
"41.851909610708816, -3.1652998015027114",Hontoria del Pinar
"38.614757261526606, -3.7604961505293186",Calzada de Calatrava
"37.668701163999174, -4.788021781499995",La Rambla
"40.958044905872995, -3.3661002276247958",Tortuero
"38.2116700171927, -2.941142226167943",Sorihuela del Guadalimar
"38.30880238894823, -2.8862517319008116",Arroyo del Ojanco
"42.80692887316249, -6.020388056171322",Riello
"42.5039853573757, -2.7367637406619325",San Asensio
"40.94849378748088, -3.520499898613087",Robledillo de la Jara
"43.33287823521615, -2.637852062696437",Kortezubi
"41.68292622261807, -1.523690638004709",Tabuenca
"42.38777543107458, -6.37307166550125",Lucillo
"42.491770718448805, -3.0701776399097693",Tormantos
"42.23600866202688, -1.7654672982221837",Milagro
"43.13536284269398, -4.013054907146311",Molledo
"41.208357086975525, 1.0500649130265765",L'Aleixar
"40.23287964988253, -4.18385578040259",Méntrida
"39.417635212954366, -0.5223464075124858",Torrent
"42.797235483961444, -8.564902124899396",Teo
"41.32098265734349, 0.4066957460883719",Almatret
"37.3859435815705, -6.055858238317508",Castilleja de la Cuesta
"39.55000726816824, -0.35092265430944286",Albalat dels Sorells
"36.4945680874564, -6.266429032825678",Cádiz
"39.105499609468175, -4.661720678889418",Puebla de Don Rodrigo
"42.00302104935726, -0.31877772123119674",Piracés
"41.79652349736557, 0.971417203818103",Montgai
"42.90657186746256, -1.304526155683337",Oroz-Betelu
"42.27391820307614, -1.7254135240886417",Villafranca
"42.23890001792203, -8.021471872825014",Cartelle
"41.05664537264036, 0.9557332190750113",Mont-roig del Camp
"39.684515000672924, 2.85682058445053",Binissalem
"42.630918585322746, -3.236794306506223",Fuentebureba
"41.826336657304225, -3.7508748053476793",Santibáñez de Esgueva
"42.101682974266296, -3.833358181954059",Zael
"43.21259013895092, -8.668696509040359",Carballo
"43.065517554885155, -2.15075031469222",Altzaga
"42.05865790585059, 0.9286116407328416",Llimiana
"42.580016255754416, -1.9447192142781995",Oteiza
"40.803591634376815, -4.334122642136517",Zarzuela del Monte
"41.9803293830885, -5.8709341375958175",Micereces de Tera
"42.06267751049818, -5.709062642734925",Villabrázaro
"40.43611372714986, -3.484863717414268",San Fernando de Henares
"42.64247920122466, -1.5995929806201146",Olóriz
"41.000035919553234, -5.91051687310534",Golpejas
"41.384034153331534, -3.9210582731815418",Cobos de Fuentidueña
"37.3300059594119, -6.041609274078765",Gelves
"41.151706686769145, 1.3803161223261633",Altafulla
"40.364236029852684, -0.7134858558034557",Alcalá de la Selva
"42.504179440145336, -1.1292683449296603",Navardún
"38.313851632465465, -6.210992191494219",Bienvenida
"41.48249431929971, 2.318575108160911",El Masnou
"41.42200709880388, 1.6439778647567422",Font-rubí
"42.076916517821445, -3.3115894833491826",Pinilla de los Moros
"41.9953730155061, 2.5188310580173945",Susqueda
"40.655986692687144, -0.5050618145401795",Villarluengo
"41.59763837421857, -4.927048813823252",Villán de Tordesillas
"41.90211773200295, -5.855143488095443",Friera de Valverde
"41.25097200251002, -5.178681718732597",Castrejón de Trabancos
"39.979702729245986, -0.2278124216339775",Onda
"42.076289924699005, 3.0627104613125553",La Tallada d'Empordà
"40.993684424380746, -1.7811458209985775",Tortuera
"43.349708447628196, -5.8736178004044755",Oviedo
"41.79890556497173, -2.362867008509144",Renieblas
"40.03566886592931, -0.8582690514822474",Manzanera
"41.60544004744149, -5.207751809219018",Villalbarba
"40.014538207008975, -4.337264991582278",Santo Domingo-Caudilla
"41.3999931157369, 2.1512252956828966",Barcelona
"38.825624638638736, -0.3630892166375839",Beniarrés
"42.22101945179483, -3.2892576643640523",Pineda de la Sierra
"39.83118709775696, -1.832240991810119",Arguisuelas
"40.40386685316702, -2.9090062709565627",Pastrana
"40.27515046858607, -4.306278883425359",Villa del Prado
"42.155898912112285, -1.6795322317762895",Castejón
"41.369963446210555, -4.112814883332968",Adrados
"39.113220068422144, -0.8485468780829764",Bicorp
"41.40056186979963, -5.261693133348995",Castronuño
"42.5876475530631, -3.7661269974020946",Montorio
"42.250651746459134, 2.070281244158504",Gombrèn
"41.868623519680945, 2.6253253674161847",Santa Coloma de Farners
"40.672186278807715, -1.8065615754982078",Traíd
"43.33890973743613, -1.894744020962207",Pasaia
"37.83553454031268, -3.6104726185811393",Mancha Real
"38.08593448774026, -1.2811581945384025",Ceutí
"41.191390050147, 0.7724112750189527",Gratallops
"39.24005773429494, -0.3083403617974581",Sueca
"41.67318130116672, -5.369079711500315",Vezdemarbán
"41.88793302191514, -3.0403346934361704",Comunidad de Canicosa de la Sierra y Casarejos
"39.79162286256898, -6.27962579761794",Casas de Millán
"36.9601174698546, -3.42532442291384",Cáñar
"42.75357110585679, -0.4813356929550704",Canfranc
"40.731866872888666, -6.573268213682259",Castillejo de Martín Viejo
"40.97813807315311, -1.0446232303952419",Allueva
"39.72497797160917, -3.651243270796003",Villanueva de Bogas
"42.884625291107945, -1.7354825884376732",Facero de Aristregui
"42.47839548236957, -3.294642067922889",Carrias
"42.503239134305396, -3.1370388337286124",Cerezo de Río Tirón
"42.77949154236626, -5.875757649829119",Soto y Amío
"39.03678209448549, -0.22877029825856243",Xeraco
"41.17216366065264, -5.370013391805203",Cañizal
"41.25714408034772, -0.17157971993421717",Chiprana
"42.488170563861054, -3.9384647522094736",Tobar
"42.01240849226364, -5.563918503601134",Fuentes de Ropel
"42.00108460514945, 2.747439908040176",Sant Gregori
"42.31677614469129, -5.759622646721192",Laguna Dalga
"42.78852408726845, -5.032989729643375",Prado de la Guzpeña
"42.00918731008937, -1.569049733142097",Fontellas
"40.91139198396259, -5.3732455535808885",Alconada
"40.4692832119817, -5.891723637402343",Cristóbal
"28.76206689976176, -17.96509836932813",Puntagorda
"41.49569559863025, -2.273566500323921",Velilla de los Ajos
"42.385606580692965, 1.9197288289908796",Fontanals de Cerdanya
"40.9735419336569, -3.2823059761796998",Retiendas
"42.71575074001141, -6.504013210375102",Toreno
"41.8036154249341, 0.8783614357923522",La Sentiu de Sió
"37.017776369325425, -5.15584448763474",Algámitas
"41.54335829244225, 1.287496803116827",Savallà del Comtat
"41.46395945169388, 1.1833992613997426",Solivella
"41.20311817835758, -5.10301048481415",Carpio
"41.74108061005046, -6.163784635509355",Gallegos del Río
"41.2793780745658, -3.502810192403874",Comunidad de Sepúlveda y Riaza
"41.88582738254935, 2.24217586721415",Malla
"39.56221463601151, -0.49598637478609525",San Antonio de Benagéber
"42.069662535976185, 2.2231133257496074",Orís
"40.55672067479627, -3.2631280264456604",Azuqueca de Henares
"43.07433520694255, -4.666854948547853",Vega de Liébana
"40.09771699377234, -4.4560414645542625",Hormigos
"38.84342133497741, -0.47316595180430715",Carrícola
"40.38609135027544, -5.632601816636232",Becedas
"38.7563594999166, -0.3799615717910735",Benillup
"38.30776339523873, -0.8950608044552945",el Fondó de les Neus
"41.084803727855665, -4.802126581433927",Donvidas
"39.82819717907227, -6.751025438454353",Ceclavín
"39.16356889154324, -4.557795360650932",Arroba de los Montes
"38.36044802400022, -5.337423179965991",La Granjuela
"43.400203760488104, -8.154620546922835",Pontedeume
"37.252708016852274, -4.174168946917891",Zagra
"41.019676922155476, -2.942718604508847",Pinilla de Jadraque
"38.35301573739168, -2.656265707228537",Benatae
"40.08107515028733, -3.4517781529839198",Colmenar de Oreja
"38.134147773894846, -0.8710927168760796",Callosa de Segura
"39.889035641288714, -6.352539189403319",Holguera
"38.26558618952048, -5.1840705393589355",Belmez
"42.63951708241557, -7.648296292508003",O Saviñao
"42.256727982406524, -7.600007782085042",Maceda
"40.612840037089974, -5.9571966638836065",Escurial de la Sierra
"41.18307272533165, -5.661258310709574",Topas
"41.76480342277413, -5.509601004899297",Cañizo
"41.13988877770911, -0.8215386330323331",Moneva
"41.14409239382766, -1.3267598043631044",Villarroya del Campo
"40.12827015936349, -5.950049396811073",El Torno
"42.31752912568498, 0.35956940812357635",Santaliestra y San Quílez
"40.422176534100856, -6.672731019066886",Fuenteguinaldo
"39.89621611917004, -5.241209243848404",Herreruela de Oropesa
"41.00140124107627, -2.77448760535848",Baides
"40.80806982181863, -2.7349412861403977",Valderrebollo
"41.76581452425277, 0.29882678531294493",Esplús
"42.875078851552516, -1.3485465099762592",Arce
"40.94318954821874, -5.803190891033076",Carrascal de Barregas
"41.01471364649036, -6.494800981537265",Guadramiro
"41.629246140369446, -2.115487163779246",Portillo de Soria
"41.18874259874078, 1.0909568443233373",Castellvell del Camp
"41.30633702035023, -0.5097479501487977",Azaila
"42.0500254215706, -6.891902326045478",Lubián
"39.996534180950064, -3.0057918434068265",Tarancón
"41.49644991377163, 0.6749537638181751",Aspa
"40.330705863590445, -3.771493287429345",Leganés
"42.77854447602969, -1.881382696676229",Salinas de Oro
"40.61438858712974, -5.647053263561726",Pizarral
"40.8820566787509, -4.494162747704605",Muñopedro
"39.982363161553856, -3.766795237828005",Añover de Tajo
"41.82306812971325, -4.663800625647656",Trigueros del Valle
"41.15952697117919, -1.3783181995985654",Retascón
"38.54366350794101, -7.264008248880873",Cheles
"38.88763348802146, -6.693349317475974",Valdelacalzada
"39.71462876762834, 3.3286901386688825",Artà
"40.847184416245476, -4.603675929939374",Velayos
"40.76670918582787, -6.127244956638383",San Muñoz
"41.41114633114369, 1.2291824897414616",Barberà de la Conca
"41.14282712858787, -1.0777833214397945",Nogueras
"41.82479126527791, -5.034396792961826",Valverde de Campos
"40.524176144708534, -6.077688618981415",San Martín del Castañar
"28.33125481762727, -16.78070099820647",El Tanque
"41.406709891840556, 1.340026395153759",El Pont d'Armentera
"40.92781327516039, 0.06701421846023338",La Fresneda
"41.63277937566424, -5.06403886698017",Villasexmir
"42.34801856809804, 1.644113908424688",Comunidad de El Pont de Bar y Cava
"41.41020555898672, 1.9632723669917493",La Palma de Cervelló
"42.06112032178456, -3.4538787027468163",Hortigüela
"39.380166667229545, -2.570830110748049",El Provencio
"40.03351018302173, -1.772148454790806",Valdemorillo de la Sierra
"38.21905180993265, -3.3366411438470256",Navas de San Juan
"41.7638147571549, 1.344603530970957",Sant Guim de la Plana
"41.41441231001175, 0.42298957542821364",Seròs
"41.96995023066449, -2.0895835607279984",Navajún
"42.10689385596191, -7.603248936259992",Sarreaus
"40.5668010019498, -6.090717080287534",Cereceda de la Sierra
"40.65475807624289, -6.620250960668272",Saelices el Chico
"43.349139532727804, -4.12403364865868",Reocín
"41.42394157155644, -4.393952228505668",San Cristóbal de Cuéllar
"42.084499553984635, -5.772045603545707",Fresno de la Polvorosa
"40.893310340797235, -4.585724906969002",Sanchidrián
"38.15577348152923, -6.013177646611666",Trasierra
"39.64035153633147, 3.371125427439493",Son Servera
"37.31439104639439, -2.4479086992935497",Bayarque
"40.38805503762094, -4.777986417725923",Burgohondo
"39.94524240772539, -0.30061883778729936",Tales
"42.774629467150454, -7.904574446976668",Antas de Ulla
"39.641370590775985, -5.1061682767340875",Aldeanueva de San Bartolomé
"39.64180784928672, -3.8966191100979097",Orgaz
"39.51392152256319, -3.2601971065120243",Quero
"41.93212806794628, -3.2418512338029792",Cabezón de la Sierra
"40.24058140682955, -2.7676805425120845",El Valle de Altomira
"36.95660158797074, -3.3992133772286137",Soportújar
"42.57994459826632, -2.9261371200064596",Cihuri
"40.22641704922745, -3.352757576331777",Perales de Tajuña
"38.60637328721517, -1.1508029205327126",Yecla
"42.50605440339047, -2.3585689955641813",Viana
"43.460464272502996, -5.191636278789119",Caravia
"38.93439306628625, -0.19152878269970586",Beniarjó
"41.17666361741894, -5.981908834950686",Moraleja de Sayago
"40.03696406538292, -0.33378285391084384",Vallat
"39.560709566981714, -2.7728426939521964",Monreal del Llano
"42.190473074545054, 2.388668018765995",Riudaura
"37.82309301742704, -6.360769275037396",Zufre
"36.70155821838925, -5.26117575604937",Benaoján
"42.22606586795943, -7.678537944147816",Baños de Molgas
"42.480247861062445, -8.27962892279903",Beariz
"43.24283585563861, -5.09380415343069",Amieva
"41.04119484816694, -3.8683957089979986",Torre Val de San Pedro
"38.945893045767626, -0.4979021673347979",Bellús
"41.355598982540215, -4.591621035338849",Pedrajas de San Esteban
"36.82048647698331, -3.4898839607656",Vélez de Benaudalla
"42.78064070976157, -1.8279152417970403",Echarri
"42.92685843347084, -1.9613016265828487",Uharte Arakil
"41.04136709351923, 0.5772710592095076",Miravet
"39.5965988168446, -5.147086730396901",Mohedas de la Jara
"38.864656984775806, -0.4087766523316408",Ráfol de Salem
"38.770244624730594, -0.4188282873519106",l'Alqueria d'Asnar
"41.64463252421886, 2.1572713273760686",Caldes de Montbui
"42.03829137398745, 2.266404995147734",Torelló
"37.526668685748724, -4.332544923314477",Zuheros
"40.226653468364205, -1.63148844753072",Zafrilla
"40.534594924632444, -3.6301211453858566",Alcobendas
"40.768511238784505, -3.684237572110094",Guadalix de la Sierra
"40.34454444199008, -1.6282610842759835",Frías de Albarracín
"40.48779693424204, -5.167118147780604",Villafranca de la Sierra
"38.14366221913519, -5.1892997065018145",Villanueva del Rey
"42.92319659924279, -5.132482227459707",Crémenes
"42.576714309427544, -6.322876903985203",Torre del Bierzo
"40.4058796769983, -4.192876158556879",Colmenar del Arroyo
"40.764111823047436, -3.4708639056943795",Valdepiélagos
"42.445254336073674, -1.6748858446299628",Olite
"28.096877693819128, -17.166260963880152",San Sebastián de la Gomera
"40.72970858405872, -1.1116826173813759",Lidón
"39.93872096495063, -4.56397894927703",Cebolla
"41.69030845346364, 2.2818365664455333",La Garriga
"42.123489710769995, -5.1135945340930276",Bustillo de Chaves
"42.27137726476693, -1.3322374524123188",Sádaba
"42.36516587981072, -1.1537560045163253",Uncastillo
"41.28248572959182, 0.7210474066830408",La Bisbal de Falset
"43.06774594404682, -2.747066637951637",Zeanuri
"38.417487098941365, -2.553941582676288",Dehesa de Santiago
"38.591393559725, -5.148817300508702",Belalcázar
"38.7897451163729, -2.1850368095582113",San Pedro
"41.969861913656175, -5.968212570320121",Santa Croya de Tera
"38.62031223938675, -1.663969874214308",Tobarra
"37.37908587188019, -2.3033118786956597",Olula del Río
"38.72463563130723, 0.14864405576972134",el Poble Nou de Benitatxell
"43.145844341091795, -2.0258154378855275",Berrobi
"41.4909393315149, 1.0056653586521067",L'Espluga Calba
"42.94973272051882, -3.3998293621516145",Medina de Pomar
"42.55629486814509, -3.381968412844825",Salinillas de Bureba
"39.88694411889771, -0.30491191890618735",Eslida
"40.540418166946246, -3.102067609679549",Yebes
"37.80029046133616, -6.782984477561284",Almonaster la Real
"41.930495253003386, -1.6839708291016409",Vierlas
"40.08941484487031, -0.7531991682825424",Albentosa
"41.18066020183392, -2.009110811144441",Sisamón
"41.33232801132986, -1.5564522938901744",Villalba de Perejil
"42.58527795497879, -3.4473136254519186",Rojas
"43.2854965593835, -8.069600218852854",Irixoa
"42.09475750334192, -3.142203102724864",Valle de Valdelaguna
"42.247621729341816, 3.0977100867248777",Castelló d'Empúries
"37.49017065277844, -3.5067005860125064",Domingo Pérez de Granada
"41.07551293755277, -3.133779179583202",Arroyo de las Fraguas
"40.54301677266007, -2.489726752486371",Salmerón
"37.9596252274264, -6.332327574664159",Cala
"41.17812055474301, 1.0171939896836015",Les Borges del Camp
"38.00039346002853, -0.7046973122809407",Torrevieja
"39.2703229509963, -5.195844948526311",Valdecaballeros
"40.16704792798756, -2.850875268707958",Saceda-Trasierra
"42.06670328209946, 2.908663363985086",Cervià de Ter
"40.34780454049337, -3.029450232252199",Pozo de Almoguera
"43.02880973795881, -2.342184458186888",Legazpi
"42.29053513705775, -0.3463667667725501",Nueno
"37.54840525937797, -3.9483466283135713",Castillo de Locubín
"38.22472759975787, -3.4793340678682654",Vilches
"42.00686307044555, -7.033801115360009",A Mezquita
"40.99466214323333, -5.268399650215771",El Campo de Peñaranda
"40.710967050502994, -5.427851918873471",Larrodrigo
"43.31123732252103, -4.231817589566196",Cabezón de la Sal
"43.330223609876434, -3.6883050128223904",Riotuerto
"42.071156840432565, -2.3819160832633406",Villar del Río
"41.24209626683847, 1.4925304919273887",Albinyana
"40.29456766998777, -1.405481514836741",Valdecuenca
"39.46605605059801, -3.5378132172755334",Madridejos
"42.838436086126684, -2.3871358577697137",Agurain
"40.65716577258573, -0.21233639204386",Forcall
"41.74093665362519, 2.6304066662181973",Hostalric
"42.12594926564553, 2.9612887052256545","Saus, Camallera i Llampaies"
"37.41584854670956, -3.2651415435689524",Huélago
"42.082329760728406, -0.373570468015726",Monflorite-Lascasas
"43.01091667896573, -1.9044229645732873",Lekunberri
"40.596131839874204, -6.283950393776445",Morasverdes
"41.003411728419245, -5.575054265945749",Moriscos
"41.7092532234272, -4.758363005494156",Fuensaldaña
"41.71028723580564, -4.144384696404976",Piñel de Arriba
"40.57389005139776, -5.469990450154626",Narrillos del Álamo
"40.802497857689694, -1.073679165066486",Alpeñés
"43.37208714486937, -2.718270325172815",Busturia
"41.220296244163116, -6.270578924398984",Sardón de los Frailes
"42.24798362602672, 2.785932489699732",Cabanelles
"41.985930645752475, 2.9531753692527523",Madremanya
"36.56633792445789, -4.838181659128353",Ojén
"40.817263139157824, -0.2027338301521073",Aguaviva
"40.52473079542913, -1.2430150581051786",Villarquemado
"41.837580194361195, -0.6157173994440504",Leciñena
"41.65701773905677, -1.6262072281145845",Trasobares
"41.422860619209274, -1.8774857660783577",Villalengua
"38.23463943181966, -0.8143233401236537",Crevillent
"42.08154579386583, 2.1314432985767024",Sant Agustí de Lluçanès
"38.84952316636032, -3.9727795953428515",Villar del Pozo
"39.708626167438524, -2.824298345815395",Hontanaya
"41.91226690714615, 2.6720151082174404",Brunyola i Sant Martí Sapresa
"42.68420303149498, -0.5103698952701966",Villanúa
"40.84158460816251, -6.569809243355558",Fuenteliante
"40.388699649427146, -6.040783674327882",Sotoserrano
"37.54387437479587, -6.309152785868941",Aznalcóllar
"41.89390863718389, 3.1488683134193862",Mont-ras
"40.67394328248049, -1.9773070908825248",Taravilla
"42.737540577100276, -6.578326141922432",Berlanga del Bierzo
"41.558326870747514, 0.8789353153182208",Puiggròs
"42.39684915106468, -2.580599843500171",Hornos de Moncalvillo
"37.82234455901439, -1.3874263976034777",Alhama de Murcia
"42.64377419057248, -2.137896441602492",Abáigar
"40.71174988324563, -6.791186990475207",Aldea del Obispo
"41.29895267297724, -3.3960014705010257",Riaza
"41.636605919693196, -2.8510993454453675",Rioseco de Soria
"40.84533920837252, -0.7054783587012006",Torre de las Arcas
"39.928836598891436, -1.1480690845608796",Aras de los Olmos
"42.05493722833171, -6.471562025150377",Asturianos
"41.43380211472963, -6.137970251366679",Luelmo
"41.635698433596936, 2.4081142529744817",Llinars del Vallès
"39.409766286687834, -6.269412255275135",Sierra de Fuentes
"40.638390352939666, -5.062779700608205",San Juan del Olmo
"41.56618681348243, -3.8148259810027025",La Sequera de Haza
"36.75370036105514, -5.510768746648596",El Bosque
"39.44279374660313, -1.6496034357701204",Villarta
"42.045496736890854, 2.9624612905405034",Flaçà
"38.96167981952203, -0.19545099431992907",Benirredrà
"43.28958064545651, -3.03701439032",Valle de Trápaga-Trapagaran
"40.79319238516232, -4.990418986361866",El Parral
"41.53932941292227, 0.4665536741160572",Soses
"40.88195098170833, -3.557840006749797",El Berrueco
"28.14002466295514, -16.724130955217888",Adeje
"41.51184533071247, -3.518166494105679",Maderuelo
"41.104274879569715, 0.2953513801600196",Batea
"41.217852739575676, 1.3157498463724766",Renau
"41.20390070754907, 0.6515256347062323",La Torre de l'Espanyol
"40.834199166919596, -1.213354865516127",Bañón
"41.56790711465115, -1.9579358321080802",Berdejo
"38.46189897942577, -1.6730793748274442",Hellín
"40.783672502886795, -1.802771499027998",Prados Redondos
"42.13668000681563, -0.06546494971600174",Abiego
"42.42712500882193, -3.0026871314812387",Corporales
"42.834947843937215, -0.9306234961192681",Urzainqui
"41.082371334337495, 1.0420309646368218",Cambrils
"41.841347146902585, -4.86384992338338",Villalba de los Alcores
"43.00927560308584, -3.0314543492645076",Urduña
"40.850227539260175, -4.772223296136638",El Oso
"41.48654555448481, 1.8763275692897268",Sant Esteve Sesrovires
"41.80885397722187, 0.20877240361984947",Binaced
"41.38652376672093, 0.9514613381163001",El Vilosell
"42.44841218379403, -7.053621696152459",Vilamartín de Valdeorras
"39.016077181809834, -6.280452106887823",Mirandilla
"39.01048361208367, -4.818870342915828",Agudo
"42.520865998788686, -2.2708810427411983",Torres del Río
"42.105947128286275, -8.746434509536932",Gondomar
"41.17215092308878, -5.258815738552412",Tarazona de Guareña
"39.47229162849976, -0.49563796944633515",Quart de Poblet
"39.010086474892255, -0.4698757899312865",Llocnou d'En Fenollet
"41.283910682674666, -0.8119329501802552",Almonacid de la Cuba
"42.007157853001424, -3.307622217819867","Ledanía de Hacinas, Salas de los Infantes y Villanueva de Carazo"
"40.084262731665696, -2.4014021217644936",Villarejo de la Peñuela
"43.16255471419327, -2.2597505850144417",Azpeitia
"41.38706158227831, 0.5385284831068043",Llardecans
"42.46357234353539, -1.5984925929504652",Beire
"42.37442418274821, -7.404088732273352",Castro Caldelas
"42.19952432729158, -4.526220291723317",San Cebrián de Campos
"41.35280897847777, -3.8882104168232767",Carrascal del Río
"40.90728497364901, 0.7756412980246237",L'Ametlla de Mar
"40.014748342168765, -4.434582368410044",Santa Olalla
"41.404860827325265, -5.628051345818728",Gema
"37.49283587829345, -3.8239194893145183",Frailes
"42.374550098734666, -2.766940091451153",Cárdenas
"41.84442943726546, -2.4059858346932876",Buitrago
"40.22973164778155, -0.8131713980814717",Valbona
"41.65446080808406, -5.251480505582699",Tiedra
"42.20965816878354, 2.630044880944693",Argelaguer
"42.321541884415836, -3.044334204186216",Zorraquín
"40.34247751284451, -4.14388328242658",Villamantilla
"40.82729895471445, -5.92484173813171",Matilla de los Caños del Río
"40.59452208166136, -5.526702868352846",La Tala
"41.749779938531454, -2.16465915345738",Tajahuerce
"43.20458388391373, -3.146277056142438",Zalla
"39.50304849694351, -2.154034811664611",Tébar
"37.29885675636133, -3.196471320639218",Marchal
"42.11856538575055, -8.154896159209219",Padrenda
"38.094731617715674, -6.397355929580279",Cabeza la Vaca
"38.38000615021492, -5.8405882307371675",Maguilla
"38.06405589240246, -0.7866822834132889",Algorfa
"41.58427272066734, -3.6827966857340786",Milagros
"39.27680757680555, -5.653298391850851",Zorita
"42.88199449728623, -5.422218177404375",Valdepiélago
"40.641212979637395, -3.9884382348862397",Collado Villalba
"42.009911596979606, -4.6793747848366785",Villamartín de Campos
"39.92036158599561, -4.34563118263931",Escalonilla
"43.207224484197795, -2.8675439169530783",Zaratamo
"41.223777541964424, -5.965921964655617",Alfaraz de Sayago
"41.27632348363773, -1.9691735272215793",Cetina
"41.40621552526187, -0.530652167453037",Quinto
"41.0055268856427, -3.7291170027527247",Navarredonda y San Mamés
"43.0716330660683, -4.010550808781024",San Miguel de Aguayo
"41.47441326721397, -4.061404249113474",Aldeasoña
"41.0347030597025, -3.833528156566722",Navafría
"40.16953075184905, -4.874366820124181",Buenaventura
"39.53427336870934, -0.36897924928965736",Vinalesa
"41.268316901107696, -5.632680487926089",El Maderal
"38.62077256231229, -0.15243330287626433",Polop
"39.88648411322361, -1.89850847238048",Reíllo
"43.07826993282236, -2.106591192633936",Orendain
"37.4034435934234, -6.448212463565844",Manzanilla
"41.800091971601816, -0.007920278785589619",Castelflorite
"42.878857501311025, -6.648941108056455",Peranzanes
"42.73358846982453, -4.466369812693324",Olmos de Ojeda
"40.74007024896601, -4.631289955874208",San Esteban de los Patos
"41.55832577816021, -1.5059410738316839",Nigüella
"38.20566826009999, -3.4157074662581675",Arquillos
"39.20670888546523, -4.512339117337018",Fontanarejo
"40.94075561539905, -4.350890365396793",Marazoleja
"41.67529829024679, -1.8824377275093724",Borobia
"43.40403612426077, -2.7087549095478933",Mundaka
"41.94851302173996, -1.2019833594260845",Tauste
"41.783563108501745, -4.945343096887108",La Mudarra
"41.505672503243176, -3.950341138767614",Sacramenia
"41.674915397976704, -5.453317896999937",Bustillo del Oro
"41.9901172350657, -3.8562684682395703",Avellanosa de Muñó
"40.73442358173087, -1.7402399952686638",Anquela del Pedregal
"42.35863614809114, -2.6366804836280777",Santa Coloma
"42.273045470429935, -3.209490463164404",Santa Cruz del Valle Urbión
"38.07401481838688, -4.760518009997664",Obejo
"42.232923866589104, 2.9524761454831596",Santa Llogaia d'Àlguema
"37.60866856992482, -3.1611794840023184",Alicún de Ortega
"40.80123842646006, -1.8710238851923657",Castilnuevo
"43.31877412766557, -1.7844843152030934",Irun
"42.37834945903112, -5.510791828555826",Cubillas de los Oteros
"40.25787855110942, -3.8797035821934314",Moraleja de Enmedio
"38.02103061654551, -1.2682125024870659",Las Torres de Cotillas
"41.9830101827645, -1.684670685588951",Tulebras
"43.219182728617234, -1.690681707758773",Igantzi
"28.044277943766268, -15.583103866358343",Valleseco
"40.66288317201106, -5.570097635253465",Pelayos
"40.09034880020465, -4.803360440681129",Marrupe
"40.04518496807198, -3.82263524951175",Pantoja
"41.95431170137451, -3.293794144347696",Comunidad de Gete y Hacinas
"37.23503528468818, -2.226145775515942",Benitagla
"38.83678282880717, -4.018307060428255",Cañada de Calatrava
"39.70340791585476, -1.8892952967694716",Almodóvar del Pinar
"41.87567418907692, -4.561794744769769",Dueñas
"40.02652885791834, -1.443839312399774",Algarra
"40.68123846906726, -3.2093773975755466",Marchamalo
"40.39591549831703, -2.211377637594173",La Frontera
"39.80609376309332, -1.374215651987992",Garaballa
"41.91385370535667, 0.8674050683500525",Camarasa
"42.683341506442005, -4.838383481126172",Fresno del Río
"42.35125849075399, -8.652390231882418",Vilaboa
"40.61826890175338, -6.195891865848072",Puebla de Yeltes
"43.20216499625909, -3.76654395853784",Selaya
"42.12413492765506, -6.001011045634061",Fuente Encalada
"41.2643990128144, 0.3191333884739008",Fayón
"42.73165252059131, -1.6437023794586425",Beriáin
"42.63195171121353, -4.6049339414415495",Buenavista de Valdavia
"42.0934521068191, -5.210522220918049",Becilla de Valderaduey
"41.2742703899629, -6.228493056367621",Salce
"39.02439425607587, -6.034800700715207",Santa Amalia
"37.78203484770337, -3.0879956233166785",Quesada
"41.923351575843895, 1.4619207864451338",Llobera
"42.26315972357852, -4.503539924151846",Revenga de Campos
"37.041900144071825, -2.154261479796009",Lucainena de las Torres
"41.95910879860489, -3.1208736699909583",Palacios de la Sierra
"38.65488864014184, -4.495262729087819",Almodóvar del Campo
"42.830313907298326, -1.4673340193397209",Lizoain-Arriasgoiti
"41.47148066226436, -3.6225041976615864",Moral de Hornuez
"40.98030127440942, -3.9879919525358525",Torrecaballeros
"39.19606064578929, -0.5505210163863639",Benimodo
"41.980054461401274, -5.191374609398669",Aguilar de Campos
"42.14885696213111, -3.2287618599875256",Comunidad de Barbadillo del Pez y Riocavado de la Sierra
"41.98883573059892, 1.968244768315387",Santa Maria de Merlès
"41.440631741328836, 1.722903316085971",Torrelavit
"41.55424727449496, 2.4466612954364426",Mataró
"41.95426387847462, -3.4305955213595114",Santo Domingo de Silos
"40.35426731118562, -6.2016242434198405",Caminomorisco
"39.42345641756815, -1.943703908055501",Villanueva de la Jara
"42.388411372527145, 2.9666666010298406",Sant Climent Sescebes
"42.64792343300899, -6.436809729871502",Bembibre
"42.778187751499864, 0.689123680686537",Bossòst
"40.57508325398874, -3.599622962826555",San Sebastián de los Reyes
"43.35158580639984, -5.4931198938330725",Nava
"27.94958699326762, -15.787407490415495",La Aldea de San Nicolás
"41.19793321193106, -6.588355030247624",Masueco
"41.17550983775312, -3.8194985478335113",Valleruela de Pedraza
"41.47875506779486, -4.569012296673212",Portillo
"37.51871542157308, -4.129218902513964",Fuente-Tójar
"38.10428764162552, -4.365698611318003",Montoro
"42.378632945723325, 2.171202014390827",Queralbs
"37.21647784206682, -3.5885737373502797",Jun
"41.71629424582188, 1.0015307197106296",La Fuliola
"42.214477811564436, -2.4941019149564823",Jalón de Cameros
"36.62598719621605, -4.515752143257457",Torremolinos
"39.82387409104655, -4.147559699517942",Guadamur
"40.1343408624904, -3.844655336639327",Illescas
"38.109841434329994, -0.7629146651337955",Daya Nueva
"40.40995100478482, -4.855735022244407",Navatalgordo
"39.089203014351085, -4.302164955821944",Piedrabuena
"42.05618764502825, 2.8038560230813356",Palol de Revardit
"42.31022905338662, -3.846297419612438",Frandovínez
"37.15272267351055, -3.1950481308130727",Jérez del Marquesado
"41.0136016486753, -4.418796042760901",Santa María la Real de Nieva
"40.370481925440494, -1.5746271060985615",Calomarde
"40.05579729901865, -1.1322312897177547",Puebla de San Miguel
"41.58594397819414, -4.201763349294373",Manzanillo
"41.320190003608076, -5.7252306186752975",Corrales del Vino
"37.130607703522145, -2.8261578733026713",Abrucena
"39.55101107094102, 2.5081131229250153",Calvià
"41.424134214161676, 2.221687277243547",Sant Adrià de Besòs
"41.005969527324126, -2.0257949845309904",Establés
"42.491213002204205, -0.23769464562317702",Yebra de Basa
"42.281340635002024, -7.503638918047478",Montederramo
"41.74109378376348, -2.9694644457721235",Talveila
"41.76945965970398, -1.6216303041585631",Ambel
"41.749033044338425, -3.0555432905400357",San Bartolomé
"41.52416859515195, 2.347658023544693",Vilassar de Dalt
"42.03438396957415, 2.0701294089481936",Sant Martí d'Albars
"41.560676640812986, 1.5766040552286256",Santa Margarida de Montbui
"41.77072221214267, -3.6913394689583154",Gumiel de Izán
"42.4563793918173, -3.1171077999820684",Redecilla del Campo
"40.17031204432991, -5.646495832972336",Guijo de Santa Bárbara
"37.47587603180691, -4.581260856188848",Monturque
"37.53372923310081, -4.852254055723524",Santaella
"40.297245551930345, -2.5343836074461765",Gascueña
"42.39101988721728, -5.086720005122197",Calzada del Coto
"42.52302019099753, -5.505047209253555",Villaturiel
"42.400122948648594, -2.7130229250003755",Tricio
"41.140623333516245, -4.486382168690848",Nava de la Asunción
"42.79052435623186, -4.017637700172274",Berzosilla
"40.30261399270556, -6.663174221135313",Peñaparda
"43.44732330466355, -3.902620074315195",Santa Cruz de Bezana
"43.463962882661534, -3.8328053857007953",Santander
"40.576022929520015, -0.35375620429858196",Mirambel
"40.84961814943981, -0.7971305128833921",Montalbán
"39.84754100858819, -3.501555081739671",Dosbarrios
"40.005092362301795, -4.62590786649808",Lucillos
"39.91250449506479, -4.704712175864546",La Pueblanueva
"38.89809812905413, -0.313267859619041",Terrateig
"41.46207278052555, -5.6929924800247065",Arcenillas
"39.82792002489478, 2.848024919341102",Escorca
"41.492216473951096, 2.358168499238515",Premià de Mar
"41.59811803608894, -3.818124665771916",Adrada de Haza
"42.282212638825506, -3.8446762348225936",Cavia
"42.33157233671681, -3.798408767144928",San Mamés de Burgos
"37.97179782599546, -1.2318191016937095",Alcantarilla
"38.05742807899152, -1.2729936705498397",Alguazas
"42.257883628256764, -4.899929558981782",Pozo de Urama
"42.07506118865434, -4.614342309105351",Villaumbrales
"42.58608088566444, -4.86323456702061",Villota del Páramo
"42.65643880684679, -3.0588654617463815",Ameyugo
"41.63639516548123, -4.0000207895161015",San Martín de Rubiales
"42.62717567021781, -3.179742872109553",Santa María Rivarredonda
"39.04957320318525, -3.83537409184582",Carrión de Calatrava
"39.294309336220486, -2.2613143144900447",Casas de Haro
"40.66922650521468, -2.2343799964853877",Villanueva de Alcorón
"42.3690994365251, -5.006044893747407",Sahagún
"41.62612664695924, 0.8335800032969033",Sidamon
"40.72174803390806, -5.545687751517176",Galisancho
"40.75135026127274, -6.290018013909558",Martín de Yeltes
"41.11461719764895, -3.722409826201683",Arcones
"41.03144841268696, 0.08916392245131965",Mazaleón
"41.680780119502245, -0.9275578262282521",Zaragoza
"41.98435244478852, -3.3519367188847022",Soncarazo
"40.51712683521048, -4.968214422780285",La Hija de Dios
"41.83119235384363, 2.174304548752434",Collsuspina
"40.86774243916947, -4.891223272361194",Muñomer del Peco
"38.96637763149864, -1.4290403749468916",Higueruela
"42.31509459187862, -3.201225028968478",Pradoluengo
"41.953270890094004, 2.8872557401777663",Quart
"42.39982450114967, 3.046506696648962",Rabós
"38.878840533127175, -6.628747313996612",Puebla de la Calzada
"38.73918838694886, -0.07388317856412203",Parcent
"39.91544860366903, 4.232282057516563",Maó
"42.122095957881335, 2.771145886717755",Banyoles
"42.59079104370116, -2.95037722784926",Sajazarra
"42.63822666183281, -4.442320186083869",Dehesa de Romanos
"40.80392827645132, -5.213998168032926",Salmoral
"28.123420603777095, -17.3186535836036",Valle Gran Rey
"37.66989666554264, -5.50840658244356",Lora del Río
"42.311606322936825, 2.842666016638908",Terrades
"40.70895897010776, -3.351093717453644",Galápagos
"38.09273170706739, -3.778892466471523",Bailén
"42.89637184436613, -5.567235804395052",Vegacervera
"40.39179576112165, -5.672854422454382",San Bartolomé de Béjar
"40.78763341495297, -4.901293810126914",Santo Tomé de Zabarcos
"40.63010159202706, -4.786285040237595",La Serrada
"39.14838953601687, -1.4568391904390652",La Recueja
"38.42855769589472, -0.9124624118411303",Monòver
"41.421214150721326, 1.104055416240407",L'Espluga de Francolí
"40.12067001470748, -3.789240257685985",Yeles
"41.02600307949888, -1.9386428982583463",Tartanedo
"41.57512902311395, -2.8192870619123416",Valderrodilla
"39.236576942945476, -1.635939765023254",Golosalvo
"37.03984999178005, -3.0370898160582036",Nevada
"41.99792634159283, 2.0231640948661616",Prats de Lluçanès
"42.51810354921144, -7.493312002753968",Monforte de Lemos
"41.03971973418228, -3.509730587313658",Prádena del Rincón
"42.49883230415683, -7.95617346168535",San Cristovo de Cea
"40.70218922202787, -0.9211486416120316",Cañada Vellida
"40.11712771126296, -3.9779753147962693",Palomeque
"41.479382052213126, -4.789523653201558",Valdestillas
"41.02940133933481, -3.599065115351459",Piñuécar-Gandullas
"42.80593288895547, -0.9538483889462536",Roncal
"41.16955852622665, -3.8858461715361137",Arevalillo de Cega
"39.58096903913561, -4.832666143888505",Robledo del Mazo
"41.62737976695448, -5.72941169844864",Moreruela de los Infanzones
"43.3666629454886, -2.658452882535125",Gautegiz Arteaga
"42.105857737815505, 2.1704956619138995",Sora
"40.17317354603216, -5.858464400571543",Navaconcejo
"37.76995391545972, -4.241359538604089",Valenzuela
"37.73875442950319, -3.9164119786324174",Jamilena
"42.56722970562756, -1.6581468954506458",Pueyo
"42.0208339414856, -8.845979145250809",Oia
"40.86920310534108, -5.439591135574934",Garcihernández
"41.25997543627573, 1.3858541747481221",Montferri
"40.360129017254835, -5.043881615439706",San Martín del Pimpollar
"39.18972378251154, -0.3374244522399303",Riola
"40.883981450482366, -5.01217359906116",Rivilla de Barajas
"42.39038655731681, -3.576159880875821",Rubena
"42.443666691251835, -4.745132127273128",Bustillo de la Vega
"40.58178598814853, -5.848994985118552",Monleón
"40.90136023037867, -5.212057149499161",Peñaranda de Bracamonte
"40.96758777407776, 0.5231705370876136",Benifallet
"40.59154326509506, -0.3040146141961673",La Cuba
"39.211113472887156, -0.7930659427987204",Millares
"41.59465186957058, -4.653120841924828",Cistérniga
"41.93617044038632, -5.9318558067367295",Santa María de Valverde
"40.25445606208256, -6.415469505879121",Torrecilla de los Ángeles
"41.938931185279756, 3.0855920547095677",Forallac
"37.36508697732056, -3.2848956395111206",Darro
"37.04018423024999, -4.319566151628514",Villanueva del Trabuco
"41.102824187250846, -4.1114716165337075",Escobar de Polendos
"41.38855399037499, 1.7200700295032747",Santa Fe del Penedès
"41.683638643078176, -3.7564315071065657",Villalba de Duero
"36.77086503848934, -5.3894801275566655",Grazalema
"40.031695016339896, -1.513005455224528",Alcalá de la Vega
"42.121996141495835, 3.1227166455040756",L'Escala
"40.85989293480812, -2.8533473355430026",Ledanca
"40.946020653754225, -2.9955452396870608",Membrillera
"42.62606081466516, -5.675811069569269",San Andrés del Rabanedo
"40.8227200041893, -3.547289743081628",Torrelaguna
"40.903926350893634, -3.117239086493108",Montarrón
"40.589401151287746, -1.8991530204917382",Peralejos de las Truchas
"42.508270074793735, -3.0450401626591677",Leiva
"43.26819069267915, -6.252915776724196",Belmonte de Miranda
"41.34203907386413, -2.8464002751783606",Arenillas
"39.862832821746736, -3.70615181661696",Villasequilla
"41.51824902823399, -4.153516510677805",Fompedraza
"41.32939264779193, -5.628924703785552",Fuentespreadas
"39.73916919356128, -5.761212270735576",Casas de Miravete
"39.758430365903365, -1.7356889095280237",Yémeda
"38.33677824999228, -2.813150239879041",Puente de Génave
"38.01823588605737, -3.007786969581443",Santo Tomé
"42.40625457748857, -2.674546971812276",Alesón
"41.42042226700637, -3.7549641474435433",Navares de las Cuevas
"40.0360518269515, -4.265487935081633",Novés
"41.457503443996885, -6.054288783454362",Moral de Sayago
"37.669354055517985, -4.556883411945456",Espejo
"40.928865554902345, -2.9363227888356627",Jadraque
"40.96123276811026, -2.738962632631489",Mandayona
"41.226778644223685, -3.011167243179346",Ujados
"42.503565503934816, -3.2723670909962888",Bañuelos de Bureba
"36.686328508383944, -5.367126560852091",Villaluenga del Rosario
"42.30628994516187, 2.2304588008094925",Pardines
"43.37258353753693, -7.492179894969179",Abadín
"36.7777621770249, -5.128540605208162",Ronda
"42.686623611428146, -1.8408890780693696",Artazu
"42.59973918969597, -1.5597809043618798",Leoz
"41.220367926351884, 0.8078303841295011",Torroja del Priorat
"38.98418588117054, -0.3269057988783954",Pinet
"38.8880487590075, -1.3085599276000963",Bonete
"40.61349326968939, -5.129795994416991",Vadillo de la Sierra
"41.742921269193246, -3.8756195167959824",La Horra
"42.17224171733049, -3.7098375853078664",Valdorros
"42.065435465992394, -3.7326074654184516",Villalmanzo
"42.731513654035176, -3.7441473197283184",Valle de Sedano
"40.04270858909572, -6.726688180212144",Vegaviana
"42.73497072479763, -0.7295447396680451",Valle de Hecho
"42.291503191614744, -2.1135544490925673",Tudelilla
"41.33152221989586, 1.4870237286836265",El Montmell
"40.95273569217737, -0.6963754948237108",Alcaine
"40.91689148161822, -1.0740185546430152",Torrecilla del Rebollar
"38.86893891097263, -0.44783222042373294",Otos
"42.938437835293314, -3.574282172531872",Villarcayo de Merindad de Castilla la Vieja
"42.06277193107617, -4.485108688751049",Fuentes de Valdepero
"40.45835156428908, -1.2949255741235814",Cella
"41.869404124245065, 2.048797573907035",Santa Maria d'Oló
"37.35720533612184, -4.541873035790744",Lucena
"37.132707717267984, -3.6965540074981993",Las Gabias
"43.44488295543333, -5.0836973314369285",Ribadesella
"43.525493837076745, -6.055312753834979",Soto del Barco
"42.47881591921092, -4.747778485490437",Pedrosa de la Vega
"40.438212101333384, -6.478903206602401",Martiago
"37.071670705355224, -5.185412503242334",Villanueva de San Juan
"40.83700278709556, -0.9102925237758901",Martín del Río
"41.64129708344318, -4.10467090559806",Curiel de Duero
"36.708843134654096, -3.480626562379357",Torrenueva Costa
"41.123896677546895, -2.7416625356600086",La Olmeda de Jadraque
"42.58758535330676, -5.846840338389852",Carrizo
"42.932041050494995, -1.646427067547548",Odieta
"40.98520413377699, -5.503675667819185",San Morales
"39.96648937399191, -4.457979305141043",Carriches
"38.929971503492304, -0.24640805285048592",Alfauir
"41.23279505962533, -5.3244366291985115",Castrillo de la Guareña
"41.76218811082563, -5.721845623107933",Manganeses de la Lampreana
"42.54739923715641, -1.106002633318785",Urriés
"39.21868958985039, -3.5132773024431576",Las Labores
"37.40290847544985, -6.555689590686035",La Palma del Condado
"40.79282920641926, -5.363610975941386",Gajates
"41.480849372383624, -2.034862385230317",Deza
"39.86965680162618, -5.252073287628212",Caleruela
"43.02022655486181, -3.7591527263028537",Merindad de Valdeporres
"40.29582897275108, 0.23125090370893375",Alcalà de Xivert
"37.951909514640164, -6.671415388643768",Valdelarco
"42.7182353911243, -7.760080733484546",Taboada
"42.17728629753811, -4.968080872098353",Boadilla de Rioseco
"40.98445056107105, -5.981002805256342",La Mata de Ledesma
"41.20187513974271, -3.9102940673491333",Puebla de Pedraza
"41.716859145609114, -3.194827302632755",Fuentearmegil
"39.804347882795575, -1.1133979684255284",Tuéjar
"43.31243279733814, -2.6920331649620715",Gernika-Lumo
"38.722173861483554, -0.7605995564131229",Beneixama
"38.23133667203908, -6.291761393006999",Fuente de Cantos
"40.669783523077896, 0.04276719489152528",Castell de Cabres
"40.70991751046232, -0.19016101290335888",Palanques
"39.21093827414741, -4.304269718095859",El Robledo
"42.20981172866992, 2.5939379153357134",Sant Jaume de Llierca
"42.400111007555374, 2.294320665702807",Setcases
"37.44897855206113, -7.403243888514556",Sanlúcar de Guadiana
"41.722250963013224, 1.2771560492399134",Tarroja de Segarra
"40.62267375247162, -3.3501593180464506",Valdeavero
"41.95569939963462, -4.3289726719353485",Villaviudas
"42.14980625679382, -4.08650963161565",Villodrigo
"41.22901369106298, -4.183763005502681",Fuentepelayo
"36.98841798130261, -5.928681676952569",Las Cabezas de San Juan
"41.126634572368324, 0.8013279293344365",Marçà
"41.05374889906143, -1.246320302707311",Ferreruela de Huerva
"39.39966122128411, -3.47883049312115",Camuñas
"39.3810979260152, -0.44717276707013337",Alcàsser
"43.3510623538152, -2.6108099127095445",Ereño
"41.25225433439483, -5.711644463048531",El Cubo de Tierra del Vino
"41.78744439446543, -6.049639284298786",Ferreruela
"42.35881361633618, -1.2870278049477784",Castiliscar
"41.75291822740686, -1.380876999569766",Pozuelo de Aragón
"41.60848826855414, -4.42009661893957",Sardón de Duero
"41.893568884803074, -1.599714268918707",El Buste
"41.72572892104012, 2.471698628147315",Campins
"41.542472046964036, 1.7954878784529646",Els Hostalets de Pierola
"42.42116332468476, -3.481202286503483",Fresno de Rodilla
"39.81492589519612, -0.5846404267655038",Altura
"38.483591188759135, -3.984516452293299",Mestanza
"42.857480096859156, -8.31219814279219",Touro
"41.103023662751575, -3.0279874246889698",Villares de Jadraque
"37.64747828260407, -3.3971218321759022",Huelma
"39.752680429657104, -2.330507264892661",Olivares de Júcar
"41.380348448633896, 0.7864169381602046",Juncosa
"41.60146664905079, 1.0465577486597375",Preixana
"40.18211727554505, -0.029331704597579857",Vall d'Alba
"42.082066064583394, -0.2753452761026445",Alcalá del Obispo
"42.00134481019794, -8.047010342160407",Lobeira
"42.13813048384162, -6.518947952214458",Rosinos de la Requejada
"42.14824425734271, -3.109937881841373",Monterrubio de la Demanda
"43.22692750523681, -1.9712764944134877",Urnieta
"40.12990037913126, -3.268237391556089",Villarejo de Salvanés
"42.84043970943268, -1.103766758579889",Sarriés
"42.82598414875754, -1.7044040960880087",Orkoien
"41.26056053551737, -3.934255824123534",Cantalejo
"41.818985824058394, -1.2600201469821282",Luceni
"37.18789160119164, -2.856736013843805",Fiñana
"40.92418168461626, -4.013066831289138",Palazuelos de Eresma
"41.05432748023196, 0.8811478405862424",Pratdip
"42.82651967419624, -2.819431923498244",Iruña Oka
"42.52587720602272, -6.458084447838447",Molinaseca
"43.47438557495653, -6.970312006136715",Castropol
"42.719320170689286, -2.6903292347521672",Condado de Treviño
"39.75953833618003, -5.707526429174358",Romangordo
"40.33068823840826, -5.646713190794321",Solana de Ávila
"38.86904427395245, -6.854553652473993",Badajoz
"42.10938009707959, 2.9874580753227478",Vilopriu
"40.51321978616366, -2.7791689687478796",Auñón
"43.01122266495795, -2.413792531346027",Oñati
"40.29236927614159, -3.4454944386376205",Arganda del Rey
"36.73476812079859, -4.937857582191639",Yunquera
"42.70460491834953, -1.5267004605311292",Monreal
"42.52295292219035, -8.01161659853519",Piñor
"41.73223662123857, -3.4271390170428533",Arandilla
"39.37072257999459, -6.449154672308345",Cáceres
"39.39871465362177, -2.9414904378325457",Pedro Muñoz
"38.45343173327702, -5.1887902220793",Hinojosa del Duque
"39.49160801670258, -1.8845921943330637",El Peral
"43.13526502745828, -2.165145454316026",Bidania-Goiatz
"37.70507254704411, -6.529128522253562",Nerva
"42.97380937008853, -1.2522947865134237",Orbara
"43.30046118579248, -3.8498902895852183",Santa María de Cayón
"41.11092720794374, -3.9171042297628427",Cubillo
"41.10151210977988, 1.1445523776821032",Vila-seca
"43.36672079835107, -2.944821189222047",Urduliz
"41.21076632518836, -1.159942239892278",Vistabella
"41.886005184768536, 3.1243870702610304",Vall-llobrega
"40.931777372001356, -2.786708835200238",Castejón de Henares
"41.0305530789537, -3.230065764270946",Tamajón
"37.471947180731846, -6.465640255594983",Paterna del Campo
"41.474910308934454, 0.47175002355234336",Aitona
"42.11704191545219, -1.9887885371694887",Grávalos
"43.36657176548657, -5.187824813407563",Parres
"43.00088736006658, -4.4950962965609325",La Pernía
"42.20239864849245, -8.289920889402696",A Cañiza
"40.509625246307834, -5.698492925453912",Fuentes de Béjar
"41.51246543081246, -4.447729378749062",Montemayor de Pililla
"42.99830464621912, -2.074395124569136",Mancomunidad de Amezketa y Ordizia
"42.100632923174935, 1.8475989024847537",Berga
"39.29150557456173, -6.13003576860157",Valdefuentes
"36.82988046180908, -5.4449157087376046",Zahara
"42.17688443824662, 2.4939759412169584",Olot
"42.55421177046048, -5.225939651416334",Valdepolo
"41.956516643071986, 1.235419250489886",Tiurana
"42.32522715244005, -8.133113984354601",Beade
"43.2363121185566, -6.714905363772936",Allande
"42.55573155357476, -4.615266912244809",Villabasta de Valdavia
"42.464103161285486, -4.580628060673367",Loma de Ucieza
"41.16086143416907, -5.826720315310652",Zamayón
"41.251388414082555, 1.2062209367832926",El Milà
"40.699062924376314, -1.1789899210069499",Argente
"39.177345807273554, -0.3166049350901658",Fortaleny
"43.16724513478538, -2.525531474758303",Zaldibar
"41.895919564127325, -1.7689414300814985",Torrellas
"38.57406941477588, -6.24596095474886",Ribera del Fresno
"42.65488411100272, -4.077734273982948",Humada
"41.83765678818231, 1.2049054723438917",Cabanabona
"41.33861242980501, 0.7303308373856823",Bellaguarda
"37.40727246037376, -6.053284525240674",Castilleja de Guzmán
"41.308444222137, 1.3680043211172885",Vila-rodona
"40.136535237668426, -0.8574605414520676",Sarrión
"42.252780089642656, -4.671458557197539",Villamuera de la Cueza
"41.75079047810359, 2.2180758776035088",Sant Martí de Centelles
"41.77037836364685, -3.5564468539108307",Baños de Valdearados
"39.72105957838018, -2.0851835166466666",Piqueras del Castillo
"41.89335029548278, 2.7963788912849044",Riudellots de la Selva
"41.66704325477347, -0.03913475912975612",Villanueva de Sigena
"37.88061296591379, -3.099045404091649",Peal de Becerro
"43.09345140900349, -4.295535918399102",Comunidad de Campoo y Cabuérniga
"38.46239872760124, -2.517629730289556",Villaverde de Guadalimar
"37.78854420723036, -2.1059474599151593",Vélez-Blanco
"40.937165981538136, -4.784140899552143",Pedro-Rodríguez
"41.648938878367495, -3.7708930073576976",Castrillo de la Vega
"40.91296104797746, -2.395272922690921",Sotodosos
"43.059080103514816, -2.1812449984026974",Ordizia
"43.12607561956759, -6.890275636390666",Negueira de Muñiz
"40.47890877413693, -4.183191805117072",Fresnedillas de la Oliva
"40.76884970774295, -5.565305159576151",Encinas de Arriba
"41.72702344768759, -6.434718734275276",Rábano de Aliste
"42.75633139190721, -4.85722914087283",Mantinos
"28.652126977704043, -13.924952400463834",La Oliva
"41.84534770716652, -3.2650016457616005",Espejón
"40.82764715554374, -0.3483025075536485",Seno
"41.573239482467656, -4.7169703135790755",Laguna de Duero
"41.69750461078729, -5.276817454249852",Villavellid
"41.650939105399516, -5.815306827835585",Montamarta
"42.01720406076404, -3.3718636284529997",Cabeza Alta
"40.7083649171848, -5.036240667883459",Muñico
"36.88718089001583, -2.465532571985821",Huércal de Almería
"40.41175814268516, -5.565641621022241",Junciana
"40.941437623957476, -2.8336222867252863",Matillas
"41.629868053419266, 1.0062766573441009",Bellpuig
"41.09314618296535, -3.6357100678630663",La Acebeda
"42.14248531243387, -4.269810939908722",Villalaco
"40.71391535574503, -6.321248601928881",Castraz
"27.785259863459938, -17.94390753031897",Valverde
"40.34597680690553, -5.374090623187596",Santiago del Tormes
"38.467119605748664, -6.333956221850597",Los Santos de Maimona
"38.0749212089679, -0.7408661320719467",Benijófar
"37.18872046209267, -2.334590281000099",Senés
"40.731933710698996, -1.8152852882377166",Torrecuadrada de Molina
"37.99359522935412, -3.3093904485464227",Úbeda
"40.29848339606157, -4.4328263287471446",Cadalso de los Vidrios
"38.960873459228274, -1.5624889698602191",Hoya-Gonzalo
"41.676274366443415, 1.7621030664525705",Sant Salvador de Guardiola
"40.99681075710158, -4.765379387593285",Nava de Arévalo
"42.40444938393213, -3.2820988816751098",Espinosa del Camino
"42.0199791044857, 3.0422908431536544",Parlavà
"41.016629137900544, -4.666951313751043",Espinosa de los Caballeros
"41.02981892471654, -6.034535761276881",Doñinos de Ledesma
"42.02460359889594, -2.4230414720170153",Vizmanos
"41.20956105315747, 1.630293568475096",Cunit
"38.660279927630405, -0.24125312893117132",Benifato
"42.409413303655, -3.606935725099001",Hurones
"38.64924114808287, -4.060686554093205",Puertollano
"42.33881071474725, -3.435068205168566",Arlanzón
"38.954448713011374, -4.742095786712267",Valdemanco del Esteras
"37.4621522644675, -4.677665665678897",Aguilar de la Frontera
"41.98132720511071, 0.3101946665304129",Azanuy-Alins
"42.32222160988281, -2.6538710931569973",Castroviejo
"37.545299179576865, -5.972031158577387",Alcalá del Río
"41.55584515693583, -5.077402945891854",Bercero
"41.231341578780516, -4.7892414874458025",Ramiro
"41.460749934899454, -1.2324053708362286",Alfamén
"38.88488815605588, -3.840784273950986",Pozuelo de Calatrava
"40.025584311236294, -2.702751646112673",Campos del Paraíso
"40.633934518618, -3.2421755045030336",Cabanillas del Campo
"40.82905539585676, -3.450962994442853",Uceda
"42.525485354396366, -4.77638291437936",Villaluenga de la Vega
"40.952241284906584, -6.102000433741486",Sando
"43.253194203173244, -4.689463814347567",Tresviso
"40.6451386641816, -0.8704138344619573",Galve
"39.54548223798099, -1.291434136805932",Caudete de las Fuentes
"41.92252575549362, -5.738460813521815",Milles de la Polvorosa
"42.35089348808136, -3.854259010141333",Comunidad de Tardajos y Las Quintanillas
"41.89735169046933, -0.23199233650382656",Alberuela de Tubo
"42.41568888843685, 0.36712336455542405",Foradada del Toscar
"39.27815121955807, -3.479918627385491",Puerto Lápice
"38.32446895023947, -4.867424867164405",Añora
"42.56576490814935, 1.0441263121401196",Espot
"42.61223968822443, -2.1732839239027517",Etayo
"43.32540717685867, -3.129716432012918",Muskiz
"41.65044301333907, -5.99197358939754",Carbajales de Alba
"37.01115597921063, -2.902898759546609",Láujar de Andarax
"37.41731498169294, -2.3903735779673356",Somontín
"36.87071571657061, -6.2156444489403855",Trebujena
"40.597900985017816, -0.07548770275728241",Morella
"39.33764353036521, -1.940567277616843",Quintanar del Rey
"41.23418544729989, 1.3734855845250462",Salomó
"39.944553755257004, -3.630956912811603",Ciruelos
"39.94825357336628, -3.98517172183901",Olías del Rey
"41.54976301454192, 1.8628628343986038",Esparreguera
"41.34395905843973, -5.670411344393765",Santa Clara de Avedillo
"41.565103270053925, -4.036580499920531",Olmos de Peñafiel
"41.83560732380815, -3.79473110872004",Cabañes de Esgueva
"39.8637938753727, -0.1923563613033435",la Vilavella
"41.75325487137849, 2.556520082379255",Breda
"40.88581202830856, -2.468963173166787",Abánades
"42.68080111398419, -0.13386119341347066",Torla-Ordesa
"42.918242569157684, -5.9222642212125125",Sena de Luna
"42.18954141728566, -5.424321066425772",Valdemora
"40.29913809753745, -3.673426482081575",Getafe
"42.55212904280279, -2.105179036542844",Arróniz
"40.87493862853643, -6.413737579320625",Villares de Yeltes
"41.275542071210126, -4.422526850887115",Samboal
"41.189068157641145, 1.2406299248757415",Perafort
"39.88480422826387, -4.581284900749608",Malpica de Tajo
"39.77249704855317, -0.8629976647726533",Higueruelas
"41.575529469323506, -4.884845572962709",Geria
"43.30866162940324, -3.0889080424469415",Abanto y Ciérvana-Abanto Zierbena
"41.464558205122614, -6.174283117087105",Gamones
"41.25520543538847, -0.03267542115045656",Caspe
"38.534916342096025, -6.610315070868378",La Parra
"42.551496356923174, -3.192346303299114",Quintanilla San García
"42.68555088561746, -8.988949518531838",Porto do Son
"42.68915282894524, -5.8695910623096905",Las Omañas
"42.79534940288354, -2.0438334764067263",Valle de Yerri
"41.213617209974046, -3.6860541803769484",Santa Marta del Cerro
"43.192743006501104, -2.5870414362029193",Berriz
"41.426514119514486, -5.572093124173836",Sanzoles
"41.60952647341401, 1.842082112163202",Monistrol de Montserrat
"42.27659132528497, -3.4652787754986467",San Adrián de Juarros
"39.85251305202923, -0.7345388386749527",Sacañet
"38.97098257917332, -3.9733691402709543",Ciudad Real
"42.364900816772746, -3.545916114823255",Cardeñuela Riopico
"42.582212211122865, -3.2094034154962596",Vallarta de Bureba
"40.22927634689709, -6.24260089783989",Cerezo
"40.15721083955601, -6.803950652176791",Villamiel
"39.993551221405, -2.2622801061773945",Villar de Olalla
"40.5599630737351, -2.4306587399001076",Castilforte
"42.66957416542723, 0.1770122573840195",Bielsa
"37.45342975658905, -3.9320368991454844",Alcalá la Real
"42.41206734270921, -5.719896758829313",San Pedro Bercianos
"40.81634767769173, -3.59407908995022",Redueña
"37.63869080843934, -0.9896415131446045",Cartagena
"43.00749438820122, -1.2140061827045592",Orbaizeta
"40.478343583054425, -6.13050113286966",La Alberca
"40.415205709183155, -5.820929386301378",La Calzada de Béjar
"40.31957556924762, -1.5517108965723097",Moscardón
"39.34787058551555, -0.7959937957642438",Macastre
"39.68463656384819, -0.45535111797356387",Serra
"40.42409426560282, -4.919055494002883",Navaquesera
"40.851817131174556, -4.925766492854052",Viñegra de Moraña
"41.85574043656562, 2.219402040882803",Tona
"40.43148637297303, -0.2636306975380982",Vilafranca
"37.8917901483726, -2.586802399061738",Huéscar
"41.859433828178794, -4.1508639960361355",Cevico Navero
"37.14818874402485, -3.566551426515055",Huétor Vega
"40.30700430530538, -3.0378463484507927",Albares
"43.31823159143391, -4.34349962305802",Valdáliga
"43.20908910987736, -3.36493026698279",Karrantza Harana
"42.30054370564917, 3.1420226449755515",Palau-saverdera
"42.38377093333365, -1.94645109867641",Andosilla
"42.82009443421477, -4.515086458024687",Dehesa de Montejo
"40.85623533753594, -5.578861244442881",Terradillos
"42.60070236888832, -3.078723800569063",Altable
"41.754820787023675, 1.9103681226867353",Navarcles
"42.33340642817226, -7.696629611758814",Esgos
"42.291301950168645, -4.515616266399267",Villarmentero de Campos
"42.79853574712283, -8.220153993207045",Vila de Cruces
"41.183125849419795, -3.6897940358791113",Ventosilla y Tejadilla
"41.480656692971465, -4.271149260734093",Bahabón
"42.26778567260812, -0.7822703694213311",Santa Eulalia de Gállego
"40.46843050118582, -4.84508283773119",San Juan del Molinillo
"41.800204717999605, 1.7846132740484886",Callús
"41.29452699157809, 1.9835691184894952",Gavà
"40.26950855267996, -5.557118412362781",Nava del Barco
"42.11967306686664, -3.4201250679705377",Campolara
"42.9553050403065, -3.0713000850142227",Junta de Villalba de Losa
"40.14957598092258, -0.2809771612771929",Llucena
"43.20902819878419, -8.294997316940718",Abegondo
"41.999660677126, 3.0710836933242107",Ullastret
"40.67721705543126, -2.092838593413674",Peñalén
"42.51224381800866, -5.446362426311352",Mansilla Mayor
"41.73884471613229, 0.5619279446612282",Alguaire
"28.205217157306, -14.240989390904716",Pájara
"39.76096888321861, 2.864210045775393",Mancor de la Vall
"40.453674300777244, -5.116246333476597",Garganta del Villar
"40.89251970614999, -4.743673843055418",San Pascual
"38.68487032764344, -0.12126341693871179",Bolulla
"42.54411891220899, -2.4999266925231773",Lanciego
"38.12795462437336, -6.89681244630611",Encinasola
"41.73983126901754, 0.16547827187375772",Albalate de Cinca
"42.736318505544496, -6.266481349892536",Igüeña
"37.18852701559271, -4.417449256324051",Villanueva de Algaidas
"43.237482031814245, -4.239090082042269",Ruente
"41.16122299979467, 1.1917276072423173",Constantí
"42.05279238137249, -5.228220048901333",Villavicencio de los Caballeros
"40.53959743089748, -4.754982448738029",Riofrío
"41.622102936056294, -4.79697238532037",Arroyo de la Encomienda
"39.349396193793005, 3.1321957768266087",Santanyí
"41.78134316842332, 2.264489069978519",Aiguafreda
"40.85922521162826, -4.972381024005065",Crespos
"41.385731867145594, 1.666068109305837",Vilobí del Penedès
"40.014767799792494, -6.140981000012695",Plasencia
"39.463153543187964, -4.5392630118778",Navas de Estena
"37.97335932200588, -3.570318531807988",Begíjar
"38.02689273057803, -0.9919558530938715",Beniel
"41.87027545393051, -7.521441293558056",Oímbra
"40.63819671966149, -5.701232525800059",Berrocal de Salvatierra
"39.25553698781782, -4.618756571808309",Navalpino
"37.15537160670161, -3.5374541977672744",Cenes de la Vega
"43.106288712254546, -2.08104334459626",Tolosa
"42.15775085583307, -0.4851082301865471",Chimillas
"40.11099697806649, -3.1591046034836205",Fuentidueña de Tajo
"40.686006464211914, -3.6321299513562493",San Agustín del Guadalix
"42.621308793984134, -2.280978026924665",Mirafuentes
"41.28116994479393, -1.4559950592418842",Ruesca
"38.8410468167024, -1.0902525622073334",Almansa
"40.822595829278505, -2.993375118401322",Valdearenas
"43.40460293918072, -7.139069187926496",San Tirso de Abres
"41.61884259662662, -4.057965876699385",Bocos de Duero
"40.886977782715945, -4.699215442422061",Villanueva de Gómez
"42.784800878192804, -3.646577448887689",Los Altos
"40.129962388203566, -2.3071167724612054",Fuentenava de Jábaga
"41.9628102134677, 0.14141373788276987",Castejón del Puente
"42.51137362774394, -6.178133173852017",Brazuelo
"42.721206292488276, -5.065396096198684",Cebanico
"41.693070854013335, 0.6439253357068112",Benavent de Segrià
"40.23115810804721, -3.4479772428472937",Morata de Tajuña
"42.520925548237805, -3.4513643631927047",Galbarros
"39.183162682845136, -6.194113436207146",Montánchez
"40.665798927097235, -1.5803781841598494",Tordesilos
"42.711713955348316, -2.0823160055808065",Allín
"28.440749219557752, -16.442170014329513",La Matanza de Acentejo
"41.962489357671515, -3.011596641392267",Monte Revenga
"40.87637832174273, -4.841505089595088",Papatrigo
"39.06751489819535, -3.6115054812885785",Daimiel
"42.01747658973469, 2.9712972365312855",La Pera
"40.71858250835765, -2.0011591594122575",Baños de Tajo
"37.49967955408516, -6.3907854586419495",Escacena del Campo
"42.97199977153405, -1.4280203355041883",Erro
"42.729839103275694, -1.418651259593571",Izagaondoa
"42.15272418827847, -4.222950198867024",Valbuena de Pisuerga
"40.57456940745992, -5.0880302337183325",Poveda
"40.27999656430778, -5.5929271370633655",Gil García
"42.98724577032781, -3.950961778431424",Arija
"38.293996888533634, -4.9357127945777135",Alcaracejos
"38.60603408219901, -4.897349268103478",Santa Eufemia
"42.00078408392969, 0.3840374373570414",Peralta de Calasanz
"36.76637965000377, -4.044228167468696",Algarrobo
"42.010456150470446, 2.601697387002754",Amer
"42.38947507877399, -1.5495535854258964",Santacara
"41.351238950368334, -3.419858128777032",Ribota
"39.79663607774265, -4.025447398482801",Cobisa
"41.760088135820475, -1.2614922432546252",Pedrola
"38.3838258339746, -6.797050202735826",Valle de Matamoros
"41.894896030460714, -3.803812104056213",Cilleruelo de Abajo
"41.871207644026654, 1.3734954622093503",Biosca
"43.41207047038845, -5.551580503467786",Sariego
"40.742093809704315, -6.181017933341805",Cabrillas
"40.10815413640754, -4.3199992624359735",Quismondo
"41.480217505697865, -4.353171859767744",Torrescárcela
"38.233602709583984, -6.047243398962605",Llerena
"40.06286973169082, -6.4674993334969475",Guijo de Coria
"42.34336284342472, 2.9629836217239194",Masarac
"42.14738835136522, 2.473987744224841",Les Preses
"37.9079520108626, -6.660315682388949",Fuenteheridos
"41.759815205814604, 0.8905419163190172",Bellcaire d'Urgell
"42.75540650957039, -3.013976923350789",Lantarón
"40.75788645482081, -4.927562571640586",Brabos
"42.94357504424929, -3.949992964212394",Alfoz de Santa Gadea
"41.695703384495296, -3.920904382030219",Roa
"38.07399332374561, -0.7183929569749244",Rojales
"41.87434169970585, 2.2864994029327814",Taradell
"39.6205874254131, -5.527850296348585",Robledollano
"42.030764158963244, 3.0655177946401064",Serra de Daró
"37.29156790169046, -3.4540200131484813",Huétor de Santillán
"43.126360733133886, -2.2033770325446604",Beizama
"42.379327893247904, 0.5412688303131377",Torre la Ribera
"37.72096475785902, -3.6313918984673212",Pegalajar
"41.80080143260487, 1.3325237172038",Massoteres
"40.17619801740785, -3.37199970803789",Valdelaguna
"40.670341083081816, -5.387877027786256",Chagarcía Medianero
"41.1068339661173, -6.266365214807007",Puertas
"40.737350008570154, -6.070798308827643",La Sagrada
"41.09778272944039, -4.243040576380077",Tabanera la Luenga
"40.7795037074278, 0.6515210559116488",Camarles
"40.80226403628344, -1.1267983988110026",Cosa
"41.23774765237758, -0.400146395894142",Jatiel
"38.94785903544833, -0.2031455479511109",el Real de Gandia
"41.5330054370488, -4.045106426263695",Rábano
"38.731137009469904, -6.039653856943985",Oliva de Mérida
"38.843667247217105, -0.09996395942590511",Pego
"40.76499782360997, -4.679011854668506",Mingorría
"42.394540092513495, -3.923033930791496",Isar
"40.281901660525165, -6.008024223252664",Abadía
"40.30335076896062, -2.002812232840225",Las Majadas
"40.95588428150195, -2.408382648589966",Hortezuela de Océn
"38.17136252191496, -2.94719698748934",Villanueva del Arzobispo
"42.438645826566905, -5.525688049105859",Campo de Villavidel
"42.36255589007305, -2.426925199244813",Clavijo
"43.52932004930366, -6.6761338754017885",Navia
"43.525408651866826, -6.922478330389458",Tapia
"43.33748783615868, -6.4840113042431815",Tineo
"41.48581512924793, 2.2682186952867367",Tiana
"40.727556874423186, -1.6003331862169283",Setiles
"42.26306711183134, -6.6419453083499445",Encinedo
"43.00132530553171, -7.564871811507295",Lugo
"41.67695189851986, -1.1900464639410628",Bardallur
"37.22512023767199, -1.8561669819285744",Vera
"42.200114956560654, -3.5349506337696797",Revilla del Campo
"37.55648661614552, -4.23842180175133",Luque
"43.437767744844976, -8.25703769336307",Ares
"43.08809965246704, -8.560559717718949",Tordoia
"42.369745678810816, 2.400369417972126",Molló
"42.225579218544745, -5.786200881513399",Roperuelos del Páramo
"42.37847974920891, -5.778783006768504",Urdiales del Páramo
"42.82430337607412, -1.616234018899313",Burlada
"42.66019027623137, -1.899220269245691",Cirauqui
"42.112072630160554, -7.74722187486051",Sandiás
"27.869805611151435, -15.488768332104035",Santa Lucía de Tirajana
"40.95174040917248, -6.49427811770793",Yecla de Yeltes
"28.50870082048059, -17.846302440231568",Fuencaliente de la Palma
"41.33809734261183, -4.1176041608389475",Hontalbilla
"40.953143818283024, -4.076508409012687",San Cristóbal de Segovia
"41.03552720064265, -1.3581744118904024",Báguena
"41.877213244115914, -6.343455423500579",Mahide
"35.893599228713896, -5.342897585055409",Ceuta
"38.26895603171792, -0.9322342196935921",Hondón de los Frailes
"38.71252687957307, -0.031086372991350926",Xaló
"41.549382030297195, -3.351911231270102",Miño de San Esteban
"39.74469214954784, -0.2888414416020193",Quart de les Valls
"42.67784417863612, -3.190754975939489",Miraveche
"42.265728068215225, -5.366552493270108",Matanza
"42.49947646593185, -3.012433254620444",Herramélluri
"40.25422684358582, -0.6169672161328906",Nogueruelas
"41.15014316893877, -5.31931541782649",Vallesa de la Guareña
"41.99785874737083, -1.0059845330033748",Castejón de Valdejasa
"42.9697085687259, -7.954505154335208",Toques
"43.08924474879685, -2.1522056240877214",Legorreta
"42.34839193464688, -6.54595608499428",Castrillo de Cabrera
"40.44725385803212, -5.537485466982104",El Tejado
"38.83206757132787, -0.4868081034646123",Atzeneta d'Albaida
"38.138605688388346, -4.899834099315667",Villaharta
"43.0278866293821, -2.281158914481459",Mutiloa
"42.53966679725221, -2.2381284285697634",El Busto
"40.92835226720406, -0.05891034416537517",La Codoñera
"40.00044017487707, -4.702538555435332",Cazalegas
"39.13613719521304, -4.903968020539545",Fuenlabrada de los Montes
"41.88877800189927, 1.7717963971782025",Navàs
"41.18928764057655, -3.1106808562369097",Condemios de Arriba
"40.66629535352193, -3.3470213139492437",Torrejón del Rey
"40.24668173105434, -4.383874623356424",Almorox
"41.529663791418244, -5.209141982628866",Pedrosa del Rey
"41.84599811852864, -4.967716051026732",Valdenebro de los Valles
"41.50786955252514, -4.8542399701765095",Villanueva de Duero
"39.71716391188259, -2.5804257024073487",Alconchel de la Estrella
"42.36517663160463, 0.27108584762994936",La Fueva
"37.99070681705092, -3.0343056126592907",Chilluévar
"42.232388656226085, -2.5877548117738325",Almarza de Cameros
"42.07943027725577, -2.824885270703038",Viniegra de Arriba
"41.35527123991227, 2.076379199539103",Cornellà de Llobregat
"40.1712273242469, -5.162185361232657",Poyales del Hoyo
"42.04962574071037, -3.8593453652700034",Tordómar
"36.78244286562831, -3.3387485916895856",Rubite
"41.13396605867965, -6.019343787414217",Ledesma
"41.442678233235, -2.4712795133111705",Coscurita
"41.63597263114478, -5.426406328007462",Abezames
"38.705345278004096, -2.619030352922993",Povedilla
"40.43298393930957, -5.470763183882256",La Horcajada
"40.15836784323752, -5.910784694432413",Rebollar
"42.57557550859361, -9.011772077709661",Ribeira
"41.67469098167867, -4.055915033440479",Corrales de Duero
"43.12092405258104, -2.7159689983837416",Dima
"42.3664170442467, 3.1266081360554017",Llançà
"37.74681471524793, -7.316504285621318",Paymogo
"28.61669620201997, -17.902412525592037",Los Llanos de Aridane
"41.73429714024038, -6.5135996876183695",Trabazos
"39.89785071240732, -0.45821528562020436",Vall de Almonacid
"40.626432388098586, -1.7511177898484294",Alcoroches
"41.39256120687737, 2.079183874713209",Sant Just Desvern
"37.62649049141234, -4.870268836365074",La Guijarrosa
"42.969414645396974, -9.19534774231917",Cee
"42.12837597079438, -0.35354002076334656",Tierz
"41.750747301556686, 0.9900226397179405",Castellserà
"42.163619001849256, -1.8310680408758542",Alfaro
"40.727671926172796, -5.315046253836759",Alaraz
"41.04060152835924, -5.482986013456624",Cabezabellosa de la Calzada
"41.57928442328147, -2.3017561565286346",Tejado
"40.658537094983856, -1.2247004856078347",Aguatón
"40.31422879340961, -5.574722508473756",Umbrías
"41.68294105766694, 2.0539972268418354",Sant Llorenç Savall
"42.65388007688708, -3.0225430821468477",Bugedo
"39.642727239108304, -1.9547845011471892",Gabaldón
"40.151650247210675, -3.607137262434658",Ciempozuelos
"37.22640763960203, -4.4755051844725955",Cuevas Bajas
"42.455593856485876, -7.801987209659621",A Peroxa
"40.30913811286596, -5.922612286194322",El Cerro
"41.78541756881571, -2.1965498631535367",Aldealpozo
"40.60357133938128, 0.6251855323913342",La Ràpita
"41.24908460321192, 1.538800080594126",Santa Oliva
"39.50044782248489, -0.337096291674886",Alboraia
"41.25599758828772, 1.8600580673382232",Sitges
"42.19563237310112, 0.257218031781666",Secastilla
"42.38102570809559, 0.6044054366661997",Beranuy
"42.515425638689564, -4.348720121456142",Santa Cruz de Boedo
"38.755883155481456, -0.030991131441347745",Alcalalí
"41.64852538358828, 0.6996344566968846",Alcoletge
"39.82419615873639, -5.3535069248894835",Berrocalejo
"39.441770762189286, -6.4993173564263165",Malpartida de Cáceres
"41.215118271362265, -2.7573942675832774",Tordelrábano
"40.246915164112046, -3.685603754010942",Pinto
"43.28746734383066, -1.6682406368694966",Bera
"42.29038625791366, -8.13673199595327",Ribadavia
"27.6959608388515, -18.025204239447767",El Pinar de El Hierro
"41.75125175017909, -4.295847695778086",Amusquillo
"41.62286902197477, -5.35978598859325",Pinilla de Toro
"41.18406877066877, -1.6523171812339563",Castejón de Alarba
"41.22520127023239, -1.663155862927408",Olvés
"39.14896751786103, -6.34759835309333",Carmonita
"38.8506035870075, -0.004756384043642314",el Verger
"36.87567783730563, -2.342302150849483",Almería
"39.748588049604045, 2.648449030970976",Deià
"41.55791772211125, 2.152115957286132",Polinyà
"40.196361090897895, -5.952880384462466",Casas del Monte
"39.754792454693295, -5.976250672462056",Torrejón el Rubio
"36.84291086760243, -3.2072822243422867",Albondón
"43.014253744650205, -1.3081254258088013",Orreaga
"43.193476347511265, -5.464015215626325",Sobrescobio
"41.05490252965455, -5.452436604901458",Pitiegua
"37.270846837321876, -4.819048751371262",Lora de Estepa
"41.22065650225503, 0.7560496608208224",La Vilella Baixa
"39.81811417974877, -4.093243030119083",Argés
"41.29042140301191, -5.339301592657363",Vadillo de la Guareña
"41.576896919302264, -5.395134791828074",Villardondiego
"40.98066616103981, -1.47435245004365",Berrueco
"40.587837618880194, -2.651582873863796",Alique
"42.122226529578995, 0.026335178315717606",Santa María de Dulcis
"42.67301495007331, 1.2770910720392277",Lladorre
"41.360358197074504, -2.6301296588603833",Villasayas
"39.688315049526175, -3.736723986383248",Mora
"38.86698712120594, -0.5040087596951136",Bufali
"39.020936061681226, -3.9163075627723076",Miguelturra
"38.63444704636719, -2.879221477712268",Santa Cruz de los Cáñamos
"37.248551647444636, -3.2408612189351462",Polícar
"42.59024843941917, -4.390841173468739",Páramo de Boedo
"41.25282417849481, -4.290364416548437",Pinarejos
"40.43016924388599, -1.5293057325906299",Torres de Albarracín
"41.80271111834898, -4.680573372840338",Corcos
"41.449514054291676, -0.7294657334886387",Mediana de Aragón
"42.865455840124554, -1.1844461069220624",Comunidad del Valle de Salazar
"41.72024697237777, 2.6424934201957853",Fogars de la Selva
"37.36550046450986, -2.2676088778612216",Fines
"42.22903540903017, 1.7350121085141896",Saldes
"41.63929677023592, 2.5677999894145733",Sant Iscle de Vallalta
"38.598847540318864, -4.993819103241431",El Viso
"40.11686269209611, -2.9623050099509554",Barajas de Melo
"40.49598989300014, -3.1796948322732157",Pozo de Guadalajara
"42.488703554418606, -5.546655365906126",Vega de Infanzones
"42.32188860320575, -3.079208270312925",Valgañón
"43.49471500489262, -6.467827849586733",Valdés
"41.215132776813874, -6.636587119167614",Aldeadávila de la Ribera
"38.91459517468331, -0.5449659329208509",l'Olleria
"41.35034153429624, -0.25912078648848674",Sástago
"39.99315317979413, -5.870416904210357",Tejeda de Tiétar
"36.61684974462786, -5.741580542375473",San José del Valle
"36.949483742413015, -3.8756034057769013",Arenas del Rey
"42.140781586869814, -0.2569695494488767",Siétamo
"42.549055237401916, 0.45654278673616766",Villanova
"42.89709402634936, -1.2007234455824283",Abaurregaina
"42.69061392730377, -1.3279449952959503",Urraul Bajo
"43.11288985774171, -3.5995112077168407",Espinosa de los Monteros
"38.45721827025241, -4.107004526542762",Solana del Pino
"40.18325734526481, -3.657514399626562",Valdemoro
"43.36270242522505, -3.858047687041878",Villaescusa
"39.64629863736067, -4.079578333597876",Mazarambroz
"41.77723598561114, -5.191190793827002",Villagarcía de Campos
"41.53453014211306, -5.617892457151776",Coreses
"41.95187338152519, -5.815517433463259",Navianos de Valverde
"42.007804700798964, -3.316561115190272","Comunidad de 09076, 09578, 09606 y 09822"
"39.6999584980782, 3.0239312177154503",Llubí
"38.71190560635473, 0.1144406379976419",Teulada
"40.81358602380205, -3.4106124713700865",El Cubillo de Uceda
"37.30773409920552, -7.330749763076995",Villablanca
"42.09983549957033, -7.453968867625027",Laza
"41.12727122568633, -6.652870232431743",Cerezal de Peñahorcada
"41.43577457989793, -2.8738684725640313",Berlanga de Duero
"40.71393253183432, 0.5306435575714449",Masdenverge
"40.39624507560574, -1.6748398105598028",Villar del Cobo
"43.392571776622646, -2.9330559018170246",Plentzia
"38.58768043931046, -2.3436150342814472",Paterna del Madera
"40.967725607360215, -4.652872680909509",Gutierre-Muñoz
"36.52211752639148, -5.852640754558662",Paterna de Rivera
"39.89004695119587, -0.07432486882602769",Borriana
"37.44848421987122, -4.3039245031304505",Carcabuey
"40.92038356549547, -3.8500020800172634",Alameda del Valle
"42.682077185438544, -2.1203432470975825",Metauten
"41.201116830883, 0.7120509219196599",La Figuera
"40.1654918713733, -3.874078209276228",Ugena
"42.58105654986261, -6.67701883857396",Camponaraya
"42.25740972717854, -5.840226486172289",Cebrones del Río
"40.692455428621734, -5.700653572045071",Pedrosillo de los Aires
"40.96946982691299, -4.091698102225019",La Lastrilla
"41.20971579043652, 1.2450348537569929",Els Garidells
"41.156960372363024, -4.897860210446593",Lomoviejo
"38.47283586484641, -6.189301102522293",Hinojosa del Valle
"38.704967539892046, -6.154864943546987",Palomas
"41.15541074101646, -1.1914751492205335",Fombuena
"41.063982982319644, -2.5299089441997418",Estriégana
"42.07142600939464, -0.20057368853766977",Blecua y Torres
"37.63091839473467, -3.911711512365725",Fuensanta de Martos
"38.18579182540935, -2.7326417471688904",Hornos
"41.04729663224081, -5.393144318286283",Arabayona de Mógica
"40.64551155156733, -5.623209651600486",Montejo
"37.362691765259264, -6.03098735361647",San Juan de Aznalfarache
"40.2073157103171, -0.9476524593785326",La Puebla de Valverde
"40.17379734638044, -4.284483119981529",Santa Cruz del Retamar
"39.514154614309874, -0.35037551662277844",Almàssera
"41.541028081640754, -5.56633862552329",Fresno de la Ribera
"39.097268028459176, -1.5748817545973322",Casas de Juan Núñez
"42.77263433339543, -2.819271296298525",La Puebla de Arganzón
"42.172281218601306, -3.447302771457916",Villoruebo
"37.25678287536717, -3.7052735229172478",Atarfe
"42.595990868944, 0.012973292756711472",Fanlo
"40.89289531795643, -3.760144430448309",Canencia
"40.61872534576224, -4.130394299314327",San Lorenzo de El Escorial
"42.498159671645666, -1.4173544380742085",Gallipienzo
"42.55373789881191, -8.776285572751652",Vilanova de Arousa
"40.623629242103085, -6.6968452817535455",Gallegos de Argañán
"41.37230315253852, -4.1947198381607835",Frumales
"40.361019834863434, -1.5071243386740527",Royuela
"38.78691455622062, -0.5119314125238232",Agres
"40.964336199229535, -4.803584888397219",San Vicente de Arévalo
"40.23077525700892, -0.289588747318028",Xodos
"40.996496422830575, -4.905369092041407",Canales
"42.715840343161965, -3.8199630146681187",Tubilla del Agua
"41.592418887672224, -3.9321442183049085",Valdezate
"39.723460685659376, -5.658825436326288",Higuera de Albalat
"42.202547086723015, 2.5354012164411808",Sant Joan les Fonts
"37.18081890289663, -3.9506341083736998",Moraleda de Zafayona
"36.94749736392487, -3.0680202983384315",Ugíjar
"42.499188141618944, 0.39715724151082893",Seira
"42.63962232369499, -1.9545454982171788",Villatuerta
"42.15126195283082, -7.266343020402856",Vilariño de Conso
"42.566545395671106, -4.3799884673750356",Calahorra de Boedo
"41.717156879358164, 2.2722104240972913",Figaró-Montmany
"39.532199713009874, -5.961386696286091",Trujillo
"40.30637250021808, -0.29757703200489327",Vistabella del Maestrat
"40.75581872884296, -1.8514110474457215",Torremochuela
"37.159178545930956, -3.0769433247359848",Aldeire
"43.444947142345065, -8.041097666106538",A Capela
"41.709339212649056, -2.0953806930654637",Pinilla del Campo
"42.00716965481441, 1.707269455399596",Montmajor
"39.08597584446165, -2.4507914883198385",Munera
"43.07229930179391, -2.2193819399891175",Beasain
"40.2544217269298, -3.2461425209658503",Carabaña
"41.08434810126677, -5.3986791856502485",El Pedroso de la Armuña
"43.27273719042788, -3.0034009665471144",Barakaldo
"38.725005567120874, -6.265820349923114",Alange
"40.5371947729073, -4.994922928120132",Narros del Puerto
"40.992792441811396, -4.658408850135547",Orbita
"43.168487510979396, -3.017929719496193",Okondo
"39.1603483552466, -1.5456521980573332",Jorquera
"39.358969941861254, -1.550196312396142",Villamalea
"36.9710962840467, -2.440096267469015",Rioja
"41.507695602169704, 2.233523673007039",Sant Fost de Campsentelles
"42.21858287210359, 1.909043266140017",Sant Julià de Cerdanyola
"42.35327231018116, -3.8143114313855047",Tardajos
"41.835202808182366, -3.528760392805151",Valdeande
"40.0545297893019, -2.8083736276482756",Alcázar del Rey
"42.31822954931754, 2.6624925985230146",Albanyà
"40.614618987913424, -3.046130385649346",Lupiana
"43.10218341444949, -2.3099092823763048",Zumarraga
"42.70829879198148, -0.6020849376378057",Aisa
"40.69113578465054, 0.7803064333309444",Sant Jaume d'Enveja
"38.497874411263375, -6.548377496072201",Feria
"38.76737611246976, 0.16303313908532302",Xàbia
"37.248925887915746, -2.1854460270702902",Cóbdar
"42.068055845697856, 3.0430370575460026",Verges
"41.99091153922766, -0.05350403916172337",Laperdiguera
"42.44710733260998, -2.864883469483358",Hervías
"40.4101353073597, -3.3684524726979896",Torres de la Alameda
"42.385977569503005, -7.313422259073386",San Xoán de Río
"40.70332824097917, -5.7974650575614275",Membribe de la Sierra
"43.33627033771746, -3.763044887070011",Liérganes
"41.77415666038559, -2.1037255863068096",Pozalmuro
"40.91368550953934, -0.12094689083366414",Torrevelilla
"41.748223053280476, -4.2388513801135135",Castroverde de Cerrato
"42.08117151092769, -0.7824042102959499",Marracos
"38.772247880896856, -5.276686367583062",Cabeza del Buey
"41.2029445006109, 1.3613399409080198",Vespella de Gaià
"40.939674930591394, -3.466686998335183",El Atazar
"40.172403599629725, -3.832015027293465",Casarrubuelos
"42.35648025407706, -1.802452986737399",Peralta
"41.96033986247698, -4.385664187892254",Reinoso de Cerrato
"41.1142817336478, -5.6052509400387756",Negrilla de Palencia
"37.60561178519589, -5.7299569340959735",Tocina
"41.508923712512, -3.0080869774057097",Gormaz
"41.142065313204974, 0.6518569552871826",Garcia
"40.94595976220306, 0.12565777393125546",Torre del Compte
"38.988167084038686, -0.5570048683794103",Vallés
"42.868316768728285, -8.07082867468736",Santiso
"40.71371009107002, -1.6814466850044283",Tordellego
"40.512869796199766, -3.125779383394073",Valdarachas
"37.06249152852177, -2.6285026526343147",Alboloduy
"37.30905737102153, -2.2962107619337737",Macael
"41.7115274462233, 2.3862515549203365",Sant Pere de Vilamajor
"42.48126635248885, -3.448739776890911",Santa Olalla de Bureba
"40.849560602098876, -3.1534247728328673",Humanes
"41.05128389600418, -2.1362656306959917",Maranchón
"43.04844555188856, -2.0718810467907405",Amezketa
"42.062924225948784, 1.4766834856624365",Lladurs
"38.254955165550236, -1.0517190484237244",Abanilla
"40.61579998322671, -6.040416753764996",La Rinconada de la Sierra
"41.69473417847065, -2.166147749717544",Almenar de Soria
"41.19338514243645, 0.34781017850662943",La Pobla de Massaluca
"40.963987655095174, -0.1461542723256842",Castelserás
"40.09318636801852, -4.8478727361700535",Sotillo de las Palomas
"37.90229256293483, -6.6217146794967885",Los Marines
"42.30399057396497, 0.5348824607911675",Isábena
"42.34124063465622, -2.52800431507101",Sorzano
"36.76590778568132, -4.7071533264377505",Pizarra
"42.10041348803908, -8.574337078517809",Salceda de Caselas
"40.73892795198735, -5.588667127601941",Sieteiglesias de Tormes
"41.84994269931894, -2.205526395273824",Suellacabras
"41.324202839896905, -4.830327998750427",Pozal de Gallinas
"41.183668414736985, -4.658049682354645",Puras
"41.584792173492936, -4.4795733715236645",Traspinedo
"41.24772519219396, -1.1562941188033713",Aladrén
"38.67921224360088, -0.27663541713794887",Confrides
"36.96439400049249, -2.8021058995846646",Almócita
"40.58604649350941, -4.778056642402488",Gemuño
"39.72660303105928, -2.424983211283969",La Hinojosa
"42.17918504783181, 0.007216877864774051",Alquézar
"41.95164796415478, 1.3686887676139718",Pinell de Solsonès
"42.18521338601962, -2.4773662680267123",Rabanera
"40.642241389777624, -3.5236479189029764",Fuente el Saz de Jarama
"42.674300644401825, -1.457483660753355",Ibargoiti
"42.195589872143074, -5.0416864031085575",Villacarralón
"42.89424331525681, -2.3160038272915693",Asparrena
"38.07213846611156, -0.7914977679309082",Almoradí
"39.9009206261631, -0.7364024669525018",Bejís
"43.214488921726335, -2.403390049628763",Elgoibar
"37.53719284402723, -3.660964078885209",Noalejo
"42.334793436442816, -5.373252561491627",Matadeón de los Oteros
"42.579387159361886, 1.3516688614756458",Alins
"41.53159233466722, 1.0237636646862387",Maldà
"36.79631177732332, -5.135908519663002",Arriate
"41.85380181552939, -1.9016139065071365",Ágreda
"40.883995800478615, 0.06291036990646887",La Portellada
"40.137823150266534, -4.831651527468164",Navamorcuende
"41.495270623172964, -6.140320534522904",Moralina
"42.04551463334593, -6.115430306309073",San Pedro de Ceque
"38.633355268019734, -0.66099713192007",Onil
"42.468371013059816, -4.144194671389148",Villamayor de Treviño
"41.92280409115457, 2.869159987936591",Llambilles
"41.21304627217458, -4.623820430268511",Fuente de Santa Cruz
"41.821818936484746, 2.67186559937699",Riudarenes
"41.123555219699185, -2.888016119553698",La Bodera
"37.41415906418604, -6.848816215192975",Trigueros
"41.05292825382405, -5.753992504078063",Valverdón
"28.801669211132772, -17.912492643442068",Garafía
"41.22264080425595, -4.34364387883855",San Martín y Mudrián
"41.56270639180778, -2.8880899501358455",Bayubas de Arriba
"41.27716808781014, 1.341389316597591",Bràfim
"42.97442902039991, -2.0047929835075404",Sierra de Aralar
"37.6368997906003, -6.675614494887249",Zalamea la Real
"43.191424534840664, -1.739617330773109",Arantza
"42.582781084980724, -1.7592965306798705",Artajona
"40.64938909646871, -5.443761342032867",Horcajo Medianero
"37.615226133924125, -6.087342635785598",Guillena
"41.224372090810256, -2.1616586961346944",Santa María de Huerta
"38.914740835692946, -0.19029845651982996",Potries
"37.42859780587277, -1.9394275593980397",Huércal-Overa
"38.56597838634294, -6.057539564304966",Hornachos
"39.78034473003996, 3.0288533367029573",Sa Pobla
"41.11134126965217, -4.763465766931085",Palacios de Goda
"42.15050807057399, -4.049599225911363",Villaverde-Mogina
"36.3317778534516, -5.7756591362540775",Benalup-Casas Viejas
"38.807688714769334, -4.876699570912609",Chillón
"37.431389574312234, -4.192579992307581",Priego de Córdoba
"36.84406468589064, -3.6876164632798347",Lentegí
"43.16558593340381, -2.0572014377457664",Irura
"42.4295372363329, 0.4632297269128742",Valle de Bardají
"38.36803862749489, -2.735979242935694",Orcera
"42.62158204004218, -2.9553930377723354",Galbárruli
"41.83680952873159, -6.182970501490776",Riofrío de Aliste
"42.1618118872062, -3.365018517948043",Comunidad de Tinieblas de la Sierra y San Millán de Lara
"41.41220317495908, -1.0702506688636453",Mezalocha
"40.86056789473786, -6.463720213389543",Villavieja de Yeltes
"40.997939016146866, -4.16288313912296",Valseca
"41.068290661111234, 0.5841714156058274",Benissanet
"41.94307837935385, -5.201899391073711",Villamuriel de Campos
"38.84442411245936, -2.475759691243943",El Ballestero
"38.33829081706376, -2.3480926527530133",Yeste
"38.578330293985886, -0.08870949981731979",l'Alfàs del Pi
"38.12954248882395, -6.166847043699569",Montemolín
"41.33498187224575, 2.041909566955027",Sant Boi de Llobregat
"36.978937915612434, -5.4762547050644494",Puerto Serrano
"37.25743142271675, -3.601564414107833",Güevéjar
"40.96615515740755, -2.906576936078792",Jirueque
"43.45444899184388, -7.2835593453710965",Lourenzá
"36.76761635902575, -4.423943247930152",Málaga
"42.01966476835461, -4.764465440019873",Baquerín de Campos
"43.22344689438348, -4.130703120456467",Cieza
"41.73511494032882, -4.2677287902932735",Villaco
"41.38919582768177, -5.689974615500963",Peleas de Abajo
"41.39519558987045, -0.8416580837876806",Puebla de Albortón
"42.20195490581193, -3.581517887901678",Los Ausines
"39.72913768020246, -1.3227765515598773",Aliaguilla
"36.96329769073736, -3.3792241525370246",Pampaneira
"42.1662178047988, -2.181865393280983",Préjano
"40.749047283008906, -4.005268837642216",Navacerrada
"43.45362136027632, -5.861926994448891",Llanera
"41.03804746119877, -5.651104927706089",Monterrubio de Armuña
"41.50980662498652, -3.6654960801993037",Villaverde de Montejo
"41.20694532041349, -4.679082012650465",Almenara de Adaja
"41.90675974563409, -5.794411139840275",Burganes de Valverde
"41.52657102427531, -6.05573076490521",Villalcampo
"42.28646073441044, -0.7759278922251195",Murillo de Gállego
"41.42025452490361, -1.5518199020839871",Paracuellos de la Ribera
"40.6285254826267, -5.3572918804460015",Martínez
"40.70740749939647, -4.555957866006523",Mediana de Voltoya
"41.505382739328084, 2.3838535246952746",Vilassar de Mar
"42.35872003301886, -3.5797173486445732",Orbaneja Riopico
"39.847505388186455, -2.723279300986705",El Hito
"40.56625207913209, -2.7413274397962137",Alocén
"43.37374868072951, -7.79597843701731",Xermade
"41.818112777725226, -4.306599692310806",Vertavillo
"42.317864175020105, -2.5840684292465674","Mancomunidad de Nalda, Sorzano y Viguera"
"42.09698020688085, 1.9653940888620216",La Quar
"42.765271293907595, -8.835979389254222",Lousame
"40.89467005077896, -1.9567007676410841",Herrería
"43.09779274295999, -2.3753600966559754",Antzuola
"37.10116906229992, -6.533785399557899",Almonte
"41.66779819265482, 0.15428056117451194",Chalamera
"43.50075341194358, -5.68243456844561",Gijón
"43.3207839072355, -4.7155446996812245",Peñamellera Alta
"42.44111934730664, -8.704865001191965",Poio
"43.129530323080914, -4.540131986114233",Cabezón de Liébana
"42.08240253086573, -2.7574001724807413",Montenegro de Cameros
"41.69166991095124, -4.372227490729152",Castrillo-Tejeriego
"38.96003232548479, -6.183414078060551",San Pedro de Mérida
"40.53129677553349, -4.600343643582654",Santa Cruz de Pinares
"40.680475027256556, -5.105507702842991",Hurtumpascual
"41.3545235232673, 1.9710718185211986",Torrelles de Llobregat
"39.92368337293064, -5.683362206240889",Casatejada
"39.34055796280162, -6.2316243974223795",Torrequemada
"37.98138655159744, -4.298722842474982",Villa del Río
"39.42906022765533, -4.252424549950816",Retuerta del Bullaque
"41.76348209019947, 2.7247892951735264",Maçanet de la Selva
"37.83353139793528, -6.444636876814822",Higuera de la Sierra
"42.226215347978325, -2.1928137798151104",Santa Eulalia Bajera
"42.34345488821335, -7.77987846819943",O Pereiro de Aguiar
"40.961669141567974, -5.679720466371888",Salamanca
"40.82349700488905, -4.272047647751869",Valdeprados
"41.46651217416121, -2.2975358614739156",Maján
"41.10027593120703, 0.873319847395844",Colldejou
"39.25486856555443, -1.0806296043542662",Cofrentes
"38.89673626284797, -0.10417538977811946",Oliva
"40.14591905183906, -0.367060141517202",Castillo de Villamalefa
"37.185100862722024, -3.844334414010687",Láchar
"42.20958214268812, 0.3847430160152379",Graus
"42.703499502475054, -5.766464290829632",Rioseco de Tapia
"42.461274098717126, 1.1467343758984796",Rialp
"37.14345749030033, -4.647185090948595",Mollina
"40.463441759246166, -6.0629245523501964",Madroñal
"40.28920252489721, -1.5033368802538494",Terriente
"39.61613352912463, -4.356825363609155",Menasalbas
"43.28051272542329, -3.2848718236083676",Trucios-Turtzioz
"42.11990664318097, -3.3159072798445024",Jaramillo de la Fuente
"38.00799607790238, -6.4179857772525235",Arroyomolinos de León
"42.361234386015816, -5.310083262310955",Santa Cristina de Valmadrigal
"41.947237486438276, 1.5990464951518897",Clariana de Cardener
"36.79563181004112, -4.009199810079849",Sayalonga
"41.112971315645616, -5.749229644567928",Forfoleda
"41.27852988786179, -3.5941259351419963",Castillejo de Mesleón
"41.39413998506851, -3.9489489843201455",San Miguel de Bernuy
"37.256798296694946, -5.962526482688992",Dos Hermanas
"41.67578452726848, -5.084765441883504",Barruelo del Valle
"40.925486139599556, -4.881836002377635",Constanzana
"42.62289417719477, -3.4447756781939765",Llano de Bureba
"37.71918907255636, -2.3982187650600784",Orce
"41.956664367013865, -0.5669876278918333",Tardienta
"42.62211107007939, 1.1183411889895452",Esterri d'Àneu
"42.169696856836566, -2.6119864210916073",Gallinero de Cameros
"39.74518847242525, -3.8023151315749586",Mascaraque
"38.33082249784721, -6.406481813062084",Medina de las Torres
"38.647052189060375, -6.6415444924736935",Santa Marta
"39.22127795779501, -2.315424273634912",Minaya
"37.70818040966959, -7.01483776875017",El Cerro de Andévalo
"37.96125468713814, -4.2318052717733785",Lopera
"38.384840985435304, -3.1014201138049686",Montizón
"41.1109144556775, -5.679429304394703",Valdunciel
"41.01059496452153, -5.3997211689827225",Villoruela
"38.81269541387299, -0.6552011079824058",Ontinyent
"37.3567086428279, -2.416307825229557",Armuña de Almanzora
"42.365773699968926, -2.231036220848557",Galilea
"41.611946597195214, -5.889360227522962",Palacios del Pan
"42.374033630229604, -3.312809287760714",Villafranca Montes de Oca
"39.81805843749972, -5.610440891068207",Belvís de Monroy
"39.44976844640582, -5.3201672896185",Guadalupe
"40.5375918834304, -4.018970535363685",Colmenarejo
"37.54866329748862, -6.168092189880636",Gerena
"41.63036282321451, -1.9591246873149364",Ciria
"42.07666291949672, -4.957002579844848",Villafrades de Campos
"41.36714611052034, -6.215430170214285",Muga de Sayago
"41.25730050372655, -0.27290264169108136",Escatrón
"41.241923929423116, -2.1265865584472783",Torrehermosa
"42.798182479982614, -2.1865863405867545",Monte Comunal de las Limitaciones de las Améscoas
"40.9351846360559, -4.8349222712063415",Cabezas de Alambre
"38.08147904373132, -6.069498596399135",Puebla del Maestre
"41.97961143754169, -5.596098772191658",Castrogonzalo
"42.076135859540535, -6.198731035527366",Molezuelas de la Carballeda
"41.5449988592936, -5.747937852610663",Valcabado
"41.62954826279466, 2.6040777851791628",Sant Cebrià de Vallalta
"43.04121336627724, -3.6523929156166948",Merindad de Sotoscueva
"38.875824425764, -4.12740084297039",Corral de Calatrava
"42.800938276575785, -8.871345504592785",Noia
"43.10695217106648, -2.018789616278584",Gaztelu
"42.33965834999723, -5.600320512996933",Villamañán
"42.90735056572477, -2.1081751722223965",Bakaiku
"42.565055005831034, -8.669807593913793",Portas
"41.089785806751195, -4.392467072555205",Ortigosa de Pestaño
"37.37197297712796, -4.942133470480636",Marinaleda
"39.582317891171655, -3.364967664407879",Villacañas
"41.5828126014182, -4.949691914385181",Velliza
"40.17153885218005, -0.5289263818355766",Cortes de Arenoso
"40.99759878733546, -2.482727606165989",Alcolea del Pinar
"40.774169098367054, -2.3971919206545764",Ocentejo
"43.27407256890285, -2.169211551205457",Zarautz
"36.548402950376506, -5.300498735448458",Benarrabá
"42.05029383925602, -4.588333075073399",Grijota
"41.17050545198035, -5.883160181087577",Palacios del Arzobispo
"41.001863472275616, -4.07495008439257",Espirdo
"41.75305622927742, -4.381873588056267",Esguevillas de Esgueva
"37.16239926258973, -2.766765625417653",Abla
"40.42369048624539, -2.6015862018082774",Alcohujate
"42.38522697582941, 1.3288029957256127",Montferrer i Castellbò
"40.85166209648899, -5.351491959177803",Tordillos
"41.26067286001572, -3.646331880378409",Sotillo
"41.44075296014298, -6.213371086683375",Argañín
"42.03362571837905, -5.757320830326225",Manganeses de la Polvorosa
"42.507301022286505, -2.6248706249298706",Elciego
"38.7315628860996, -0.2743585604872936",Fageca
"41.94899091472691, 2.0703501806315443",Oristà
"41.31002189845884, 2.098794471115762",El Prat de Llobregat
"39.802031357012126, -3.845118918489014",Almonacid de Toledo
"41.68994569949807, -3.6848378201131595",Aranda de Duero
"41.62752797967299, -3.6824683677202854",Fuentespina
"42.68811877612701, -4.213227935214726",Rebolledo de la Torre
"42.46804397579628, -6.896027301642213",Rubiá
"43.340673360535014, -6.849944498816075",Illano
"41.37119027095946, 0.9923342638545517",Vallclara
"42.08057819760714, -3.44008269864176","Comunidad de 09314, 09374, 09356 y 09126"
"38.940426055174825, -2.5836187505990575",El Bonillo
"37.06153129134207, -2.761209761305226",Ohanes
"41.43909682371155, -2.6411569608680785",Barca
"40.70206561690453, 0.2741314018090009",La Sénia
"40.15108123906868, -1.411847067132092",Veguillas de la Sierra
"39.26449141621589, -5.975200873128229",Robledillo de Trujillo
"39.88514869720811, -5.859550387355543",Toril
"41.821418544291035, 3.0465316875727577",Castell-Platja d'Aro
"40.66872816658015, -2.762774897200913",Budia
"42.66321588380999, -1.6234019461476008",Unzué
"42.19726683977917, -8.62306217060255",Mos
"39.57431780242754, -0.3318706467549734",Massamagrell
"43.03022999308889, -2.690883861793451",Ubide
"41.82381339957457, -1.7342930001087589",Trasmoz
"39.121376722320285, -1.6674071590160173",Valdeganga
"40.44254742449302, -1.720280719226691",Griegos
"38.979515612756586, -5.07681400989162",Siruela
"41.37688580885738, 1.722442994009959",La Granada
"38.152345756267046, -0.7975773034655521",Catral
"37.292970966944125, -2.2305731511378384",Líjar
"41.004066566517, -5.492828282130795",Aldearrubia
"40.576526102080784, -5.628562260638676",Aldeavieja de Tormes
"40.36965303481332, -6.759808881028388",Casillas de Flores
"43.114339012267706, -4.076046193477772",Bárcena de Pie de Concha
"40.09383097333604, -5.043066226646404",Parrillas
"39.1044300799611, -0.7784390196601634",Quesa
"38.78508171374178, -0.06616581387483046",Orba
"41.63233111546593, 2.6725871730857746",Pineda de Mar
"42.65887942870838, -3.2598812935924952",Busto de Bureba
"39.20016643735733, -4.184669854528943",Porzuna
"42.60435154275289, -5.78601616116716",Cimanes del Tejar
"42.39599923676328, -2.8593024391227915",Cañas
"41.1234569958303, -6.432607307190018",Villar de Samaniego
"41.595454679497266, -2.017279929162391",Reznos
"43.346468408119215, -2.763606484653623",Arrieta
"41.47735077073652, -1.706787906366904",Aniñón
"42.72384290405943, -4.081105990864002",Valle de Valdelucio
"39.20769317543703, -2.9695983807376436",Tomelloso
"37.042965699097216, -2.808655718588781",Beires
"37.287723926030075, -2.3438708159367625",Laroya
"42.01874673645638, 1.7750381639102315",Montclar
"41.213713081243895, -3.101079878827355",Condemios de Abajo
"42.211656020153455, -5.578329306142792",Algadefe
"42.70666174566456, -4.666654593709067",Congosto de Valdavia
"42.2139859515584, -4.249939849067016",Villodre
"41.6500345554128, -2.175740084851236",Buberos
"41.60990571405109, 1.7635017823047865",El Bruc
"42.03467806643278, -5.501155094995663",San Miguel del Valle
"40.164065468806896, -6.626207177352519",Villasbuenas de Gata
"38.4690971460682, -3.488469150227526",Almuradiel
"39.50773732603382, -1.5697565590603013",Minglanilla
"37.560196657192236, -3.5092302575887397",Montejícar
"36.991595985503146, -3.5029139535960265",Nigüelas
"42.534864657059615, -2.3078626203138244",Bargota
"43.39302721279391, -5.68537365329153",Siero
"42.50556295514724, -8.801273728158618",Cambados
"41.33891329367304, 0.9487819808468307",Vilanova de Prades
"39.64139171904706, -3.994969447249533",Sonseca
"40.02378927247545, -3.9115378153281903",Villaluenga de la Sagra
"39.39270072750179, -0.4174515904999052",Albal
"43.36097697485378, -2.83571306343972",Mungia
"42.59519136190805, -2.5145122337941044",Kripan
"40.103475905083684, -0.0012213804286234822",la Pobla Tornesa
"38.559718055954995, -2.9198852211547903",Puebla del Príncipe
"36.8519099018884, -3.6033899499290616",Los Guájares
"40.85990244666036, -2.369844468403688",Esplegares
"37.455157015527085, -7.207842984321872",Villanueva de los Castillejos
"41.00784135950756, -6.312435807541319",Peralejos de Arriba
"40.544996426493086, -6.337621809385904",Serradilla del Arroyo
"41.722706393691965, -1.8272565474388656",Beratón
"41.02901804594358, -2.2792357900116116",Luzón
"42.55122158507204, -5.885317034160668",Turcia
"41.609249402567116, 0.46592847377294894",Alcarràs
"42.76172617084443, -7.216655671721913",Triacastela
"40.74162107730096, -5.645956591327579",Beleña
"40.79518453542215, -5.148820465601491",Mancera de Arriba
"42.97532338511699, -2.5644906890901913",Leintz-Gatzaga
"40.442319141654245, -3.3251636076527014",Villalbilla
"40.91534730175924, 0.5523181203820756",Tivenys
"41.796098064560766, -1.166899442055481",Cabañas de Ebro
"41.659407856993504, -3.853775117785171",Hoyales de Roa
"42.30003961120124, 2.1713938453432964",Ribes de Freser
"43.13151893538002, -1.960587719939622",Berastegi
"42.73667316110794, -0.23975582127036818",Panticosa
"37.364169064055154, -6.328041853818103",Carrión de los Céspedes
"41.51638731930068, 1.9099766730970134",Abrera
"41.99421490229805, -3.789026138047093",Quintanilla de la Mata
"41.62839622416877, -3.5725225574842416",Vadocondes
"39.40822938226078, -2.432871913315204",San Clemente
"40.82320581761096, -2.28837385323018",Huertahernando
"40.845082144370814, -3.2182122464372123",Robledillo de Mohernando
"41.62568713222005, 0.28559660850380514",Zaidín
"37.96221233080671, -3.808427971161955",Mengíbar
"42.326931479113206, -2.4823217881645703",Nalda
"42.56404646425818, -7.367292534707798",A Pobra do Brollón
"40.46876494849906, -3.895133369388674",Majadahonda
"40.605766610465224, -6.35741321104643",Tenebrón
"28.63125926063052, -17.790558236774864",Breña Baja
"28.35306498203689, -16.646302814508676",La Guancha
"40.16713700911771, -0.6077498836287588",Fuentes de Rubielos
"40.90050341508321, -0.4742095758849548",Los Olmos
"40.89039319349966, -1.443589885028764",Torralba de los Sisones
"41.94368276461461, -6.29176149941907",Villardeciervos
"39.07887610239357, -5.238080119969271",Puebla de Alcocer
"42.1587601178155, -4.014706921274875",Belbimbre
"42.27609709498216, -3.621059044905775",Carcedo de Burgos
"41.43297395531058, 0.9230826797571242",L'Albi
"42.37953899464806, 1.6140532484752004",El Pont de Bar
"42.57329844449927, -2.7467842302903227",San Vicente de la Sonsierra
"40.480345681062545, -4.242073237355043",Robledo de Chavela
"36.96442394009098, -4.263888470946615",Alfarnatejo
"41.693599002121395, -2.2745940015251738",Cabrejas del Campo
"41.900610864709165, -2.808258983155249",Salduero
"41.965368980459964, -5.638205422546777",Villanueva de Azoague
"40.611027582880325, -4.806366391060072",Salobral
"38.86031177148633, -6.2780982145371125",Don Álvaro
"37.1728781569487, -2.4880063650409547",Olula de Castro
"42.478703304775074, -2.8633638755170177",San Torcuato
"40.51434200905425, -3.5246498847243686",Paracuellos de Jarama
"42.55550322419116, -4.016013042499026",Villadiego
"42.58998453965781, -0.9922270180060889",Artieda
"41.58199183756359, -0.6853816104846906",Nuez de Ebro
"38.64188645405877, -5.772725736177444",Higuera de la Serena
"42.98438491690877, -2.835889452555852",Zuia
"41.61339112648592, 2.1305063054293365",Sentmenat
"42.31678871269049, 3.1872017532759602",La Selva de Mar
"37.74003260490766, -4.190103587564295",Santiago de Calatrava
"38.07576233979699, -1.7463374457755194",Cehegín
"41.15789712825437, -6.695942852068495",Mieza
"40.660709076411564, -6.101149135136627",Tamames
"41.430564301595034, -4.060903401873075",Fuentesaúco de Fuentidueña
"40.23492477458248, -1.418663335274085",Jabaloyas
"39.01885951988668, -1.074263552048494",Ayora
"43.36509037855859, -2.893638510888987",Gatika
"43.510304963314155, -6.762766049738757",Cuaña
"39.6893601580419, -6.513004640982673",Garrovillas de Alconétar
"42.402676677864996, -0.7163288010130385",Las Peñas de Riglos
"41.49728692103927, 0.9242261998150998",La Floresta
"41.65514876566606, 1.4058660484424494",Sant Guim de Freixenet
"42.16864610030558, -4.840156432217426",Mazuecos de Valdeginate
"42.65451699876596, -4.708140953914942",Tabanera de Valdavia
"42.04791220225889, -4.911820846412216",Villarramiel
"40.4645923655314, -6.032934393554763",Cepeda
"40.87940379247263, -5.3935826316008875",Peñarandilla
"41.006939197676644, -5.654512420849081",Villares de la Reina
"41.10818990725892, -4.042776648280533",Torreiglesias
"41.24584216596843, 1.1042030842086406",L'Albiol
"38.829191844035584, -0.0357844379381932",Benimeli
"36.966377994840926, -2.686291045723446",Instinción
"41.23783646268578, 1.220264634532296",La Masó
"39.803787393771096, -0.6787245415688864",Alcublas
"39.43390240182568, -0.43621764734468343",Picanya
"43.34667967746495, -3.088437784313011",Zierbena
"41.508890977269616, -3.7831532283808236",Aldehorno
"41.187339179769474, -3.8037526964135475",La Matilla
"42.1367696898567, -5.31446403508218",Castrobol
"41.657329987357265, -5.499908356426305",Malva
"43.26438442381383, -1.8885107965989345",Errenteria
"41.081678114125616, -5.3290093008203465",Cantalpino
"36.98198857726516, -2.646245573269855",Íllar
"40.38770186819314, -5.38674161005632",Avellaneda
"43.275233803829884, -8.22313856425054",Betanzos
"41.35823310832099, 2.112213509948281",L'Hospitalet de Llobregat
"43.525493837076745, -6.055312753834979",Sotu'l Barcu
"42.29524224232414, -4.859620804082338",Villalcón
"38.62139029514189, -6.548301647810934",Villalba de los Barros
"38.61788599110239, -0.27883366635950113",Sella
"37.61898204319331, -7.014211010087074",Villanueva de las Cruces
"42.40357912082452, -0.5100225606990252",Caldearenas
"42.22242518564458, -2.1663025295391596",Herce
"42.5059691259455, -7.647951637795599",Pantón
"40.55312583282051, -5.945101136380525",San Miguel de Valero
"41.75663694069362, -5.053772195176365",Castromonte
"42.14592245284635, -6.32798834398125",Muelas de los Caballeros
"37.71233941544651, -2.9474018916031515",Pozo Alcón
"42.13644846214726, -2.252563036975439",Enciso
"41.8025604094408, -1.4619580141902864",Alberite de San Juan
"38.461612969616255, -6.080327587594687",Llera
"38.78280106652258, -1.7597100721375474",Pozo Cañada
"41.461885602975514, 2.2365941287819293",Badalona
"41.36625106583878, -5.0932942323085255",Nava del Rey
"41.734039780242156, -3.8050486908153855",Gumiel de Mercado
"42.523776894648584, -3.904531516655914",Las Hormazas
"40.86446090392106, -1.6711456027908158",Campillo de Dueñas
"42.443331864355024, 1.454653055475456",Les Valls de Valira
"43.27960562847693, -6.937962803013436",San Martín de Oscos
"43.379930794794674, -3.7593627953494897",Medio Cudeyo
"41.75399602889288, -4.091028958481186",Encinas de Esgueva
"41.78410404406068, 1.5420607278299074",La Molsosa
"43.13797362516657, -1.6909137545721378",Elgorriaga
"42.59804195307708, -1.9961331096302057",Morentin
"41.63540888220849, -2.660284096973214",Quintana Redonda
"41.21139485674188, 1.1345278677925668",La Selva del Camp
"37.449897690981516, -2.1360289604989804",Albox
"41.54749025880166, -3.7886695379860584",Moradillo de Roa
"41.575524991252884, -3.7506508676603385",Torregalindo
"40.322038389762724, -5.812185299799566",La Garganta
"39.987070471216896, -0.5721026082672789",Caudiel
"42.32485663189607, 3.2163407502575",El Port de la Selva
"37.61272423029738, -2.912924371966678",Cuevas del Campo
"40.46340558786574, -2.5819603254469987",Alcocer
"42.571854786342634, -2.902670902728214",Anguciana
"43.439512680465256, -7.368082959377827",Mondoñedo
"42.58155043054796, -2.1328371514246074",Barbarin
"43.064861700733054, -4.534814117755909",Pesaguero
"41.61409548012457, -2.456648521551758",Cubo de la Solana
"39.192805930951586, -0.523958548135003",l'Alcúdia
"38.927224732699074, -0.49400232437405317",Guadasséquies
"41.00149081804314, -4.965722431285757",Cabezas del Pozo
"38.247536081565904, -5.878774157788828",Ahillones
"39.79629267511315, 2.7512019897940436",Fornalutx
"39.61890260444128, 2.9762695474068392",Lloret de Vistalegre
"36.994586758208854, -3.9996482501668056",Alhama de Granada
"37.18794814117354, -2.9357580637811944",Huéneja
"41.113278596238835, -3.1349735276985324",El Ordial
"43.09025706036562, -1.663112594633227",Donamaria
"42.66163099918766, -1.7854088448318848",Obanos
"41.73661199105348, -5.969807491342854",Olmillos de Castro
"39.09341500810889, -6.665827174607385",La Roca de la Sierra
"37.19394152720056, -6.892656369338356",Palos de la Frontera
"42.609112358008666, -0.8618542681349799",Canal de Berdún
"42.27340385961228, 0.34345424596200347",Perarrúa
"42.55760433668866, -3.0474544291159904",Treviana
"41.03387167899225, -1.1980337807464263",Lagueruela
"42.59294354342404, -3.267328041679335",Grisaleña
"37.049791712427464, -3.2598302924597533",Trevélez
"42.32885430128119, -6.095783282762153",Destriana
"42.83741701518811, -1.6440666254599638",Ansoáin
"42.30057146549332, -7.907361663908114",Barbadás
"42.406206588358465, -4.886244626792952",Lagartos
"42.331344536698275, -8.424381267718456",Fornelos de Montes
"40.6438641550827, -5.267025139233684",Pascualcobo
"39.02740813483381, -3.3762936771142673",Manzanares
"42.754546019271835, -6.732246275213047",Vega de Espinareda
"38.00694495832612, -2.026668762371262",Caravaca de la Cruz
"42.56256879434585, -1.4994846723562159",Lerga
"42.64793060095327, -1.2899668685688541",Lumbier
"37.00736423647084, -5.231536002705984",Pruna
"41.13120173640621, 0.9031844570948705",L'Argentera
"41.18306868860503, 1.4049451544422584",La Pobla de Montornès
"39.13803196390074, -0.3235705450565918",Llaurí
"41.86732885885386, -6.465557006639252",Figueruela de Arriba
"37.498424327194634, -3.3587848709785586",Torre-Cardela
"38.25290228173745, -2.6588517291159417",Segura de la Sierra
"42.8234426615839, -5.407285692857822",La Vecilla
"40.81719404364393, -3.6769578556694262",Navalafuente
"42.491247845121755, -2.2309604419440103",Lazagurría
"41.93993892044889, -8.83319112525532",O Rosal
"38.38499206367101, -0.6950042006447161",Monforte del Cid
"39.94329676252023, 4.03792794272184",Es Migjorn Gran
"41.49907163576391, 2.291937926929467",Alella
"42.72449094414457, -2.9027603239172124",Erriberabeitia
"41.58315850852119, 2.547394581319411",Arenys de Mar
"43.35620070299246, -2.5486295076162837",Ispaster
"40.94926594519688, -4.712585188912352",Tiñosillos
"39.096673596894256, -5.80243228518208",Villar de Rena
"41.83036065687156, 2.2814183616808004",Seva
"38.93072462171998, -4.000486442400319",Poblete
"37.91631612661354, -4.372479384349447",Bujalance
"39.827258571541634, -2.7816139929798385",Almonacid del Marquesado
"42.057267733424666, 3.1607048906118016",Torroella de Montgrí
"42.930641312081335, -7.434501907910807",O Corgo
"42.54403653144074, -2.1892558125869344",Los Arcos
"42.058621985976366, -6.0483353901545",Brime de Sog
"41.606713713306384, -1.6992361120946844",Oseja
"41.48060575967818, 2.122738656468607",Cerdanyola del Vallès
"43.04520814552326, -8.277529719517515",Frades
"42.01006761640034, -4.897619330582724",Capillas
"42.243307371823754, -8.444912855360764",Mondariz
"41.052056541288984, -4.540077259245474",Aldehuela del Codonal
"41.54934041841575, -3.949837372822618",Cuevas de Provanco
"37.4402717861633, -6.178269014432785",Albaida del Aljarafe
"40.62659407597975, -1.2744167100657557",Torrelacárcel
"40.054176196935984, -4.10076379164923",Arcicóllar
"41.993731337829246, -5.918115742511934",Santibáñez de Tera
"41.07061935050161, -1.323799048700434",Anento
"40.697369295422604, -4.593130152640468",Berrocalejo de Aragona
"40.62226740760665, 0.22462498347421786",Rossell
"36.762248525163585, -3.583365721791095",Salobreña
"40.784545531891396, -4.832952018178651",Aveinte
"41.81817611855162, 2.2115777909978855",Balenyà
"42.41454975587585, -3.536765789904377",Quintanapalla
"42.61974494664414, -6.625733625975973",Cabañas Raras
"40.55708151832609, -3.323072402244313",Meco
"40.33988055401703, -3.5283226189364134",Rivas-Vaciamadrid
"36.605181917565474, -5.1976715001474325",Faraján
"42.648757872678054, -2.0469966327581126",Ayegui
"42.941865273732375, -4.547600133803166",Polentinos
"40.57368318529768, 0.5203091195509493",Alcanar
"41.61860050648297, 1.6314259517404666",Òdena
"42.38080086748147, -4.115423494028455",Villasandino
"41.953122443312715, 2.7166622968683676",Bescanó
"41.7924441436896, 1.2601442178295295",Torrefeta i Florejacs
"40.5783567476395, -0.5225632399498689",Cañada de Benatanduz
"41.00238442467653, -0.8486080744051815",Plou
"41.910251322597, -3.695053324395867",Pineda Trasmonte
"41.92138833587158, -3.9270153480004284",Villafruela
"40.05060435146077, -0.07023019184149519",Borriol
"42.24285589421611, 3.0357697665663523",Fortià
"41.10331784095651, -2.6566555336819713",Sigüenza
"37.85497134695497, -6.917970265143427",Cortegana
"42.267681029134536, -5.582513073097232",Villademor de la Vega
"41.75248031949495, 1.103006452574076",Puigverd d'Agramunt
"40.862849332833015, -3.6132108414755684",La Cabrera
"42.775724756108104, -2.2583595204112363",Larraona
"43.08707731742732, -4.0676627522607",Pesquera
"40.94137313204758, -4.431137135812708",Sangarcía
"39.081603287717776, -0.47241339513471076",la Pobla Llarga
"41.66014780040378, -4.443691239653018",Villavaquerín
"41.63220980037691, -5.938633059184694",Manzanal del Barco
"41.91287819496386, -5.923034901396652",Pueblica de Valverde
"42.03413659239583, -5.526089057631368",Valdescorriel
"38.62533962306453, -0.04723962772061645",Altea
"38.829608016890575, -0.2321317878643407",la Vall de Gallinera
"41.70273850149386, 2.3376757789936087",Cànoves i Samalús
"41.482795273266284, 1.9681859140822326",Castellbisbal
"43.261570510337464, -4.090836505768658",Los Corrales de Buelna
"43.04198314077426, -2.6549393741719904",Otxandio
"41.09363896422453, -1.6304242666171895",Cubel
"36.453526849400866, -6.2046889203709",San Fernando
"42.87814214959292, -4.399337338439173",Mudá
"41.23984799240391, -3.431403187006974",Riofrío de Riaza
"41.66164617127709, -4.777369357661431",Valladolid
"40.26344042974874, -0.027079929328602155",Sierra Engarcerán
"42.13239039012397, 1.5874553136941412",Sant Llorenç de Morunys
"42.816794658628694, -1.0077954031534808",Vidángoz
"40.76774670913405, -5.996111804239321",Carrascal del Obispo
"41.27064310079333, 0.6638409460132676",La Palma d'Ebre
"41.476410665197534, -4.50901553996009",Camporredondo
"38.82534333960407, -6.100101629027772",Cristina
"39.23908245797819, -5.886337100502732",Villamesías
"42.965000829072395, -2.2961569632158385",Zegama
"42.18075339529515, 0.4377642222122135",Capella
"42.20361863307663, -8.722493814657991",Vigo
"39.95003322284229, -5.775021376319198",Majadas
"40.626351721491545, -2.1201490072751783",Valsalobre
"41.981152843737036, -0.18018605705228327",Salillas
"40.56816974008486, -3.507532936297079",Cobeña
"40.3930651518089, -5.69236071620098",La Hoya
"41.190240111635106, -6.2260212028770185",Monleras
"41.17402291997928, -6.522554705979985",La Peña
"38.906440573274246, -0.5024455785752405",Alfarrasí
"39.249339296844745, -0.9386539271284473",Cortes de Pallás
"38.105746718318514, -0.7350621891825883",Daya Vieja
"39.591325091276964, -2.5519192438137352",Carrascosa de Haro
"37.47091430116203, -3.7219506818449264",Montillana
"41.095529735778214, -2.030500877441128",Mochales
"42.02432163344162, -0.17192721733934657",Antillón
"41.141610405009175, -3.568580971326632",Somosierra
"37.080543684792, -5.794469746847086",Utrera
"38.98591830499934, -0.4650627641112737",el Genovés
"38.90523179079236, -0.4237338735857027",la Pobla del Duc
"41.561997623476586, 2.3912587816483413",Argentona
"43.14908489809986, -3.7652052573671484",Vega de Pas
"40.915213382773956, -0.27263661384045196",Foz-Calanda
"38.88409362206239, -0.6068005779401779",Aielo de Malferit
"39.722826401024825, -1.124575747052333",Benagéber
"42.262260184258906, 3.020970406631688",Vila-sacra
"42.53449670055862, -5.9419320915564935",Benavides
"36.62178630054748, -5.094786050932555",Igualeja
"42.91887376908328, -1.2474414993497782",Garaioa
"41.98251945555397, 2.3254956038880716",Les Masies de Roda
"41.756599816206744, -3.3919976236277014",Coruña del Conde
"41.055055553857756, -1.8194317318405784",Fuentelsaz
"41.20576541807992, -3.1969165619452182",Galve de Sorbe
"42.49657705909117, -5.135824674994771",Santa María del Monte de Cea
"43.17389863288073, -7.439413954932426",Castro de Rei
"40.23999926068766, -4.743798097810821",La Iglesuela del Tiétar
"39.690117589544194, -0.2782471113978157",Sagunt
"38.57541901513019, -2.547493721341624",Salobre
"43.14072735346474, -6.1071849972848735",Teverga
"41.66086769361487, 2.39509093042858",Sant Antoni de Vilamajor
"42.64973927728876, -3.1263146565648325",Pancorbo
"42.03974694999393, 3.0371161863509557",Ultramort
"42.34186052256316, 2.2784474656108933",Vilallonga de Ter
"42.31047421577296, -4.464258220688183",Villovieco
"42.71446106430201, -8.636312742076383",Pontecesures
"37.599433699193256, -5.223417669885836",Cañada Rosal
"41.07730085154108, -4.8430054280402945",Sinlabajos
"41.61152444659235, 2.2245901895085507",Lliçà d'Amunt
"42.37357240966401, -5.850282037179243",Villazala
"42.419765500204285, -1.81000071574577",Falces
"40.67100615465355, -6.329256468851243",Alba de Yeltes
"43.41324600525145, -4.0567469056948084",Suances
"39.77335644382898, -4.851768011456373",Alcaudete de la Jara
"38.490042023500365, -6.6792170679973735",Salvatierra de los Barros
"38.24722844227016, -0.6648035584862949",Elx
"38.722160622360136, -0.3737772429592273",Gorga
"42.247387259702975, -3.985940711029872",Villaldemiro
"40.75335254979332, -0.3577761842147007",Castellote
"38.78087228303663, -0.5637424050730298",Alfafara
"39.05019238947886, -3.7640516080949333",Torralba de Calatrava
"40.21963472580359, -2.50509812784906",Villanueva de Guadamejud
"41.280335072534605, -2.8889405851751473",Romanillos de Atienza
"41.483431352560906, 0.21620973640321642",Fraga
"41.4503087590389, 0.3034733089133464",Torrente de Cinca
"42.16350127577001, -5.766950857280537",Pozuelo del Páramo
"41.162189868671526, -3.653528524498284",Casla
"41.246443293468595, -0.4466870880165598",La Puebla de Híjar
"43.41333355665836, -2.7548594927697905",Bermeo
"41.93848508303136, 2.0072406216039504",Sant Feliu Sasserra
"42.473577572841016, -3.356534785055252",Alcocero de Mola
"41.87161433240884, -3.391759489883551",Arauzo de Miel
"39.797883921935075, -6.103297629980042",Serradilla
"37.389465856573786, -3.080484515062986",Guadix
"41.84864559035804, 0.4939072639596181",Albelda
"42.16391378694145, -0.4801942383056239",Alerre
"41.94198766825746, 0.054641066382904814",Ilche
"42.08626398752951, -5.444673513747314",Valderas
"42.684719534292995, -4.4681955679726695",Micieces de Ojeda
"39.996779316329054, -5.287594775975224",Las Ventas de San Julián
"42.522752105654, -2.6749313804743093",Baños de Ebro
"41.42158875550049, 1.9856012133492407",Pallejà
"42.459040126093235, -4.093080870842392",Sordillos
"42.13459317302124, 0.5646547323904478",Tolva
"42.12813275742236, -4.903576966425357",Guaza de Campos
"38.347962480454356, -5.038923088783864",Villanueva del Duque
"43.32766502081245, -1.8775943932381065",Lezo
"42.208580151391224, 1.66883418150037",Gósol
"41.16911891774807, -5.5351333424085185",Aldeanueva de Figueroa
"40.64723848742958, -5.852381020065282",La Sierpe
"41.241364518555166, -6.375967409039973",Trabanca
"28.707543795129364, -17.799968933757643",Santa Cruz de la Palma
"41.344735262695984, -4.43171087253947",Chañe
"41.53920395539704, -4.720389324906018",Boecillo
"41.310578252920365, -6.386206656918344",Fermoselle
"40.97213725432132, -4.9374090685921885",Bernuy-Zapardiel
"38.50769313615545, -6.885092752516295",Barcarrota
"39.2981964911579, -1.6605207287537371",Cenizate
"38.70568356949835, -0.39569590604197374",Benilloba
"36.2206791684403, -5.558883035096098",Los Barrios
"38.91581758066418, -3.058658723052135",Alhambra
"38.419568302076065, -5.0485131121827065",Fuente la Lancha
"40.58292497748605, -2.3846468468233546",Vindel
"42.22206186487064, 2.9729733358274015",Vilamalla
"42.64725603564927, -6.8743283737692185",Trabadelo
"42.33949136419507, -4.486954946024174",Arconada
"42.85177302501913, -4.369306531883438",Salinas de Pisuerga
"40.96465969296848, -5.746162940561775",Doñinos de Salamanca
"40.79720592986321, -6.208772596443081",La Fuente de San Esteban
"39.76168290664342, -0.5302090587276571",Gátova
"43.36711124674697, -2.7895337581747155",Meñaka
"41.49659621712557, -5.669831436098008",Villaralbo
"38.88030482091636, -5.599167770576564",Campanario
"43.537896738350256, -7.481346383161747",O Valadouro
"41.21156216716497, 1.1956941014487912",Vilallonga del Camp
"37.735938224346064, -2.678177258214382",Castilléjar
"40.866850157156094, -2.670185046166816",Las Inviernas
"43.0101048218562, -2.2923750974609516",Zerain
"42.25771330980939, -6.078480610346994",Quintana y Congosto
"42.31783432490554, -2.7589597178276137",Bobadilla
"28.956087367948875, -13.662129747306805",Tías
"40.04935504083222, -4.014036547537796",Recas
"42.05943154147403, -5.785083662863213",Morales de Rey
"41.50908204492301, -0.3952405942118655",Pina de Ebro
"40.50168980554645, -5.745343974786151",Puebla de San Medel
"43.33156260664128, -3.3074286815084206",Guriezo
"41.059149254503474, -4.278836493846652",Armuña
"41.43738493942386, -3.5813034386265765",Cilleruelo de San Mamés
"36.853733335405025, -3.2819728021843275",Torvizcón
"37.53047603886656, -3.111672482336952",Villanueva de las Torres
"28.66506434928062, -17.867590175820972",El Paso
"41.27865394237799, 1.4072673877788948",Rodonyà
"40.128526906078285, -1.3357747558128696",Castielfabib
"41.034680410903235, -1.5100051037028799",Santed
"38.74686727425903, -0.11580630693436185",Benigembla
"40.21903949272111, -5.144098284097116",Guisando
"39.11719443836331, -6.826567927904171",Villar del Rey
"38.56507954544027, -2.104971181935334",Ayna
"38.764179423816344, -0.3578220632612216",Almudaina
"41.68174651219302, 2.2050844940716514",Bigues i Riells del Fai
"40.35839394130765, -3.8372316857739786",Alcorcón
"40.88274405377117, -3.484793443709668",Patones
"40.88477442619437, -4.929279965983454",Collado de Contreras
"42.62123809909599, -2.6083833650740877",Lagrán
"40.96698735575708, -2.4469198668310717",Luzaga
"42.72296263119293, -5.665854330242269",Cuadros
"42.18627623551127, -2.6428311912556137",Pradillo
"40.11526668799455, -4.6379245353519885",Garciotum
"39.45836308717303, -2.6382710364472968",Las Pedroñeras
"42.07583023381619, -2.5932404508081497",Lumbreras de Cameros
"39.234654598483864, -0.536197037547562",Carlet
"38.88144426140843, -0.3615718960172671",Rugat
"39.45543436098001, -1.3914699083041924",Venta del Moro
"41.88213083644055, -5.777678165038522",Bretocino
"39.716028648077575, -6.790467447186472",Mata de Alcántara
"37.682426492773224, -4.479362485512103",Castro del Río
"40.584048475577696, -2.1938728647310564",Carrascosa
"41.29822565428251, -2.9184336358080594",Bañuelos
"36.75955986518253, -4.295023403485368",Totalán
"27.983104504559503, -15.429310767346001",Telde
"41.95115076372573, -2.5683812956768524",Valdeavellano de Tera
"39.45149892433272, -0.470768654804348",Alaquàs
"38.95481088213087, -0.13556642221003057",Miramar
"38.329662026283025, -0.7854866002763397",Aspe
"39.623760807983814, 2.7285582830948387",Marratxí
"41.62835900802737, 2.012434187903815",Matadepera
"38.741113747203954, -4.02349306810463",Argamasilla de Calatrava
"41.544629081692825, 0.9367029660830435",Arbeca
"41.0373765706694, -3.622307805449085",La Serna del Monte
"42.09176276935637, -4.203235644288188",Quintana del Puente
"42.66168743157886, -8.131024098911352",Lalín
"40.33320222534831, -1.4285654756174735",Saldón
"42.03026105028265, -5.14199716095517",Ceinos de Campos
"43.42013982384703, -2.813087145456516",Bakio
"36.77265477303278, -4.1348172397615475",Vélez-Málaga
"41.82768188678298, -4.021265261051205",Tórtoles de Esgueva
"41.808433413905746, -3.880793614102115",Villatuelda
"40.14282234361893, -5.90237399369957",Valdastillas
"36.65514017705396, -5.644744904720508",Algar
"39.838554334910214, -0.2815268720110768",Alfondeguilla
"42.32590506790987, 2.7698707912008977",Sant Llorenç de la Muga
"42.42997684116103, -5.588571184623961",Ardón
"40.74190588742173, -3.624962874490671",Pedrezuela
"43.027918809272876, -3.9856362424950698",Campoo de Yuso
"43.000192346561114, -4.1364285747715845",Reinosa
"41.89031110728648, -2.1091190397660724",Valdelagua del Cerro
"40.8522049791136, -0.40636103483091396",Berge
"38.98566392265351, -0.5959206512970499",Cerdà
"41.46294405632823, -5.598434383624781",Madridanos
"41.61209170223277, -1.58805213864925",Tierga
"42.6097642664399, -6.0917136571045",Mancomunidad de Villagatón y Quintana del Castillo
"38.06720168117223, -0.9093755401130642",Orihuela
"40.699702838879844, -4.988852515502528",Cillán
"42.49014519624799, -2.9707552158740187",Villalobar de Rioja
"40.52587824675359, -6.6677150701931645",Campillo de Azaba
"40.89573998429793, -4.3874613624217655",Marugán
"41.03340868778744, -4.179855976372692",Roda de Eresma
"41.164339475609665, -0.48631357668259306",Urrea de Gaén
"39.700883349010326, -0.9248874325298428",Domeño
"42.415043282346105, -3.365579162472834",Cerratón de Juarros
"40.93594989973893, -2.877535837355822",Bujalaro
"42.58699360521212, 1.2164440736950526",Vall de Cardós
"43.27437880728068, -5.615268788578517",San Martín del Rey Aurelio
"40.38111291277015, -5.894331767429588",Aldeacipreste
"40.89503955353594, -5.64793994352287",Arapiles
"40.64583092292684, -6.017243918071183",Tejeda y Segoyuela
"41.65428357975365, -2.3328108202486995",Aldealafuente
"40.88498117119434, -0.916523421127151",Vivel del Río Martín
"41.60232401149514, -4.349671497328133",Quintanilla de Onésimo
"43.22039901123607, -3.440589833705808",Lanestosa
"41.239132883454225, -0.9061736044121128",Azuara
"38.79072634970134, -5.484815650427984",Castuera
"42.256847970840745, 0.19026803127966446",Abizanda
"42.788137408723024, -8.03322879901377",Agolada
"41.57899512620297, -5.3393454513609875",Villavendimio
"40.26258210485883, -5.937701675946793",Aldeanueva del Camino
"39.77968729782625, -0.181071332304597",Chilches
"42.50818050725543, -2.686771676162585",Torremontalbo
"42.3608025174089, -8.70966093052189",Marín
"40.982015681905054, -6.133074564570999",Santa María de Sando
"39.981693475604274, -4.130553806718953",Villamiel de Toledo
"38.899809376869726, -0.6887337280687047",Vallada
"38.55108855965412, -0.48961593770481343",Xixona
"41.115086243857135, -4.944061561620882",Moraleja de Matacabras
"40.873854722911965, -1.808224630009403",Molina de Aragón
"28.330765269151737, -16.69345611061039",Icod de los Vinos
"41.245822949869876, 0.7304302887648187",Cabacés
"41.0473085929748, -0.698720915452282",Alacón
"38.82635846080675, -0.5320553817025855",Benissoda
"38.96323241715283, -0.14621365365838496",Guardamar de la Safor
"38.38222215724819, -0.5375620652320499",Alicante
"40.01250715382506, -0.3152973940778533",Fanzara
"41.77453129857235, 2.8118052815968353",Vidreres
"42.134383488624955, 2.86473678611014",Vilademuls
"41.1406404436506, -3.009116116797841",Gascueña de Bornova
"38.03337190308351, -6.659683182486717",Cumbres Mayores
"42.93895494128661, -4.295308653809268",Brañosera
"40.036827780215845, -4.872963683969201",Segurilla
"38.97146701896396, -0.604707659046502",l'Alcúdia de Crespins
"41.717694899645785, -6.041385257975454",Losacio
"42.98841312105866, -9.097150705429133",Dumbría
"40.462710539837865, -2.9619774624326602",Hueva
"41.028231456776545, -2.7857965163376495",Viana de Jadraque
"42.49985655816696, -5.374374330537308",Mansilla de las Mulas
"41.38121400353445, 0.882252393617366",La Pobla de Cérvoles
"41.676376641912995, 0.6358697469738371",Torre-serona
"42.429565008068565, -2.2519567381475305",Arrúbal
"43.141128059614324, -7.331389311690385",Pol
"41.982401783032664, -4.950955990963304",Castil de Vela
"41.85556287214632, -1.4132397810427832",Bisimbre
"37.1349536888883, -2.6586074994094906",Nacimiento
"40.855058768677644, -4.718738679890189",Hernansancho
"42.21294367645971, -3.4574215210570225",Palazuelos de la Sierra
"42.6577691042491, -3.5271294838630927",Poza de la Sal
"40.51025327478914, 0.4352280455837672",Vinaròs
"40.62843607580547, -2.014157969647299",Poveda de la Sierra
"42.108221224326044, -5.605933833196292",Cimanes de la Vega
"42.80598421218619, -4.724816460207152",Santibáñez de la Peña
"43.40490254652532, -3.585968240308879",Hazas de Cesto
"37.63678146198134, -5.6462503517735145",Alcolea del Río
"41.30170103653511, 1.2391654033132093",Valls
"41.017143742884336, 0.1857940329800785",Calaceite
"40.45996528783254, -0.7970517723818694",Monteagudo del Castillo
"42.51399962338805, -4.231159011612573",Rezmondo
"42.75656048814425, -3.533760728215847",Rucandio
"42.38782070211839, 1.7270381733017797",Prullans
"41.39510468797099, 0.7214277561068639",Els Torms
"42.523727864111386, -7.8093994100801805",Carballedo
"42.53844619778748, -2.2531442463432705",Sansol
"40.9438509593478, -5.833666818194398",Galindo y Perahuy
"38.85133570099326, -0.4229685811194539",Beniatjar
"42.72586933988112, -2.1782997030849387",Sierra de Lokiz
"40.00020760837397, -6.407262137702828",Morcillo
"39.910151807762986, -6.4643441335261835",Torrejoncillo
"37.28460529671589, -3.0001925103216496",Valle del Zalabí
"41.01404455430852, -2.9064738780887986",Torremocha de Jadraque
"40.43298230064519, 0.07050927871076124",Tírig
"42.21197453481855, 3.0071253624323098",Siurana
"42.841537881834476, 0.7001601352625088",Bausen
"43.54995885912166, -5.791090076302333",Carreño
"41.97149470598422, -4.7169800103485695",Pedraza de Campos
"42.60054520654455, -4.652171516312709",Valderrábano
"40.61580164840942, -1.1438139772025544",Camañas
"41.60730173924803, -4.257387920442577",Quintanilla de Arriba
"42.12839327981575, 2.012553825578114",Borredà
"40.056455654862084, 0.04218908849711373",Benicàssim
"42.550798889332206, -0.5514831258332453",Jaca
"42.40688853781349, -6.152340107109465",Val de San Lorenzo
"42.96325667003513, -6.329542412413349",Villablino
"42.377610838441306, -2.7180153175849417",Arenzana de Abajo
"40.66215771736649, -5.526970330554898",Galinduste
"28.14241375480761, -17.2844816847311",Vallehermoso
"41.608814948962205, -3.732173543738427",Campillo de Aranda
"40.84280846963326, -4.370411184125344",Monterrubio
"38.620558177656946, -2.962177116511958",Almedina
"40.1293845002534, -1.7783923667019077",Valdemoro-Sierra
"43.32528953191121, -5.0555239153093074",Cangas de Onís
"39.53605368556684, -0.4133309613461963",Rocafort
"41.675255866632355, -5.056477220924678",Torrecilla de la Torre
"41.587929588215246, -5.75795056431298",Cubillos
"42.3546140947986, -5.871474626412084",Comunidad de Soto de la Vega y Villazala
"42.86406802912569, -3.1283281069854785",Valdegovía
"42.12114274621145, 2.0919528029751517",Alpens
"41.75011452996941, 1.4853835408559832",Calonge de Segarra
"41.87922111303345, 0.5420619371124982",Castillonroy
"43.36800822896809, -4.3940055675924015",San Vicente de la Barquera
"40.992177073433275, -4.310645194396235",Anaya
"40.18319471731297, -0.6692771295610803",Rubielos de Mora
"38.060211453669496, -0.8954078499782231",Bigastro
"40.66453746089178, -4.82030746259437",Casasola
"40.23699617577103, -2.0828790225144913",Villalba de la Sierra
"41.15253999782044, -6.618607829230426",La Zarza de Pumareda
"39.79458778560104, -6.510194703443265",Portezuelo
"43.07214699691281, -8.09935261453296",Vilasantar
"39.867674135419804, -2.2189798236766447",La Parra de las Vegas
"36.90236015156823, -3.2844857637352978",Almegíjar
"37.89228333807053, -6.465865485640664",Puerto Moral
"42.35280476246918, -2.716478973366043",Camprovín
"41.36558270172504, -4.048764684726403",Torrecilla del Pinar
"41.90799230062033, -1.9506792929229593",Dévanos
"40.54597275908727, -0.7497093971742766",Jorcas
"38.96929586377769, -0.3852455939863428",Quatretonda
"43.03879031227547, -3.406612279750783",Junta de Traslaloma
"42.112163705827214, -3.49097186181969",Mambrillas de Lara
"37.67908654987756, -4.312898687653773",Baena
"42.36741755939708, -4.307693608506045",Osornillo
"43.329028238021564, -2.986076285751284",Leioa
"43.10531656051041, -2.5868391068896854",Atxondo
"41.72471401066961, -1.6641536393539544",Talamantes
"40.18219231550239, -6.936885651097159",Valverde del Fresno
"38.58226179066621, -2.851599077328283",Terrinches
"41.00171175408678, -2.3524337048723436",Anguita
"40.370757770975736, -4.210394723832343",Chapinería
"40.53389302981307, -5.462930439260797",Gallegos de Solmirón
"38.91934742807504, -0.33112444457747187",Benicolet
"42.00975669905072, -6.016094205008992",Camarzana de Tera
"38.818131146217354, -0.06683606379833397",Sagra
"40.13820216025349, -5.5171245615202755",Talaveruela de la Vera
"43.295176404060626, -8.161410167531352",Paderne
"43.23359508729367, -1.618161631313102",Etxalar
"42.79157985648829, -1.2263650535295132",Urraul Alto
"40.67496345882996, -1.090572876413318",Visiedo
"38.96823182887486, -5.989684415335417",Medellín
"38.280249249266575, -5.679941130548067",Azuaga
"38.20914774352562, -6.583769090615326",Fregenal de la Sierra
"41.50054256948415, 2.3216713004944354",Teià
"43.44031255842347, -7.178935265036198",Trabada
"28.00006230650886, -15.559598794608233",Vega de San Mateo
"41.06838022982377, -6.662774471746354",Barruecopardo
"39.87582331164003, -3.3224235800015367",Villatobas
"41.863212544753445, -1.322556091183478",Gallur
"41.68370777575792, -3.859333532011736",Berlangas de Roa
"42.99621019402805, -2.2596385100102307",Segura
"42.13062198424055, 0.2024588991489831",El Grado
"38.059068620226654, -3.502062230534949",Canena
"42.43485640507351, 1.6675272331992823",Lles de Cerdanya
"40.78696938461626, -5.633561660373125",Buenavista
"41.01582174039821, -0.9443387487058879",Huesa del Común
"39.68141169120083, -3.0246038513497964",Villanueva de Alcardete
"37.1498973815294, -2.556771312025876",Gérgal
"39.50542942437137, -5.428036944681052",Navezuelas
"40.728985077451945, -3.188228466993151",Fontanar
"42.548684856972955, 0.30135707856322924",Plan
"42.30558748018602, -6.018740818704927",Villamontán de la Valduerna
"42.157493471290415, 1.2417763309021317",Coll de Nargó
"42.90856267347465, -4.385252292642387",San Cebrián de Mudá
"42.49921316570116, -8.457553627285662",Cerdedo-Cotobade
"41.13613786224921, 1.0580178606148014",Riudoms
"42.17572463367915, -5.195062058819429",Villalba de la Loma
"40.05284853444481, -3.9036410534407584",Yuncler
"41.942921389049964, 2.4221600754579247",Vilanova de Sau
"42.005504628660205, 2.9280594484103135",Sant Martí Vell
"42.84771360851738, -5.512041715879956",Matallana de Torío
"42.218804873739, -7.903368860631274",A Merca
"40.443644857565914, -5.750223689153815",Sanchotello
"40.1500079895328, -4.3903568389759835",Escalona
"41.63888447755874, -4.056204955270634",Valdearcos de la Vega
"43.32606125874523, -2.791628804031916",Fruiz
"38.309957209641475, -6.077375041339694",Villagarcía de la Torre
"43.611696281785264, -7.962084795601705",Cerdido
"42.186449319899125, 3.0918605256260827",Sant Pere Pescador
"37.70017938269052, -6.583828036076485",Minas de Riotinto
"37.97421268810291, -6.758515590817528",La Nava
"38.94954155841062, -6.5786105347633175",Montijo
"42.850965260940285, -8.921931236984145",Outes
"41.944077171009546, 2.6378483026870216",Anglès
"41.57021773636683, 0.9927352533112744",Belianes
"37.181374142435324, -4.341964749334247",Villanueva de Tapia
"42.63833118477019, -2.1629096756544715",Oco
"37.36134963482257, -5.220593115860574",Lantejuela
"39.15902542845444, -0.35253491796725417",Corbera
"43.37769468408929, -2.9790345901145763",Sopela
"41.90678131982527, -5.413140273709092",Quintanilla del Olmo
"38.72885109394678, -6.654348036803203",Corte de Peleas
"38.65301996026208, -5.600606171860898",Esparragosa de la Serena
"38.803826288128, -0.07281134198813921",Tormos
"41.90858196018438, -2.5654964360187646",Villar del Ala
"41.32517186343874, 0.8556533106303333",Ulldemolins
"41.054410949597674, -1.3872744391656155",San Martín del Río
"39.06000089989011, -0.5720747252998075",Càrcer
"39.690456379564594, -0.6589074500381507",Llíria
"41.22036236998674, -1.3410510550341481",Torralbilla
"41.33109542713321, -0.44534480841625795",La Zaida
"41.561266330729474, 1.63402710461498",Vilanova del Camí
"43.070141594537965, -2.499508958605945",Arrasate
"42.17246387859743, -2.7821785743655973",Brieva de Cameros
"42.389710104405836, -2.990216291562773",Santurde de Rioja
"42.352503749587996, -1.4136753135329416",Carcastillo
"41.95644912620817, -3.9574148123748816",Espinosa de Cerrato
"42.17843967258374, -4.591154188535118",Perales
"40.53009840111073, -6.122636655553754",Nava de Francia
"41.187874447248134, -5.774669270221001",Valdelosa
"37.2493784861456, -5.124646043700151",Osuna
"41.52037466434211, 1.1997187653131118",Passanant i Belltall
"41.125598374864005, -4.8453566945197935",Muriel
"40.17566388780638, -5.2786935765485525",Candeleda
"39.66412588870512, 2.7721330453171946",Santa María del Camí
"38.55351835728937, -0.2797614802429839",Orxeta
"39.54518968513116, -0.36059048034964586",Foios
"41.81701957198669, -1.182059439573272",Alcalá de Ebro
"41.750807363679186, -3.9269579404540176",Anguix
"43.34772476061708, -7.999351968526537",Monfero
"38.37652891899011, -2.7884292866158416",La Puerta de Segura
"42.661060422165896, -2.1508482493828835",Murieta
"42.302736086340225, -4.192409495726049",Castrillo Mota de Judíos
"39.70272133042593, -2.746184297192218",Tresjuncos
"42.58814140173599, -0.7630220500823843",Puente la Reina de Jaca
"41.33834738815343, -3.953554557634794",Navalilla
"41.73110708426298, -5.556528301263452",Castronuevo
"41.59032120389185, -1.9476037935537869",Torrelapaja
"37.06617340152146, -3.7012129187370517",Alhendín
"40.77165720239962, -1.702387689088803",Morenilla
"42.54134865201431, -3.3142650689321425",Briviesca
"37.064293260203264, -3.9746704111438773",Santa Cruz del Comercio
"41.184261612877016, -2.9369723482941987",La Miñosa
"37.94776760860536, -6.9897627291758635",Aroche
"28.480948836996212, -16.400488516953647",Tacoronte
"39.59749843140911, -3.018812607237113",Quintanar de la Orden
"36.964613790679195, -2.771022882885892",Padules
"42.00096891716707, 2.094748588316922",Olost
"40.090715506777265, -5.632393224446731",Jarandilla de la Vera
"39.66684393471636, -6.151681034437781",Monroy
"39.83601562887307, -0.4655785383270174",Geldo
"42.02537776509808, 3.1170248738414577",Gualta
"42.75210632222344, -5.413859674489067",Santa Colomba de Curueño
"40.3027004958545, -4.5153255001735095",Rozas de Puerto Real
"42.07037438829799, -4.066459349095291",Peral de Arlanza
"41.621169194429456, -3.4881721609638765",La Vid y Barrios
"38.598704001574305, -3.2285076443906453",Torre de Juan Abad
"42.6791667602887, -8.88899098767853",Boiro
"37.10514609113646, -3.4752633221486686",Monachil
"40.909430768258645, -3.4005435037046206",Valdepeñas de la Sierra
"40.21019262018859, -4.803181140118578",Sartajada
"42.04423689305341, 1.7530495846038245",L'Espunyola
"38.59181267260905, -6.203836807472981",Puebla del Prior
"38.832000919011115, -5.138671482578734",Peñalsordo
"43.33607816167563, -2.686998277289641",Forua
"41.218398496570906, -1.3977859209544796",Langa del Castillo
"42.163237945184456, -0.9258613118799334",Luna
"38.52434294495469, -4.756443093322304",El Guijo
"40.70087481512816, -1.9058272834096164",Terzaga
"41.964349350271505, -0.003782855177967709",Berbegal
"42.46508273554722, 0.5968871728878822",Laspaúles
"42.09496061668949, 0.08741554845049843",Salas Bajas
"37.79095034181742, -1.6165227762816081",Aledo
"41.06816512612711, -4.169642270914462",Cantimpalos
"40.60041047486235, -4.938317189108141",Santa María del Arroyo
"39.83653633854227, 4.254033449306915",Sant Lluís
"37.179734617904174, -2.4514325980982328",Castro de Filabres
"37.18911463696324, -2.283389587919047",Tahal
"28.520047191817262, -16.335847454456342",Tegueste
"42.12755628312912, -1.1948182531187062",Ejea de los Caballeros
"42.04461713981867, -3.1672897864332104","Ledanía de 09162, 09290, 09412 y 09606"
"41.894174114650504, -3.0923353669820624",Comunidad de Vilviestre del Pinar y Palacios de la Sierra
"41.72585739805747, 2.1852462861165587",Sant Quirze Safaja
"39.21404940983283, -5.718073779672715",Alcollarín
"39.14137799774196, -6.058942100041794",Almoharín
"42.047244434659895, 2.9104462366699235",Bordils
"37.88810829272939, -6.687124443987108",Castaño del Robledo
"42.334141024315386, -2.339422113342053",Lagunilla del Jubera
"40.825458779302394, -3.6347572852073116",Cabanillas de la Sierra
"42.666470129041265, -1.069167310400336",Castillonuevo
"40.16942917390611, -6.20092463954068",Ahigal
"42.910558237143256, -8.517176560481746",Santiago de Compostela
"39.51464730852871, -2.2456711227089987",Atalaya del Cañavate
"39.40093121999381, -1.6131126281741555",El Herrumblar
"37.92850926376662, -2.402278959216158",Puebla de Don Fadrique
"41.78914147547029, 1.28753681479228",Guissona
"40.87188356041277, -6.57881707798201",Olmedo de Camaces
"41.26125209587489, 0.4467911321670759",Riba-roja d'Ebre
"39.914094879571785, -3.6866240342149283",Yepes
"41.34709963060897, -0.38828724240546647",Alforque
"41.80405349531793, 2.3166892677755726",El Brull
"40.43807658150586, -6.515320359834628",Herguijuela de Ciudad Rodrigo
"41.19292425343026, -4.062982567193064",Sauquillo de Cabezas
"36.776863736590116, -2.931175745208039",Balanegra
"41.50577147793532, 2.343897864966497",Premià de Dalt
"42.244797896050116, -3.7032092751438053",Sarracín
"36.83806365974663, -3.7448221007992037",Otívar
"42.13656835223316, 0.29670648448856285",La Puebla de Castro
"41.681501034531195, 0.8170897888595658",Bellvís
"41.64309768901386, 1.0880603261650172",Vilagrassa
"42.61621780159441, -3.3233812653912334",Vileña
"40.84157202437717, -3.728345472619693",Bustarviejo
"36.673907172375436, -4.839849729659664",Guaro
"42.90518318116369, -2.1252076509355216",Iturmendi
"40.88509933342521, -5.892506106393655",Calzada de Don Diego
"40.49148400532493, -5.595676915283451",Santibáñez de Béjar
"41.42256377376178, -3.079250566143602",Carrascosa de Abajo
"41.35859384242818, 1.2546877657044586",Figuerola del Camp
"40.12547846001836, -1.135120122319663",Riodeva
"39.92883834547385, -4.3988390660163",Carmena
"40.16922688710726, -4.2174787095927515",La Torre de Esteban Hambrán
"41.92452181052295, -5.98057824793223",Villanueva de las Peras
"41.51878503990123, -1.5019872517381059",Arándiga
"39.594187225339184, -7.38865940744715",Herrera de Alcántara
"40.145927517995, -3.560766353979134",Titulcia
"42.75252792551828, -2.040460222051155",Abárzuza
"41.96489654698999, -4.788061881820429",Torremormojón
"42.41391191148669, -3.7189921222275424",Sotragero
"42.581151970572336, -3.5158232654210293",Carcedo de Bureba
"39.34093488538126, -5.8370612025258355",Santa Cruz de la Sierra
"40.30818631490635, -0.1234821255630468",Culla
"38.561727028973785, -4.249290318621027",Cabezarrubias del Puerto
"39.213838547495655, -3.9856570466627854",Malagón
"40.34355275468296, -2.0896768812610906",Arcos de la Sierra
"37.1968247388534, -4.046802790385096",Huétor Tájar
"42.24937022705033, 0.06366361476126661",Bárcabo
"41.6675446120859, 0.38265891716670947",Gimenells i el Pla de la Font
"42.540621103602994, -4.350474343729524",San Cristóbal de Boedo
"43.45778992464733, -3.693916134943591",Ribamontán al Mar
"41.868633443345566, -2.0890222102542118",Fuentestrún
"43.30514728270026, -2.8823530218518005",Derio
"41.67434267312258, -6.068447586260205",Losacino
"42.125225487195614, -0.7906757379149275",Piedratajada
"40.54133321562196, -5.076210383833988",Pradosegar
"38.81434445482603, -2.0871443263219662",Pozuelo
"41.96542901279083, 1.8688854085619628",Puig-reig
"41.33327228535803, 1.9855871269769865",Sant Climent de Llobregat
"40.51240601729148, -2.1906777994250075",Cañizares
"41.39507086835434, 2.0494165013649637",Sant Feliu de Llobregat
"41.45779331627067, 2.205950392166718",Santa Coloma de Gramenet
"41.90933532516144, -3.6516851196003905",Cilleruelo de Arriba
"42.98779653452535, -3.220337804781688",Valle de Losa
"38.95597893262007, -1.891561852754285",Albacete
"38.76405689213476, -1.3072660396607039",Montealegre del Castillo
"41.53642702597653, -1.6293531527617862",Illueca
"41.302950017919656, 2.0319320998420993",Viladecans
"42.19660736260706, -1.9850386276185",Autol
"36.98717706938262, -5.40555384170466",Coripe
"39.34442243009652, -4.832885159567047",Helechosa de los Montes
"41.35325756904027, -2.79777368326366",La Riba de Escalote
"39.71281059435627, -4.619166827965276",Los Navalmorales
"42.20623536481963, 1.8123105250527585",Vallcebre
"41.97507950569749, -3.4842098853376027",Santibáñez del Val
"39.544925122853975, -5.499985202722863",Cabañas del Castillo
"39.642539934556375, -2.760392430565114",Osa de la Vega
"40.407464545154845, -3.178088578791911",Pezuela de las Torres
"42.15359788958486, -7.079514021166674",Viana do Bolo
"38.43692520491881, -6.4502698855762155",Zafra
"40.16245216802635, -3.4782846320767025",Chinchón
"36.84184109931103, -4.54853918174496",Almogía
"42.41725216006206, -4.6578184316909015",La Serna
"42.1219503626107, -8.401124883175465",As Neves
"40.81307038687149, -6.764124668463043",Puerto Seguro
"43.41067465215106, -3.6584665364938025",Ribamontán al Monte
"42.83906740336534, -3.171041602803359",Jurisdicción de San Zadornil
"39.62024295979691, -2.6306153463578705",Villaescusa de Haro
"40.75043962539688, -3.877957996074807",Manzanares el Real
"41.02808342100967, -3.7023095665276466",Villavieja del Lozoya
"40.08786367824029, -3.8892299438543887",Yuncos
"41.27797145952019, -4.820485977322999",Moraleja de las Panaderas
"41.835066315181145, -1.7920779178302826",San Martín de la Virgen de Moncayo
"36.99132855184645, -2.5222700791710277",Santa Fe de Mondújar
"39.45011742881061, 2.851298424285547",Llucmajor
"38.873950133085685, -6.382936164971595",Calamonte
"43.577038223730234, -7.329596869785494",Foz
"39.91544860366903, 4.232282057516563",Maó-Mahón
"41.31852026817731, 1.9010816441867446",Begues
"36.991408834668604, -2.7351979335550256",Canjáyar
"42.064719150669795, 2.2648641493126456",Sant Vicenç de Torelló
"42.021621879594704, 2.170162977478347",Sobremunt
"40.24580395885208, -6.27622762610722",Palomero
"39.923896849856604, -6.333135487301666",Riolobos
"41.91898470850811, 0.7844785103999522",Les Avellanes i Santa Linya
"42.56731113936363, -1.4606891117822112",Eslava
"41.09893702584011, 1.0547294271396355",Vinyols i els Arcs
"41.52492677049471, -1.5936524363995541",Brea de Aragón
"42.04825123678152, -3.61328826612854",Comunidad de Quintanilla del Agua y Tordueles y Puentedura
"37.32313760479486, -1.8151541335291632",Cuevas del Almanzora
"42.007354261176545, 2.279875376319299",Manlleu
"42.08650378972352, 2.330059803187072",Sant Pere de Torelló
"41.892120327069804, -3.4690574818862876",Espinosa de Cervera
"39.30847498273146, -6.088320894085725",Benquerencia
"39.89706467911328, -6.672461317943545",Cachorrilla
"39.2732662532831, -5.481434866164602",Logrosán
"39.93223668735699, -0.6301166122714402",Viver
"38.4054606993437, -4.491733243518081",Conquista
"39.939020157285746, -2.624893359987114",Palomares del Campo
"42.72810724112391, -0.8798611715906478",Fago
"42.168662933934456, -8.139433546094324",Pontedeva
"40.3494570041461, -5.1169548866212216",Navarredonda de Gredos
"42.418030544042765, -3.0645624533445326",Redecilla del Camino
"39.2842129699353, -3.239317258844579",Alcázar de San Juan
"41.182065623933084, -3.009901576680951",Prádena de Atienza
"38.44141857238457, -2.75215420783121",Génave
"41.901550403658206, -7.301259006212688",Vilardevós
"43.399207608579395, -3.8369048479787002",El Astillero
"40.56540711063667, -0.7012022934163544",Miravete de la Sierra
"38.10657598622108, -1.361475973988359",Ojós
"42.27460902424457, -8.222006249353857",Melón
"40.76732109199542, -1.2126478375944063",Rubielos de la Cérida
"40.00530348829097, -3.8028244736561065",Alameda de la Sagra
"39.60194501060172, -0.5424482345945723",la Pobla de Vallbona
"38.762496576339196, -5.719645980352453",Quintana de la Serena
"39.331016095083555, 3.043561560383307",ses Salines
"38.645628061715584, -0.20262516593312047",Benimantell
"40.55638259639112, -5.400749174542118",El Mirón
"38.951107868310544, -6.435480711888132",Esparragalejo
"43.46375482004038, -7.873094014250752",As Pontes de García Rodríguez
"37.03352954497219, -4.863119714113287",Campillos
"42.16655179700002, 2.1005030751857565",Les Llosses
"42.42106782620791, -2.8832770902182325",Cirueña
"42.27808519293807, -7.853599442404427",San Cibrao das Viñas
"40.996943295888954, -6.665712669437581",Bermellar
"40.960433765357834, -6.422738699193609",Moronta
"40.60724605597432, -1.435080344710718",Almohaja
"40.15437142622816, -4.142213448480792",Las Ventas de Retamosa
"41.33386642739524, -5.391905448765248",La Bóveda de Toro
"41.553705774487625, 1.9014966994062472",Olesa de Montserrat
"42.863504694807766, -3.403247074800988",Merindad de Cuesta-Urria
"37.093842226335845, -3.5895141932511305",Gójar
"40.63367398813701, -2.714996937327035",Durón
"41.31488509901857, -3.662661781083723",Barbolla
"41.36584950934551, -3.8325911212434582",Valle de Tabladillo
"37.247211005556025, -6.035209224309515",Coria del Río
"39.16450496332083, -6.235771318501988",Alcuéscar
"38.35252144736087, -2.9871348403412443",Chiclana de Segura
"42.97123996727576, -5.706104213738309",Villamanín
"42.88275735534286, -7.143243160732701",Becerreá
"41.89408698503033, -2.178441776850372",Magaña
"42.04180363080891, -4.972679769724422",Gatón de Campos
"41.7329771764898, -1.4599546035401483",Fuendejalón
"38.762705088400715, -0.24739270082639184",Tollos
"40.33171601017024, -4.575524758491604",Casillas
"41.008252356967894, -3.0060593364798036",La Toba
"41.11694395037301, -5.872103121101451",San Pelayo de Guareña
"41.245382384241395, 1.3289182607166086",Vilabella
"41.94780930990053, 1.7933801113146983",Viver i Serrateix
"40.14111026801354, -5.710788546551057",Aldeanueva de la Vera
"38.696393558617274, -2.7036646835908744",Villanueva de la Fuente
"42.17931834477804, 2.975347255638355",Palau de Santa Eulàlia
"37.929954159757656, -3.6939847374098664",Villatorres
"42.73842019505457, -5.83644665207954",Santa María de Ordás
"42.77341248811633, -1.5703965336921555",Aranguren
"40.87301691961859, -0.5262972569645901",La Mata de los Olmos
"41.92503054135295, -5.340305010366746",Villar de Fallaves
"41.14190832696114, -4.986931516454802",Blasconuño de Matacabras
"40.24089162420512, -2.550438498862232",La Peraleja
"39.6632309338073, -2.2972234272378085",Torrubia del Castillo
"42.26861284139147, -3.720937828767354",Villariezo
"40.05705142406369, -0.6090907178700758",Fuente la Reina
"39.946826000841455, -2.907093294541207",Villarrubio
"39.65588421192842, 3.132671696798874",Ariany
"41.59899944320662, -5.586835794091445",Gallegos del Pan
"41.61997819715285, -3.903499587999054",Fuentelisendo
"42.29893263505963, -3.7316394129852477",Villagonzalo Pedernales
"40.051550006471466, -0.3758751664819994",Toga
"40.12525854945402, -1.9845521268392718",Buenache de la Sierra
"39.71559782978656, -1.7666929182619378",Paracuellos
"37.169652416499225, -3.693186797552176",Vegas del Genil
"41.95293816807724, -2.7737695587197946",Vinuesa
"41.67965593603834, -4.913402863832358",Wamba
"40.59708578718139, -5.0213323406250625",Muñana
"40.75509667046747, -4.58410073199058",Tolbaños
"38.93257599859182, -6.486682918564076",La Garrovilla
"38.574181072216895, -0.20339075433956996",Finestrat
"37.14781650195285, -3.6193902590452116",Armilla
"37.251922907275045, -2.47712427306901",Bacares
"41.59538207606499, 1.4546097557269233",Argençola
"41.85269469633803, 0.16035069261740062",Pueyo de Santa Cruz
"41.399969782626606, -3.846024176398481",Castrojimeno
"41.67877633779809, -4.590175329631351",Castronuevo de Esgueva
"39.8851757262274, -2.450189987873328",Villarejo-Periesteban
"40.78531010254137, -3.2464767682352655",Málaga del Fresno
"37.766767733758684, -7.107028088319811",Cabezas Rubias
"38.0581937410121, -6.798240574427401",Cumbres de San Bartolomé
"41.464048798363066, 0.5599532372605273",Sarroca de Lleida
"42.15105897467795, 2.9884714416353786",Sant Mori
"42.26529491950702, 2.3616305391381096",Sant Pau de Segúries
"40.416043703062726, -3.003557105228491",Escopete
"41.10387443393674, -3.0878678312909966",Las Navas de Jadraque
"37.78192902692562, -3.529811312593131",Torres
"40.494591616676885, -3.3696004109155107",Alcalá de Henares
"42.82322253523379, -1.548576507813538",Valle de Egüés
"43.130001079299625, -1.755670855415535",Zubieta
"40.87654338010435, -4.324927205295386",Lastras del Pozo
"37.43411509185523, -6.030974242833519",Santiponce
"40.824541019797145, -0.08159316476827663",La Cerollera
"42.15863339661243, -2.4413094501777954",Ajamil de Cameros
"40.50610604703691, -6.040616278311573",Las Casas del Conde
"40.757073937949556, -5.695758255323442",Monterrubio de la Sierra
"41.09940504680076, -5.510990188264887",Pajares de la Laguna
"41.782209171722386, -1.979102519640586",Ólvega
"41.27083062359923, 1.5594375008501138",Banyeres del Penedès
"39.37760499380494, -0.7554493148527235",Alborache
"38.878564488137656, -0.34252186721587136",Aielo de Rugat
"40.60382645208355, -4.609596994541939",Tornadizos de Ávila
"38.60897263358623, -5.445564126885677",Monterrubio de la Serena
"41.59629707783473, 1.7039126186178684",Castellolí
"39.673766001911495, -5.434119682271308",Castañar de Ibor
"37.32470849952636, -3.3521121392465045",Diezma
"40.82572853845954, -2.698997973892659",Masegoso de Tajuña
"41.971215297397414, 2.6000940186974697",La Cellera de Ter
"42.399313650550475, -4.704927899532341",Villamoronta
"40.49862543270045, -5.6564326533781175",La Cabeza de Béjar
"39.84020191999151, -3.6149460820139265",Huerta de Valdecarábanos
"42.346754362203036, 1.9360683193081838",Alp
"42.89643339238145, -1.6030640447304287",Olaibar
"37.699033886272225, -1.754479660499662",Lorca
"43.082453550358615, -1.7095039265082868",Urroz
"43.37133342796873, -4.564033068604509",Ribadedeva
"41.50912477666683, -2.6405804735142175",Matamala de Almazán
"38.25345990344388, -6.988533784488449",Oliva de la Frontera
"42.05662703885306, 0.05046013303936129",Castillazuelo
"36.54555019702666, -5.0493201082903925",Benahavís
"40.01923960386956, -4.507020208744843",Otero
"39.714180639531676, -3.8794915069648375",Villaminaya
"43.392607078179, -2.65301650783711",Ibarrangelu
"43.36610825410551, -2.5073191885507318",Lekeitio
"42.42697690329301, -3.6969108004477316","Comunidad de Merindad de Río Ubierna, Quintanilla Vivar y Sotragero"
"40.41581899960803, -5.59444755480266",Gilbuena
"42.36240539885905, 1.8670478677096547",Das
"40.74800788067503, -1.9217694878346872",Tierzo
"42.61485934577415, -1.9892310803761672",Aberin
"41.37500028858701, -5.754352236589277",Casaseca de Campeán
"41.49111777542496, -1.7837761072352272",Villarroya de la Sierra
"42.60700110982864, -2.1254193198887426","Facería de Cogullo Alto, Cogullo Bajo, Sarmindieta y Chandivar"
"38.58681382763183, -6.338904604092484",Villafranca de los Barros
"40.45306939544602, -4.433248445182052",Cebreros
"43.05578207499718, -5.196328276296907",Maraña
"42.671580715780266, -7.369045758569405",O Incio
"41.49878022274482, -5.579461037940123",Villalazán
"41.28760537450434, -2.116026679415693",Monreal de Ariza
"41.604801826258175, -0.7667507852832062",Pastriz
"28.109187845956, -15.66111542550457",Gáldar
"42.601164578379596, -3.405351808553257",Piérnigas
"39.622709905224895, -2.0308589653548297",Valverdejo
"42.41817956958307, 2.928166903018744",Cantallops
"37.79503010958191, -4.044130879923409",Torredonjimeno
"42.520206056061646, -5.772091215544769",Villadangos del Páramo
"36.51441505141859, -4.876386693103482",Marbella
"42.58758120828277, -2.2671431737189036",Desojo
"42.934169366797455, -2.017306713775166",Lakuntza
"42.24820423940133, -7.82648359160879",Taboadela
"41.90682490008738, -2.3634576395114735",Ausejo de la Sierra
"41.585453384165206, -5.935909029946643",San Pedro de la Nave-Almendra
"36.91603964275975, -2.4739463517884066",Benahadux
"40.740593039930765, -2.027849163085703",Fuembellida
"38.08599982611219, -3.0408126012214853",Villacarrillo
"40.54345421774663, -4.179715410704758",Zarzalejo
"42.679267526288605, -4.537390459348164",Báscones de Ojeda
"41.589250731588486, -3.788949889571492",Hontangas
"42.3294709440979, -2.4071530712742537",Leza de Río Leza
"43.317510182478316, -7.661794375455428",Vilalba
"37.809835621161376, -0.837645748123731",San Javier
"43.10871975564934, -5.595633996512627",Aller
"41.68901278973733, 2.5402823052994594",Sant Celoni
"41.526856289009835, 2.2988540675090317",Vallromanes
"40.68583668699058, 0.16525492896794797",la Pobla de Benifassà
"38.977348435429775, -4.119182149180615",Alcolea de Calatrava
"42.03577169883362, 0.12242667833773577",Barbastro
"38.10125393762753, -1.2508394156540643",Lorquí
"43.01600230264904, -1.9758136169135685",Betelu
"41.23073152507589, 0.7810087340919323",La Vilella Alta
"41.6869236539326, -3.466417726594764",Peñaranda de Duero
"39.25509580755354, -5.806534334067423",Abertura
"39.7534796272678, -5.615457710002204",Valdecañas de Tajo
"38.636221662243514, -3.351489915875328",Torrenueva
"42.00106348826312, 0.23857794157514917",Fonz
"42.910379579043735, -1.8678354535219133",Arakil
"40.74815510737698, 0.6113035650178509",L'Aldea
"41.2738179295551, -1.2030718571288705",Paniza
"41.0649254635669, -6.109864990954867",Gejuelo del Barro
"41.8004496928096, -2.785855150584225",Abejar
"41.823779345527825, -2.6734750826697824",Cidones
"41.16365059535114, 1.35576814352557",La Riera de Gaià
"40.21697893569114, -1.0627741906253951",Cubla
"39.548679410862874, -3.9679560148759476",Marjaliza
"41.215191441591976, -4.922513877571732",Rubí de Bracamonte
"41.715308483750164, -1.170893181292336",Bárboles
"41.53084205366137, -1.4107618568611262",Ricla
"41.81722178727402, -1.104186837200191",Torres de Berrellén
"41.54969790471557, -0.9564267234806247",Cadrete
"42.625713596208, -2.0715069478013906",Facería de Montejurra
"42.01757744198568, 1.8410853363766613",Casserres
"40.611482610090526, -0.27771284978615823",la Mata de Morella
"40.888856819857345, -2.8162210611698937",Argecilla
"40.52490284147072, -3.0361282286002003",Armuña de Tajuña
"40.39715839259694, -3.9949641877295403",Brunete
"40.61133439665697, -3.7259854219423136",Tres Cantos
"39.647235116269265, -4.996148668022913",La Nava de Ricomalillo
"41.6276842251446, -4.517386132299349",Villabáñez
"41.881052926530515, -3.0867675139041277","Comunidad de Palacios de la Sierra, Vilviestre del Pinar y San Leonardo de Yagüe"
"42.16742325175184, 2.737910205968124",Serinyà
"40.174584625246034, -3.74742487252533",Torrejón de Velasco
"40.374927319297385, -0.8303964439398668",El Castellar
"39.100104595926176, -1.1177186889548483",Zarra
"43.25877018701683, -2.597848103138358",Munitibar-Arbatzegi Gerrikaitz
"43.182524392593166, -2.9041265651911403",Ugao-Miraballes
"40.54076714078304, -5.032215344348613",Muñotello
"40.01005319333028, -6.604104657459537",Casas de Don Gómez
"40.193260627189005, -1.8329645681345557",Beamud
"42.30699100384274, -5.286689878661598",Valverde-Enrique
"41.86801147292219, 0.6096349529934367",Ivars de Noguera
"41.14430582602026, -3.689147777696831",Prádena
"41.78489795742526, -2.2542631652035596",Arancón
"41.168284516991804, 1.2600060675486229",Els Pallaresos
"39.77072269709127, -4.549501094088762",Villarejo de Montalbán
"38.94129811801156, -0.6413087249566282",Montesa
"42.005206051642865, -6.138741756601588",Vega de Tera
"41.05812751170011, -5.534627905923198",Coto Mancomunado
"40.23449329424122, -5.90308314050399",Gargantilla
"39.25585321141647, -2.8418432469685166",Socuéllamos
"42.31537296674225, 1.6135234537854237",Cava
"41.693138622429174, 1.3395405198716532",Les Oluges
"40.7117093923421, -5.628208146987326",Fresno Alhándiga
"36.438685062734855, -5.473105287159526",Jimena de la Frontera
"39.94204546331604, -4.265300969167543",Gerindote
"39.714479855086246, -0.3687946951678455",Estivella
"42.11820254536897, -5.174043499125619",Castroponce
"42.09210997386125, -3.359508835509824",Jaramillo Quemado
"42.138903395242565, 2.9562638199380395",Vilaür
"37.95883585747552, -6.624886442546864",Cortelazor
"43.35574860991651, -3.009574817682986",Getxo
"41.43087712667956, -5.46079322300846",Valdefinjas
"41.974291548658584, -3.307313691361805","Comunidad de 09076, 09290, 09578 y 09822"
"39.57990518270756, -7.084405292233359",Membrío
"42.2371524138958, 2.1391932105155096",Campdevànol
"36.86331814825551, -3.971154859234545",Canillas de Albaida
"41.96164472772763, -3.3533497542804676",Carazo
"43.10542597753923, -1.8043128182541321",Eratsun
"41.012442751549145, -6.10315544258454",Encina de San Silvestre
"40.89561301859472, -4.432645096626717",Bercial
"41.84990274241078, -2.285099264421664",Narros
"40.688057178176635, -0.9786924964427162",Fuentes Calientes
"39.781247276740615, -3.9920895572479687",Burguillos de Toledo
"39.63193321295547, -0.9492451768368053",Loriguilla
"41.68943579192156, -5.0277175488808945",San Pelayo
"39.98416851468365, -5.463434592645364",Rosalejo
"38.424507910557686, -5.4540698143355195",Los Blázquez
"37.685996856572785, -4.728375369783194",Fernán-Núñez
"39.92487132154984, -2.3969083103588833",Altarejos
"41.913728462723064, 3.168797743806783",Palafrugell
"43.02315735034909, -7.335375919399577",Castroverde
"43.15363608631917, -4.361613934668527",Tudanca
"38.78871464123051, -0.44612490052572484",Muro de Alcoy
"41.04497057948164, -4.719672898928464",Arévalo
"40.46176797268577, -5.260318322053171",Navaescurial
"40.01441147814994, -1.261126141154906",Casas Bajas
"41.27403161747201, -1.6299215649331216",Maluenda
"40.83787878745953, -4.657204177201161",Vega de Santa María
"41.10418440007053, -6.492727098309782",Valsalabroso
"41.11700174994583, -4.62582492843934",San Cristóbal de la Vega
"42.57541537461588, -2.1468537886954557",Comunidad de Barbarín y Olejúa
"41.47035019992584, 1.8347743889416652",Sant Llorenç d'Hortons
"39.62122637908173, -7.178965671664661",Carbajo
"41.973652201851316, 2.7847425266920536",Salt
"42.24136239683183, -5.5700630532759785",Toral de los Guzmanes
"38.0295413986345, -1.3826849975611386",Albudeite
"37.594245165838544, -3.078594767036415",Dehesas de Guadix
"41.82585632027676, 0.15176324534692015",Alfántega
"38.25339487461282, -1.3212033009817932",Abarán
"42.419809366411776, -8.824704578738325",Sanxenxo
"40.90888072479497, -6.742213645281005",La Redonda
"40.85400585316491, 0.3682355998039727",Alfara de Carles
"40.95215198660237, -0.23284481061934623",Calanda
"39.302313082922865, -3.4015760410720053",Herencia
"37.5197711716425, -3.0360942275140883",Gorafe
"40.962056538195306, -3.7842781426301184",Lozoya
"40.729295081911005, -0.8197764092805415",Cuevas de Almudén
"42.10658583384807, -5.283985989483107",Urones de Castroponce
"43.35805535678792, -2.9814208334014674",Berango
"42.30012002306244, -1.2466154744755515",Layana
"41.39629921378386, -1.8375812129099192",Moros
"39.33819937544585, -7.029401645700835",San Vicente de Alcántara
"40.64467874241695, -4.758835264154421",La Colilla
"40.708718713853635, -0.01478879110463669",Herbers
"38.50757897760782, -3.057221087944554",Villamanrique
"42.185922301074456, 2.3052847151995683",Vallfogona de Ripollès
"43.09917992653882, -2.09920522858807",Alegia
"37.27771072320018, -6.689195524747384",Bonares
"37.770316778993575, -6.582786698849159",Campofrío
"42.792571429672876, -1.1022068946331518",Gallués
"41.0661619308161, -6.454836749379591",Barceo
"40.72356586573879, -6.704058045343786",Villar de la Yegua
"37.34531102771025, -5.010582951248661",El Rubio
"41.38793811006881, -3.0949480589675304",Caracena
"41.22497974444886, 1.435965397333603",Bonastre
"40.65866283481144, 0.5184764461570293",Freginals
"40.59768165672038, -1.239542671538819",Torremocha de Jiloca
"41.60268232957771, -5.84637859318906",Andavías
"41.84558240330174, -5.993939136492439",Tábara
"42.08826583863663, -6.137580586447163",Uña de Quintana
"41.443284704725436, -1.4608056229295918",Morata de Jalón
"42.0048685041231, 2.4035200156811998",Tavertet
"42.658510739081116, -6.004724222221777",Quintana del Castillo
"40.90206090685553, -6.529622299653913",Bogajo
"39.498071529176805, -0.4956530395240981",Manises
"39.01156108097476, -0.5635940611213575",Rotglà i Corberà
"42.24463303651163, -5.204052779550042",Monasterio de Vega
"41.21595279337681, -1.8499570679509572",Ibdes
"39.61872280777137, 2.8342668149861154",Santa Eugènia
"39.84240007658286, 3.111832785308963",Alcúdia
"41.772583129017086, 1.969951974572216",Calders
"38.583491142784155, -2.2344334898618072",Bogarra
"41.95610664616518, 2.3443287111934517",Tavèrnoles
"41.50820468547497, 2.114901213735047",Badia del Vallès
"42.36519214517947, -2.870463970083046",Villar de Torre
"40.66058790584662, -6.246410686727767",Aldehuela de Yeltes
"40.99936702543986, -6.878640028475041",La Fregeneda
"37.31510849999969, -6.152910492469503",Bollullos de la Mitación
"42.00452855376826, -5.6800146088628445",Benavente
"38.98970118304962, -4.954356164715104",Tamurejo
"39.68131555019421, 2.527377415138151",Banyalbufar
"40.22245427864846, -5.743296679911248",Jerte
"40.0207684215318, -0.3659810449443908",Espadilla
"37.41428153978671, -2.7733842528501382",Baza
"42.072739933169, 0.9897335992626973",Gavet de la Conca
"42.25548898791588, -2.4399274663841464",Terroba
"41.443733700971364, -3.9080559639264254",Fuentesoto
"39.93078958192648, -2.0006744390372404",Fuentes
"42.19508524597581, 1.399338044462832",Fígols i Alinyà
"42.43268217797258, -2.2823081566742522",Agoncillo
"43.21143558938337, -4.3042877881436254",Cabuérniga
"41.654540240911, -4.797836175957751",Zaratán
"41.38867966238253, -0.38625920578454204",Velilla de Ebro
"41.44813686618694, 1.9171353626296805",Castellví de Rosanes
"41.37163439688042, 1.6899453405914246",Les Cabanyes
"41.60202224388705, -3.857494015458041",Fuentemolinos
"41.508564073845136, -3.7478701020766674",Fuentenebro
"42.433262592586, -7.554928759735278",Sober
"36.62778960572243, -4.8541225884276615",Monda
"37.35892423281555, -6.293320310674785",Huévar del Aljarafe
"40.011047021994344, -4.197793143144486",Huecas
"39.833145113314195, -5.211587673252771",Torrico
"39.59634542200173, -0.7273944700265813",Pedralba
"41.684246575798284, 2.453567432022373",Santa Maria de Palautordera
"43.18763969256586, -9.019196715820932",Laxe
"41.60999203013559, 2.5307544915663445",Arenys de Munt
"43.19436771175419, -8.895676022814568",Cabana de Bergantiños
"39.57614112320064, -2.610444284434",Rada de Haro
"41.879520618489316, 2.8880757987509393",Cassà de la Selva
"42.45788913486099, 1.765902515761636",Meranges
"39.29520337934508, -0.5923710032750351",Llombai
"42.17754409803928, 1.94509118646176",Castell de l'Areny
"40.781252721659115, -2.984396060442042",Trijueque
"39.58202117348471, -5.761492363431749",Torrecillas de la Tiesa
"42.17846940647673, 0.8960872219691314",Talarn
"37.90503875212507, -1.3406837472351765",Librilla
"40.81518670075313, -1.3313638266653602",Torrijo del Campo
"41.99284184012768, -3.589787259411036",Cebrecos
"42.45403746706361, -3.691751920739175",Quintanaortuño
"39.14170385798052, -5.6424995866544725",Madrigalejo
"41.860491053561816, 1.976426964967852",Avinyó
"40.6117337330437, -3.2828483213628017",Quer
"42.451973043234666, -3.022013548705683",Grañón
"42.418202778726716, -2.471333559785175",Lardero
"40.81738359586656, -5.452888089248033",Aldeaseca de Alba
"40.90326889234205, -5.834236294418951",Barbadillo
"40.77987380033738, -5.477009330915854",Navales
"41.10909746364933, -5.621555806135594",Palencia de Negrilla
"43.38734498307846, -3.945442946327267",Piélagos
"38.39446929709274, -6.364597840653222",Puebla de Sancho Pérez
"41.52954422305354, 2.367522582946946",Cabrils
"41.9257317562781, 2.2977200654289525",Calldetenes
"38.50502207145851, -5.803180401808027",Campillo de Llerena
"42.75381349070245, -3.2962032076212835",Frías
"39.99725210804361, -0.04299671113794955",Castelló de la Plana
"40.47453321423265, 0.01996304852471875",Catí
"39.88870862968352, -0.6748944677452493",Teresa
"40.54631003418022, -2.950583909990828",Tendilla
"41.688099436257325, 1.0451243438515005",Barbens
"42.255301583887565, -2.2908339564518556",Robres del Castillo
"40.91649524740509, -3.620933221529156",Lozoyuela-Navas-Sieteiglesias
"42.92389820370839, -1.824105034487789",Irurtzun
"37.37747061096954, -4.864624452007277",Herrera
"40.948375153625136, 0.25913629005943895",Lledó
"40.84976005819935, -0.26858645018940847",Mas de las Matas
"40.1704105266313, -4.589080572738869",Pelahustán
"39.803257445578275, -5.273353600836948",Valdeverdeja
"41.72443805768928, -4.976070188295791",Peñaflor de Hornija
"43.33042460633911, -2.5406410411289224",Gizaburuaga
"43.393695035836, -2.7011035870271884",Sukarrieta
"41.985455654504825, -5.3471140796829015",Castroverde de Campos
"41.426445022328544, -0.9760420041497329",Jaulín
"39.91863043443551, 4.135397678222829",Alaior
"40.065666992930815, -0.21605550147687455",l'Alcora
"42.064323529156084, -2.097868717339592",Cornago
"42.43514431554123, -7.294167018032331",Ribas de Sil
"42.87540361032346, -1.0734271625716205",Oronz
"43.289483364632034, -4.175348743989146",Mazcuerras
"40.85100575886327, -1.0887279138122194",Torre los Negros
"39.51738558667367, -2.983076195387497",El Toboso
"41.6351806757014, -0.7478291229195536",La Puebla de Alfindén
"41.403705600781095, 1.703026192657405",Puigdàlber
"42.329330555728745, -4.027751704687703",Castellanos de Castro
"36.84635296000992, -5.345148833367047",El Gastor
"41.259489629407526, -3.0658790459729826",Somolinos
"42.01020820121552, 0.5495508871337379",Estopiñán del Castillo
"42.612123889279104, -7.8041065034486445",Chantada
"36.76681198920122, -4.2592968668024245",Moclinejo
"42.664512987300284, -1.744012200042898",Enériz
"39.6753535035744, -4.156467011188418",Pulgar
"41.69696006675757, -6.365873088893354",Alcañices
"41.96704088779222, -3.2810872190716576",Ledanía de Hacinas y Salas de los Infantes
"38.2850083119972, -3.769869833259071",Baños de la Encina
"40.57491903838663, -3.9859642901491728",Galapagar
"42.82075751811243, -1.7658204004248421",Cendea de Olza
"41.437360239921304, -4.16071997182493",Olombrada
"40.93753271914815, 0.3229995747150851",Horta de Sant Joan
"39.97730256224916, -2.480170002926141",Huerta de la Obispalía
"37.218864308904365, -3.7851457012357486",Fuente Vaqueros
"42.81620079768986, 0.7963246513326304",Canejan
"40.559581105729194, -3.444796356896604",Daganzo de Arriba
"40.50261783966071, -6.241545324413456",Monsagro
"37.950530715627224, -6.050364075494305",El Real de la Jara
"41.16445551835382, 0.550204449037348",Ascó
"39.999978681420075, -4.368942868178108",Alcabón
"38.86450998663056, -0.7977085614670516",Moixent
"41.372939773101336, -4.831590567974278",Pozaldez
"41.803718006063356, -6.248979998898927",San Vicente de la Cabeza
"41.40481370720035, -1.380568422873146",Alpartir
"41.18598194087626, -0.694176287174409",Lécera
"36.775772076244074, -2.6171103551236663",Roquetas de Mar
"39.19429114048349, -1.2482141866098801",Villa de Ves
"42.822951087074564, -6.492030254284353",Páramo del Sil
"42.86040543085971, -1.8514682283471504",Valle de Ollo
"40.775308605337436, -0.7322835569949055",Palomar de Arroyos
"40.84857216678575, 0.014361969913186756",Ráfales
"39.8125098101486, -0.8021884899187088",Andilla
"43.38076455258163, -4.250908597608028",Ruiloba
"41.12143177363265, -4.399793863997276",Domingo García
"41.579871421008534, -5.142601861205961",Marzales
"27.74783984526928, -18.066690775924272",Frontera
"41.22709777312581, -6.140096701151228",Carbellino
"41.4716296737486, -1.3600547374717669",La Almunia de Doña Godina
"38.21594385435859, -0.8918709748578167",Albatera
"40.54850421067453, -5.250078963330478",Bonilla de la Sierra
"41.829898713645626, -3.697525263045428",Oquillas
"39.967147947097324, -6.662154121096516",Casillas de Coria
"39.554340094837514, -2.423850543823501",Santa María del Campo Rus
"40.86966201848407, -3.0524698113974855",Copernal
"40.240562318557544, -3.121012488039616",Brea de Tajo
"41.92400952692358, -4.663282241109914",Santa Cecilia del Alcor
"42.7916979930197, -1.8251295555400868",Ciriza
"42.25124765210945, -8.13212504248734",A Arnoia
"41.266558636995796, -5.084071188176178",Nueva Villa de las Torres
"41.22013678328518, -4.870575957119516",San Vicente del Palacio
"41.51075459432245, -0.9914051656193417",María de Huerva
"41.02559090311287, -4.151844527569907",Encinillas
"41.159762187368614, -1.602260704771664",Acered
"40.09877574549681, -5.940600536222755",Casas del Castañar
"40.13300085722154, -1.6104220713758073",Tejadillos
"42.136038498374944, 2.805096408983192",Fontcoberta
"42.51783938835638, -5.583270897575912",Onzonilla
"36.78747852738113, -4.165241568480864",Benamocarra
"41.269050882850706, 0.837224961772997",La Morera de Montsant
"38.97201015125842, -0.15053485028703945",Daimús
"43.407259071409165, -2.642814630338913",Elantxobe
"43.188683739971204, -2.5038530869227005",Ermua
"40.477224288695155, -5.441826099663595",Villar de Corneja
"42.265009533088126, -4.854464180825247",San Román de la Cuba
"38.674871479194294, -4.810552329877455",Alamillo
"41.13579233529737, -3.0725379767593886",Bustares
"37.33026426056875, -6.535865743565272",Bollullos Par del Condado
"41.40483202738461, -2.3355588551892095",Alentisque
"39.72865041476165, -3.989264590714116",Ajofrín
"39.80824277557496, -5.116886432048456",Alcolea de Tajo
"38.94438692589773, -0.1278527341606454",Piles
"41.72532460376275, -4.437385017001036",Piña de Esgueva
"38.567968977648405, -0.6706120874953656",Castalla
"38.52640561217429, -7.003847270282364",Táliga
"40.5173328107861, -5.3510942329176565",Malpartida de Corneja
"38.844612186266616, -3.2430794902662647",San Carlos del Valle
"43.56538089546421, -7.97908719435817",Moeche
"37.17829942342593, -3.787179829605017",Chauchina
"36.96347456678115, -3.2306486399689516",Juviles
"37.98415714783303, -3.660910033715706",Torreblascopedro
"42.48540919962909, -6.789227570732401",Carucedo
"42.48248322599589, -6.67242209082263",Priaranza del Bierzo
"41.05956569228989, -3.6598257550543383",Braojos
"42.51345371424675, -8.757551023446261",Ribadumia
"28.220379037016716, -16.758577030475436",Guía de Isora
"41.28954386874594, -2.8113083824059726",Barcones
"39.76597597195813, -4.107865937947235",Casasbuenas
"41.61077063252518, -4.907232095656331",Robladillo
"41.68102057603132, -5.655347652824514",Cerecinos del Carrizal
"41.74792636190104, -1.0752937626920063",La Joyosa
"41.017622300965286, -1.6594049673838076",Torralba de los Frailes
"42.41898885013744, -3.8400546655686987",Pedrosa de Río Úrbel
"40.40577128847661, -6.254172974501045",Nuñomoral
"36.667826142950005, -6.35537436754331",Rota
"40.67293450915502, -1.8762854953931",Pinilla de Molina
"42.72804314785057, -0.654545983749297",Aragüés del Puerto
"40.73908431141296, -5.832046162256198",Las Veguillas
"37.748510721496686, -6.17855293127424",El Ronquillo
"38.71269640122894, -6.703651554262887",Entrín Bajo
"41.43862081007386, 1.78733794018995",Sant Sadurní d'Anoia
"41.68419119806819, -3.5169767115441397",San Juan del Monte
"42.27378327779437, 2.5534885691600895",Montagut i Oix
"36.95099195994995, -3.5272955879819796",Lecrín
"42.99491627245198, -4.861354372247956",Boca de Huérgano
"40.664669579975026, -3.947069377371256",Moralzarzal
"41.10596591109787, -5.556221695780297",Arcediano
"40.85156996190111, -4.023722882990443",Real Sitio de San Ildefonso
"41.65047171282812, -4.627752555793681",Renedo de Esgueva
"41.51593953444757, -4.761543668619307",Viana de Cega
"41.33273917105642, -5.555985024379816",San Miguel de la Ribera
"40.26952951802589, -5.837112037126389",Hervás
"39.874192214830536, -2.874544942928723",Almendros
"37.85689338939176, -4.205376488320211",Porcuna
"42.323916485899375, 1.823718126346513",Riu de Cerdanya
"42.818830509664465, -1.0659375242922342",Güesa
"41.31785214176118, -2.3068894529910127",Almaluez
"41.09817556312223, 0.5972509585661382",Móra d'Ebre
"40.018354956404366, -3.9986007948121025",Yunclillos
"40.815649108353206, -4.940058697221293",Muñogrande
"38.62065287413971, -5.6739961203503055",Zalamea de la Serena
"38.69604533320788, -0.21428134499589532",Beniardà
"37.003882975689365, -1.9398146643697418",Carboneras
"40.80351852192067, -5.043845788779855",Herreros de Suso
"42.53699976012399, -3.504663368470154",Rublacedo de Abajo
"42.405629818739854, 2.798842245975719",La Vajol
"42.42497725806736, -1.5829256978054214",Pitillas
"42.38784592595741, -4.468728968262777",Villaherreros
"41.36742780777596, -2.2044959097175805",Monteagudo de las Vicarías
"40.20020767625606, -4.051805129147573",Casarrubios del Monte
"41.327768698568896, -6.274960689772244",Villar del Buey
"38.604848540394705, -0.41147828087666083",la Torre de les Maçanes
"40.95583599853469, -4.960137620359768",Cantiveros
"39.16963651870412, -5.765106514293534",Campo Lugar
"42.93183924420595, -4.679390859819114",Triollo
"41.00286584851005, -0.02021401835085633",Valdealgorfa
"42.42295943305548, -3.099394639126687",Comunidad de Bascuñana y Viloria de Rioja
"42.335800739922966, -3.8551092630577113",Rabé de las Calzadas
"36.44396715831509, -5.694432145752196",Alcalá de los Gazules
"42.126711131263264, 1.0380822672210517",Isona i Conca Dellà
"42.36582098921155, -2.468473797473335",Albelda de Iregua
"43.04081206869518, -7.813566843879009",Friol
"28.624337472385893, -17.92508095236527",Tazacorte
"42.52743159175694, -2.4150374340087453",Moreda de Álava
"38.654960536807984, -0.4116663368267172",Benifallim
"42.310885339030825, -3.582877929729501",Castrillo del Val
"40.20575877098557, -6.808867755202759",San Martín de Trevejo
"38.755515689901245, -3.1454567039542303",Alcubillas
"40.07596092635485, -2.854158324906467",Paredes
"42.23935146337631, 2.715155873009186",Beuda
"43.21621446584266, -2.0132194007793327",Andoain
"39.5940644438227, -0.6166313260059203",Benaguasil
"39.5817513873077, -0.8424712964749933",Gestalgar
"41.59452039196953, -5.113156987988003",Vega de Valdetronco
"41.44234706411714, -5.726014276080511",Morales del Vino
"40.4042266140727, -4.987275066843294",Hoyocasero
"39.798112809370515, -6.3840493603750215",Cañaveral
"40.61860431435673, -2.8549378236081164",Yélamos de Abajo
"38.36939515812432, -3.540080972169778",Santa Elena
"42.23941884617982, 1.234996261452668",Cabó
"40.54291844945685, -6.045571105220391",San Miguel del Robledo
"40.47635027214458, -5.724247465150771",Ledrada
"41.13474224720378, -1.6907901157890548",Abanto
"43.18284488512372, -8.189081157392721",Oza-Cesuras
"41.58374495609353, 0.8097775330209339",Torregrossa
"42.39610465611368, -7.707963163597494",Nogueira de Ramuín
"39.11617108179538, -3.3463816525554506",Llanos del Caudillo
"39.33813364267365, -1.8185294073795732",Villagarcía del Llano
"42.310485670497314, 2.4310243011428603",Camprodon
"42.189058017410474, -0.4570114105037181",Banastás
"42.246955700829226, 1.4968343449342856",La Vansa i Fórnols
"27.857555612707994, -15.716917279597906",Mogán
"41.11519736252843, -5.806224664474817",Aldearrodrigo
"43.477768035523525, -3.520048002572697",Noja
"40.73586755538157, 0.7449069529859562",Deltebre
"39.9567057046775, -3.1891006000624262",Santa Cruz de la Zarza
"41.5747067937191, -0.5783166444774255",Villafranca de Ebro
"39.88672211010413, 3.02950388960728",Pollença
"42.17984254754532, -3.9998381788100743",Barrio de Muñó
"36.523520478652216, -6.111335311518421",Puerto Real
"40.266890397317916, -2.1395440692356895",Zarzuela
"41.91291114573645, 0.5560334790328244",Baldellou
"42.072934022980235, 0.6343581134069304",Viacamp y Litera
"42.27113234316943, -8.346341350613306",Covelo
"40.8196497425775, 0.53265379042141",Tortosa
"39.680706466198444, -0.21635400272862354",Canet d'En Berenguer
"41.863502842686216, 3.0730234770287677",Calonge i Sant Antoni
"37.1220716645082, -3.8445725961867177",Chimeneas
"43.17035870261634, -2.114150571586837",Alkiza
"39.35655150100794, -0.4026224455637356",Silla
"37.60285209454253, -2.2683389964081178",Chirivel
"42.34950488299509, -4.223269910040303",Arenillas de Riopisuerga
"40.21861257504851, -6.481146678052071",Hernán-Pérez
"40.773965864602026, -3.0700339624030404",Cañizar
"41.06921959788744, -3.4547246977557142",La Hiruela
"36.73157498389054, -4.858899541218874",Alozaina
"36.67131230463425, -4.76877960132174",Coín
"43.265072129665484, -2.487509948449162",Markina-Xemein
"42.28136557542274, -3.1309124792570198",Fresneda de la Sierra Tirón
"41.72602163075287, -4.032767445248183",Villaescusa de Roa
"40.30481377133519, -6.515275076849707",Descargamaría
"40.20572678350279, -0.42301104678398527",Villahermosa del Río
"43.52855029587153, -8.047531783604668",San Sadurniño
"43.27772290947249, -1.9337208425205266",Astigarraga
"41.59141338010307, 0.1392484422832872",Ballobar
"42.013626924316185, -0.009997673398280504",Laluenga
"41.68145488224167, 0.7350341262330572",Vilanova de la Barca
"38.21292339451735, -1.2974004584740566",Blanca
"42.03451540397779, -1.4431452970013432",Fustiñana
"43.417576768642334, -3.757710147147282",Marina de Cudeyo
"41.338845418412355, -2.746197270758715",Rello
"41.4495542356178, 1.1503630641774503",Blancafort
"41.01166898073847, -1.3312810833168",Burbáguena
"39.07185245232815, -0.4890124044591336",Sant Joanet
"41.47172078595051, -0.628325664696412",Fuentes de Ebro
"38.734437774843414, 0.044287382910165485",Senija
"38.385381870627164, -7.150886829579441",Villanueva del Fresno
"40.32118366071766, -4.711347438534896",Piedralaves
"38.3295901983678, -6.7991270240260455",Jerez de los Caballeros
"41.05536512367608, -5.189955599611308",Palaciosrubios
"40.164942175722906, -4.6736482435363405",El Real de San Vicente
"38.138893474594965, -0.7549227197139302",Dolores
"38.486307315894024, -5.595859113528332",Peraleda del Zaucejo
"40.09226014039584, -1.686548479700475",Campillos-Sierra
"42.34361941152744, 3.0625003564854336",Garriguella
"40.460778681680814, -3.173537497605379",Pioz
"42.43250381172552, -5.918072961785325",Villarejo de Órbigo
"40.9782668080388, -3.560720673164607",Puentes Viejas
"41.19141087567994, -3.8589044978363622",Rebollo
"42.1394430357271, 1.8500956094240903",Cercs
"40.612407719668255, -6.097305608008371",Aldeanueva de la Sierra
"40.690341707762975, -5.616277920588781",La Maya
"42.10022360181623, -5.615387415718929",Matilla de Arzón
"42.48382908982629, -1.0581236366192204",Isuerre
"42.89579055980904, -2.9356090116307594",Kuartango
"39.56986674838845, -5.9220268639055815",La Aldea del Obispo
"38.72039993266344, -3.8705546591344304",Aldea del Rey
"42.250416039118726, -2.1684555266924628",Bergasillas Bajera
"42.89951636951095, -4.7828343328913805",Velilla del Río Carrión
"42.33487726672995, -8.567255792019878",Soutomaior
"40.41792911234075, -6.806367721164349",La Alberguería de Argañán
"40.08826108005992, -5.1015052218922925",Navalcán
"42.090260346666064, -5.872028583339995",Villaferrueña
"42.98121211842762, -1.6309973052784958",Facero de Uzamalarre
"37.15501499444486, -4.1855802137565",Loja
"40.7998413308393, -2.5091366900318706",Canredondo
"42.12795964497439, -0.42991361294153535",Huesca
"37.83351385978443, -0.7895447511527373",San Pedro del Pinatar
"38.10044993114813, -1.3230663957254953",Villanueva del Río Segura
"27.84091703578389, -15.582870282216332",San Bartolomé de Tirajana
"40.960628083778495, -5.922053840721566",Rollán
"37.93665626424916, -5.461951854890394",Las Navas de la Concepción
"42.064743773526885, -2.472719658517363",Santa Cruz de Yanguas
"41.41034269668281, -2.0777878525363622",Bordalba
"42.059081094217916, -2.0263000308253307",Igea
"41.51305699733098, -2.9641967570857624",Quintanas de Gormaz
"42.38139004251122, -3.5068071726058614",Atapuerca
"41.96196324300013, -3.8456025723235383",Iglesiarrubia
"42.39759765410749, -3.64024832184288",Villayerno Morquillas
"40.28714203582638, -6.272359128226572",Casar de Palomero
"38.928192968811665, -3.21273100023602",La Solana
"42.41596475914946, 1.9385390464415808",Puigcerdà
"42.27125740252652, 3.1997265616585198",Roses
"40.84273157158483, -3.0288433852107355",Hita
"42.39195624577092, -6.0295748817838115",Valderrey
"42.437278594246436, -4.70675812367785",Renedo de la Vega
"41.45209198470617, -3.6946162694485887",Carabias
"37.37201300320984, -6.047233640715434",Tomares
"42.108680407473315, -5.030799994007811",Villalón de Campos
"42.090211409302015, -4.767482806886728",Fuentes de Nava
"41.08782632289964, -5.708154640958391",Calzada de Valdunciel
"40.914399795480264, -5.9530858955447465",Canillas de Abajo
"41.05158635406062, -6.273413264747328",Espadaña
"41.19333798488149, -3.7678114631992186",Valleruela de Sepúlveda
"39.31133737733716, -5.087624640986813",Castilblanco
"42.27277678157907, -3.9945358547991385",Tamarón
"40.04991488024783, -5.871660733069267",Arroyomolinos de la Vera
"38.42973410237806, -4.290971938397429",Fuencaliente
"36.92796837928583, -3.6882200726801635",Albuñuelas
"40.98286388622533, -3.1516203033004992",Arbancón
"40.625425995761326, -2.668967422865422",Mantiel
"40.64810441425638, -3.3068157325001497",Valdeaveruelo
"40.51277691893817, -3.255521422304542",Los Santos de la Humosa
"40.504000817512086, -4.068613482651289",Valdemorillo
"40.953514279311165, -6.5811345674728585",Cerralbo
"41.3613931360156, 1.1544898371785308",Montblanc
"39.18198942184435, -0.5308631823094992",Guadassuar
"41.82636343435658, -1.5007816761280137",Albeta
"41.78884002346845, -0.8613911424112307",Villanueva de Gállego
"40.00998265867691, -1.4074474227634202",Casas de Garcimolina
"42.509288103319406, 0.19503441633039612",Laspuña
"42.29534323677347, -1.9560627934308288",Calahorra
"42.36168785235006, -2.3692154024484973",Ribafrecha
"40.97366100785001, -3.5282487380222127",Berzosa del Lozoya
"41.94749646640772, -7.521374273556914",Monterrei
"40.99025619427782, -5.359148583051243",Villoria
"38.34356867383982, -1.0041023825403435",Algueña
"41.52547700188704, 1.9632820344860598",Ullastrell
"37.67560468497289, -5.142970081978003",Fuente Carreteros
"42.80955928052909, 0.7131357772376099",Les
"41.59835860797891, 0.8952046561055508",Miralcamp
"40.35640497600034, -1.119776651437362",Teruel
"42.026626811306386, 1.8846258118624084",Gironella
"40.44285760189303, -4.595145963285231",El Barraco
"40.91572261132367, -4.738887360412932",El Bohodón
"38.84833982454223, -0.5245781989225147",Albaida
"41.896287892665576, -5.212538125939913",Villafrechós
"41.27065354932423, -6.174591146782582",Roelos de Sayago
"39.928633858021456, -2.302326753747545",Fresneda de Altarejos
"40.7449509729681, -3.038895916537072",Torija
"41.70857863573134, 0.32615144191302653",Vencillón
"38.403550965692816, -3.3606098195028467",Aldeaquemada
"41.43625502650611, 0.8408782830010406",Cervià de les Garrigues
"28.054997985244828, -17.245308610105727",Alajeró
"41.56588435320367, -0.723080633360264",El Burgo de Ebro
"41.30208026877655, -1.652661789762957",Paracuellos de Jiloca
"38.06500234848327, -6.5329350777901265",Fuentes de León
"39.76717860534793, -0.2024307948449381",la Llosa
"40.286385921100106, -2.850540508144343",Albalate de Zorita
"42.48788386176756, 0.5242384328909407",Bisaurri
"42.91482451802711, -0.9593268192032168",Uztárroz
"38.83482496438145, -0.5580877827143894",Agullent
"41.896053653107174, -3.2595173996876343",La Gallega
"42.686361078701395, -3.3334158728613756",Navas de Bureba
"42.21097706982402, 2.7490630818158497",Maià de Montcal
"37.717511995971044, -2.563416030812251",Galera
"40.88479509128263, -2.05603856114216",Torremocha del Pinar
"40.36068449958713, -3.936956348844461",Villaviciosa de Odón
"43.00024678523463, -1.9063330429554943",Larraun
"41.500887942768344, -3.703923351265934",Honrubia de la Cuesta
"38.51271290078814, -6.773537336011747",Salvaleón
"42.51867421817662, 1.2341037710916525",Tírvia
"41.05148695596486, -1.0019348751992283",Monforte de Moyuela
"41.4547487584023, -4.386527521886418",Viloria
"40.29511982705941, -3.3036180163839894",Valdilecha
"42.897764952758756, -2.023346227852191",Ergoiena
"41.0541047877221, 0.42152975033243695",Gandesa
"40.051563795089635, -3.7221521041138437",Borox
"38.3328828906998, -5.9721597736112",Higuera de Llerena
"38.35516152691869, -0.9078528495285497",la Romana
"37.23383414651121, -2.2552457776422123",Alcudia de Monteagud
"40.73669421232241, -4.731990479892328",Cardeñosa
"41.91967372276059, -3.355381892381884",Mamolar
"36.12584834575663, -5.683628893181537",Tarifa
"43.673581280031286, -8.004972886041482",Cedeira
"42.36372403820316, 2.8291839992763026",Darnius
"42.35832740836247, -2.5925325536692116",Daroca de Rioja
"42.11299986378452, -1.7923088329232797",Corella
"42.61479102350589, -1.2611966523583358",Liédena
"41.09751536871829, -6.604356540828775",El Milano
"41.53390487680585, 1.6245370545597462",Carme
"39.66279325346621, 2.586892728251474",Esporles
"38.69229981088996, 0.037894296745983935",Benissa
"41.64343205468396, 1.9187279480636295",Rellinars
"41.857080581200435, -3.9328435879819423",Torresandino
"36.31141425028621, -6.07807276087481",Conil de la Frontera
"40.51723598054583, -2.8326428086031004",Alhóndiga
"40.96496924839443, -2.801157872564188",Villaseca de Henares
"42.16113957741792, -2.714342488847766",Ortigosa de Cameros
"41.98067688896152, -7.758354812359227",Os Blancos
"42.31695229597688, -4.540654775020543",Villalcázar de Sirga
"28.97829594226533, -13.562245418093948",Arrecife
"40.93473517371901, -6.377345887354867",Pozos de Hinojo
"41.73131745007302, 0.4577048287685107",Almacelles
"41.89852729998832, 1.2620343676003885",Vilanova de l'Aguda
"41.93916738125713, -2.235728327946258",Valtajeros
"41.07951454427118, 1.1445052510203129",Salou
"39.77482987964948, -5.134895416391156",Azután
"42.54646836376964, -4.269804832250236",Castrillo de Riopisuerga
"40.1443574138479, 0.09376226024740139",Cabanes
"42.29080222081025, 3.2736516035692347",Cadaqués
"41.59511967372215, 1.1265530375482413",Verdú
"28.35523078466392, -16.6248481016691",San Juan de la Rambla
"37.298116900516796, -3.5586852239205524",Cogollos de la Vega
"42.83983756248603, -6.753817305839653",Candín
"42.74224870883907, -7.577810285369149",Paradela
"41.13466082471509, -5.918509441442824",Añover de Tormes
"41.188692383652715, -4.257913458332319",Pinarnegrillo
"41.45314659895432, 1.2719807016024463",Sarral
"41.87354321771736, -1.186263628409904",Pradilla de Ebro
"38.87593400517489, -1.636320780476368",Chinchilla de Monte-Aragón
"38.707183250224496, -0.09657836902511532",Tàrbena
"41.33429745845018, 1.60375598131662",Castellví de la Marca
"41.89038695714613, 2.1574822056478995",Muntanyola
"39.756729962714495, -1.4940567651301029",Narboneta
"38.83901207314912, -6.6107894069514",Lobón
"41.55775522167978, 1.9514955465714614",Viladecavalls
"42.71657598297181, -3.385228797161428",Oña
"43.60317198038946, -8.123097177644437",Valdoviño
"40.30393055720178, -2.2881362530052147",Torralba
"41.78314195636736, 3.011052753646387",Sant Feliu de Guíxols
"37.28141502823426, -7.020165487773865",Aljaraque
"42.16284704116011, -0.6329017146332508",Lupiñén-Ortilla
"42.653596267770496, -6.32775498540928",Folgoso de la Ribera
"43.39801702225166, -4.832454705020609",Llanes
"39.44129591483002, -7.215427104597288",Valencia de Alcántara
"40.04912061481342, -0.4041322738495194",Torrechiva
"38.09050032835636, -4.567656581865143",Adamuz
"40.35713212648928, -2.394121254665108",Cañaveras
"38.2983116016942, -3.250878914223305",Santisteban del Puerto
"42.65270621097916, -6.683180866978099",Arganza
"41.494326565933925, 0.9601191855467333",Els Omellons
"41.73357839720075, 0.6426392679026042",La Portella
"42.01164512242535, -1.7081291237775746",Cascante
"42.168174063146985, -4.6913818755998475",Paredes de Nava
"29.094858906177794, -13.547496264794042",Teguise
"41.50581436527219, -5.005804034891941",Tordesillas
"41.20825168809102, -1.3062023481412424",Mainar
"41.37500668734074, -1.424683236615441",Santa Cruz de Grío
"42.6240556225045, -1.0282843059346234",Sigüés
"38.70847936220165, -1.457958207931185",Fuente-Álamo
"40.555555198306685, -4.822697792909295",Mironcillo
"41.434967267616656, 0.653577592111517",Granyena de les Garrigues
"42.957466853065625, -6.964232190565434",Navia de Suarna
"42.88365327643838, -2.229214912283481",Ziordia
"41.28716952523792, -4.299162557355507",Gomezserracín
"37.45670810783282, -5.631303364072863",Carmona
"41.416703371690204, -6.263632391877707",Fariza
"41.95024889344371, -3.193519015594033",Moncalvillo
"39.80091074355663, -5.666371598362288",Almaraz
"40.30992116481743, 0.037622566664458804",la Serratella
"37.35618337745327, -3.1648375825926847",Benalúa
"37.402790952028056, -3.534287893413027",Iznalloz
"37.57207994317489, -2.847135552008312",Zújar
"40.96796360643957, -2.153085771137762",Anquela del Ducado
"40.939128336409226, -3.126575248085602",Cogolludo
"42.051143426279445, -0.28071910560004887",Argavieso
"42.45746215623334, 0.1129541857992738",Labuerda
"38.22352856149688, -4.0503615510486295",Andújar
"42.157991791239034, -2.547225574018942",Laguna de Cameros
"42.59435182498242, -1.664873347913252",Garínoain
"42.904965685331476, -2.1452561795874137",Urdiain
"42.4153130742281, -6.982382601463948",O Barco de Valdeorras
"41.027685043108434, -5.5897536645595185",Castellanos de Moriscos
"40.92644318142235, -6.021391083125034",Tabera de Abajo
"43.14122753445014, -4.218876610872946",Los Tojos
"41.01074155543605, -3.958918394716343",Santo Domingo de Pirón
"41.58710893302534, -5.663808607274168",Molacillos
"41.68122120997575, -0.5375375416654142",Farlete
"41.84696093150053, -1.1751768721595413",Remolinos
"40.50228364877939, 0.2385720323794683",la Jana
"41.761763537876654, 0.9463464569226043",Bellmunt d'Urgell
"41.01328173581055, -0.4307780777022055",Andorra
"42.26911456643646, -3.684988667310187",Saldaña de Burgos
"42.411659703242854, 0.6912049305815475",Bonansa
"41.815591670524356, 0.38269032428609007",Tamarite de Litera
"41.317271589041646, 0.6384292343009857",Bovera
"42.43305811542315, -2.9568169159466784",Santo Domingo de la Calzada
"42.22898299559192, -4.699700940748528",Cardeñosa de Volpejera
"38.68555903019239, -0.8217410031060548",Cañada
"40.60363065240107, -1.832229977066439",Chequilla
"40.96812982946026, -1.8825139615800117",Torrubia
"36.661526024572865, -4.58301707298821",Alhaurín de la Torre
"36.87371248700442, -4.092541678070406",Canillas de Aceituno
"41.46259883217488, -3.7853245592406797",Aldeanueva de la Serrezuela
"41.11606113139342, 0.10157655191936091",Maella
"37.29398655734825, -2.3939434113227387",Sierro
"41.22234506608463, 1.2202181600229518",El Rourell
"39.16289426735206, -0.2594183509499518",Cullera
"41.04214991670999, -4.8656268185751",Villanueva del Aceral
"38.15470415806892, -0.8946042838582119",Granja de Rocamora
"41.1345380299742, -3.235180275783752",Valverde de los Arroyos
"43.09389284704598, -2.0308680701377333",Lizartza
"42.06519275870932, -0.07923332806431936",Lascellas-Ponzano
"41.94291601855817, -8.139243555746791",Entrimo
"42.09207210153846, -8.844267095598887",Baiona
"42.65909608151402, -7.94551613470428",Rodeiro
"41.49047917013421, -6.214744300768787",Torregamones
"38.85903147168091, -0.16873230958561888",l'Atzúbia
"40.84479872381983, -5.685872755527891",Mozárbez
"41.38144384945286, -4.671473707594259",Alcazarén
"41.243044008375065, -1.7192909955265685",Munébrega
"40.10633857524029, -3.7544229348711347",Esquivias
"37.024831334323025, -2.589575874476334",Alsodux
"40.45990712605779, -5.409513837852041",Hoyorredondo
"39.44568042857321, -2.1033168564368383",El Picazo
"42.61257735245045, -6.987997094684261",Barjas
"42.63553690704097, -7.495230276825788",Bóveda
"40.868863765653906, -6.213501270270404",Pelarrodríguez
"41.922362692706166, 2.236239775403861",Vic
"42.44222071719288, -3.971825374083044",Pedrosa del Páramo
"40.204435630566806, -6.404113429286705",Villanueva de la Sierra
"37.06868236694564, -3.8343389969910913",Ventas de Huelma
"41.584885778805386, 1.3611423975326322",Talavera
"37.385429852668125, -6.124489937822609",Espartinas
"41.33443043628695, 1.164215522252714",Vilaverd
"40.39518621916729, -4.692704845109812",Navaluenga
"40.24237518873248, -6.000379084349251",La Granja
"37.23686502167936, -3.4647118474885557",Beas de Granada
"42.29082851588208, -2.79744968992137",Matute
"42.044595776716214, -7.706084863284942",Xinzo de Limia
"38.61057680326217, -6.838433306284292",Almendral
"39.23311852415509, -5.0138504935452985",Herrera del Duque
"36.87284905369441, -5.6165003344922395",Villamartín
"39.550562473973756, -2.006622492792762",Valhermoso de la Fuente
"42.393986817723075, 0.8003793910965068",El Pont de Suert
"41.42764116396733, -3.6222046039006033",Cedillo de la Torre
"41.673322326993954, -5.734233003390154",Piedrahita de Castro
"43.34638935886587, -3.5053136995015963",Voto
"40.49159565584852, -5.279083493854481",San Miguel de Corneja
"40.06936736959259, -0.535097532325817",Montanejos
"42.78844829042858, -8.725252255707831",Rois
"38.02112457864252, -3.861715668309941",Espeluy
"38.09361673951393, -3.260450924587163",Sabiote
"43.43424517996415, -8.130975578227977",Cabanas
"42.72277115789788, -8.720113832010133",Dodro
"42.19835993176646, -0.025036279441895803",Adahuesca
"42.568229990782214, -6.1091436574064675",Magaz de Cepeda
"42.549074766522594, -2.970863352173337",Cuzcurrita de Río Tirón
"40.63629797091455, -3.4618172765958977",Valdeolmos-Alalpardo
"42.729289320715914, -1.1159054001345519",Navascués
"42.35074654864722, -7.889879088196121",Ourense
"41.79109059017667, -4.43185247369583",Población de Cerrato
"29.04550507078931, -13.708209453814652",Tinajo
"40.58051825440586, -5.9191202274019075",Linares de Riofrío
"28.07058487811396, -16.622094720329265",San Miguel de Abona
"39.7934748859842, -3.53060289006302",La Guardia
"42.647959168235815, -3.1625952789632565",Villanueva de Teba
"42.93367673075267, -8.037321985688575",Melide
"40.32756643495851, -2.8886660732272254",Zorita de los Canes
"42.28037597409772, 2.8306326022273502",Cistella
"42.490969863832944, -7.193170335876988",Quiroga
"42.60611935627048, -2.350910588732377",Azuelo
"42.69195635012338, -2.2954040614569444",Zúñiga
"43.263333229236025, -3.802562865269285",Saro
"39.80651072306296, -3.7330994934105886",Villamuelas
"42.13255382787693, -5.919641925519121",Alcubilla de Nogales
"41.812208634133256, -1.3957589525073852",Magallón
"39.05932343334956, -4.071654374131248",Picón
"42.906727446757465, -7.252540883944963",Baralla
"40.05446529660747, -1.354934226136736",Vallanca
"40.66823973312201, -5.334714724631686",Diego del Carpio
"38.66018193797154, -6.067789411842694",Puebla de la Reina
"40.26604722079888, -6.072787788434869",Zarza de Granadilla
"40.17311200705839, -2.125355799297952",Mariana
"41.24264296209239, -2.73419848420354",Paredes de Sigüenza
"41.842461897435, -0.18742870745103485",Capdesaso
"38.20320389513646, -1.136070428926455",Fortuna
"40.96636570083873, -0.08024351968888095",Torrecilla de Alcañiz
"41.18294082880208, -4.973658039980882",Cervillego de la Cruz
"43.208473398234155, -2.9129158416483247",Arrigorriaga
"38.26477621829417, -5.427875753407209",Fuente Obejuna
"43.356104217016515, -8.178747147057354",Miño
"41.82757108229298, 2.9816666933022478",Santa Cristina d'Aro
"40.607609040202405, -2.893316581331562",Irueste
"42.53309793331245, -0.6824431778921839",Santa Cruz de la Serós
"41.662764295547, 1.0588743875047102",Anglesola
"41.84200391726794, 1.4420011371585792",Torà
"38.041123483177735, -1.6732382027761026",Bullas
"42.77090806805098, -2.231163069904055",Aranarache
"42.40659812242412, -7.838385746372262",Coles
"42.486985850781274, -4.499375693688648",Bárcena de Campos
"42.68867788870825, -4.593859026678896",La Puebla de Valdavia
"42.52502423793945, -8.645215824620827",Barro
"42.27788606877794, -8.614542705298604",Redondela
"28.29521844843435, -16.432539180144794",Güímar
"43.45330690995372, -3.4525909330385764",Santoña
"41.087094236892746, -3.749967284981303",Matabuena
"40.922594701652166, -5.0321209623382",Muñosancho
"39.40684122911666, 3.0146133286353174",Campos
"39.5072811370196, 3.0307586930162738",Porreres
"39.930696185034435, -5.557428486652717",Navalmoral de la Mata
"36.91857806048632, -3.3944276872547214",Carataunas
"40.353885353430286, -4.038608795883977",Sevilla la Nueva
"36.52445574177216, -5.224086001663652",Genalguacil
"41.96762977609883, -1.7048001839854954",Monteagudo
"43.36360122540743, -4.4777505671437385",Val de San Vicente
"40.97502387307381, 0.6149402901519766",Rasquera
"41.314831794240234, -5.812916582355545",Cabañas de Sayago
"41.404623965270005, -1.4922937523138025",El Frasno
"40.46243303361024, -4.747433332536642",Navalmoral
"38.94620218931496, -5.643712713459208",La Coronada
"39.112365022183724, -5.487214138378076",Navalvillar de Pela
"40.00264776386837, -5.479444106287936",Talayuela
"39.67103411172838, -1.469999484187578",Mira
"42.22334186873115, 3.0461454537348374",Riumors
"40.99024171781863, -2.874722865454933",Cendejas de Enmedio
"42.57423632451134, -6.855385370895221",Corullón
"42.612322008794166, -1.6712568851012977",Barásoain
"42.59703263482396, -8.751518080879345",Vilagarcía de Arousa
"42.47255760527076, -5.928517254637693",Villares de Órbigo
"42.37064347119214, -2.9454892254742644",Santurdejo
"42.71919280151765, -4.367142257081525",Santibáñez de Ecla
"41.32736697132423, -3.606328954597636",Boceguillas
"39.979218021107755, -4.507961839110259",Domingo Pérez
"38.57611047502895, -1.5158726926055082",Albatana
"38.329844267340725, -6.5348008738201395",Valverde de Burguillos
"41.672670219941864, 1.141665735476592",Tàrrega
"42.03915456951277, -7.357993203701351",Castrelo do Val
"39.99036500212592, 4.003112837851399",Ferreries
"41.6466549124233, 2.4969132559007696",Vallgorguina
"36.81299656222474, -4.055323000475903",Arenas
"42.77268128377187, -2.126919310052425",Améscoa Baja
"40.35570331700051, -5.520781536727643",El Barco de Ávila
"39.65566893888463, -6.810211117470877",Villa del Rey
"42.050501441374344, 3.000571805503104",Foixà
"40.97437037146379, -1.713668978874824",Embid
"41.856041911052145, -0.32277377434236726",Poleñino
"42.6511637196009, -6.573737558422514",Cubillos del Sil
"43.12486822753169, -7.622374108813547",Rábade
"43.65721568692101, -7.3658814012936205",Burela
"36.86217284337254, -4.225931841190038",Cútar
"36.591601002494244, -5.161418731205663",Júzcar
"29.161845184257313, -13.475229735040218",Haría
"40.93903226968886, -5.410384772011361",Cordovilla
"42.89530099566683, -4.064721374837441",Valdeprado del Río
"41.395359716852354, 1.2999831659386727",Cabra del Camp
"41.856433892879444, -5.177637211208111",Morales de Campos
"42.23779495370854, -5.060750972602892",Santervás de Campos
"40.33917253923334, -2.465309256522568",Buciegas
"42.097135603648894, 2.9240514190097318",Viladasens
"42.47359458213973, -8.890122850683804",O Grove
"40.58499445703276, -6.045824767684401",La Bastida
"40.43745291028349, -5.7147792571569385",Fresnedoso
"42.809882037769256, -2.304560979668184",Parzoneria de Entzia
"41.55504716610585, 2.3066427496433564",Vilanova del Vallès
"43.196334191004254, -2.466228247326758",Eibar
"42.21416525639149, -0.17734987971694616",Casbas de Huesca
"41.10663686424705, -5.466909470864131",La Orbada
"41.394037514334954, -3.455199440157396",Corral de Ayllón
"41.29686741003829, -4.549857327670036",Villaverde de Íscar
"42.86261312197305, -1.6709938859656839",Facería de Ezcabarte y otros
"42.15190984983663, -3.3268917953700297",San Millán de Lara
"39.64146020015297, -5.219037037758723",Carrascalejo
"40.67251640161007, -2.401333744524102",Arbeteta
"41.95025123656341, 0.23658821613725364",Almunia de San Juan
"40.76876494141506, -5.422171948739474",Valdecarros
"41.71946500241738, -2.8024077552093827",Calatañazor
"41.302203564279054, -5.582271683233832",Argujillo
"41.24424457946117, -5.390281535320607",Fuentelapeña
"41.555115208712095, 2.351046391580463",Òrrius
"42.50103010936633, -0.8071926825546539",Bailo
"42.19066802315276, 2.029802473464067",Sant Jaume de Frontanyà
"41.896081496726026, -3.1978150546592414",Rabanera del Pinar
"37.347929163128974, -4.368689894419998",Rute
"40.51351769053037, -1.9958523413381177",Lagunaseca
"42.21869005300116, 2.5431234204843167",Castellfollit de la Roca
"42.107433625418786, 0.2661235397239787",Olvena
"41.99898839157309, -0.1288617135306172",Pertusa
"42.318698271027834, -4.965292580016287",Escobar de Campos
"42.176459790170476, -5.45904677943971",Fuentes de Carbajal
"43.18927948936957, -1.8294722147820222",Goizueta
"42.1451866366546, -7.89754380449958",A Bola
"42.398729107307034, -4.575085225335197",Valde-Ucieza
"42.41619950611167, -4.8022817759187815",Villarrabé
"38.36527334381631, -6.7855553482072875",Valle de Santa Ana
"41.96931357658801, 2.1544868298761184",Sant Bartomeu del Grau
"41.834698114550974, 1.764026817571645",Súria
"37.96952604106952, -4.455694555725737",Pedro Abad
"39.34439903777582, -2.1599532029553923",Casas de Guijarro
"40.30781079469186, -2.4701869021329097",Olmeda de la Cuesta
"43.14237641440053, -2.04910368769408",Ibarra
"41.936284318730046, 1.081439718708082",Artesa de Segre
"42.34654486737068, -2.200213241824416",El Redal
"42.290076632912964, -1.8061857400625034",Funes
"43.06509726884824, -1.3140289823266067",Luzaide
"40.92487787788573, -5.634296609388321",Carbajosa de la Sagrada
"40.495608566353056, -1.1577925859815137",Celadas
"40.95746202324966, -0.7747701578672181",Josa
"40.81234084146676, -0.4738559317770922",Molinos
"36.65858659208867, -5.463699169488531",Ubrique
"42.27251684276012, -4.554095520446955",Lomas
"42.11015178720794, -5.819795436191729",Coomonte
"40.90202508274097, -4.8077894467622935",Cabizuela
"41.720878454320676, 1.712842174215408",Rajadell
"42.176776236559284, 2.995069604837853",Sant Miquel de Fluvià
"41.26141166840909, -3.1405448039822317",Campisábalos
"40.92038966951402, -3.09597194956189",Fuencemillán
"37.91182160076339, -2.964832194055868",Cazorla
"37.69659334250715, -3.065601605859249",Huesa
"41.78436968147546, 0.5393746840300894",Almenar
"42.562392864278884, -2.040905891129882",Dicastillo
"27.895100036678492, -15.457326010011098",Agüimes
"41.926429331397244, -2.0669328779554217",Cigudosa
"38.879736199214356, -0.38633859661840647",Castelló de Rugat
"39.53062039848345, -5.638010287407849",Aldeacentenera
"43.00839178500216, -8.130693331552932",Boimorto
"43.042223747213434, -2.2514329607501744",Ormaiztegi
"42.17533735456889, -5.687325909125121",La Antigua
"42.0545058635793, -4.148970627348965",Villahán
"41.0329660982395, -5.5324193038495695",Gomecello
"40.76646627150339, -4.013948783031035",Los Baldios
"37.385469594025665, -3.7128231796517905",Colomera
"42.37032527963728, -7.4768117041129685",A Teixeira
"42.15028355521475, -5.149857127246615",Villagómez la Nueva
"42.46387800249523, -1.234385868592323",Sos del Rey Católico
"38.517475782886294, -2.7558076256016872",Cuarto del Madroño
"37.97485007525501, -0.8031118924263968",San Miguel de Salinas
"40.13343418833305, -6.307546711373483",Aceituna
"42.03447455729007, -0.09804470412271962",Barbuñales
"43.525408651866826, -6.922478330389458",Tapia de Casariego
"41.412702029012884, -2.520650805208352",Frechilla de Almazán
"41.399715227282634, -2.406276858276425",Morón de Almazán
"40.66223443504147, 0.46385265445639173",Godall
"40.773692730817544, -1.3517363311361068",Monreal del Campo
"43.33332490979955, -3.0483230028698167",Santurtzi
"38.8496852845382, -0.30865730946629777",l'Orxa
"42.254432745218296, 2.810194252419418",Lladó
"42.49738195808745, -4.836001486849721",Santervás de la Vega
"40.575580080191145, -6.789993550310311",Fuentes de Oñoro
"41.263098299318244, -4.186359058214892",Zarzuela del Pinar
"39.096918328970595, -0.6011698260815358",Antella
"39.36111671212837, -0.8917359831989724",Yátova
"37.2304703412904, -3.1766932476710146",Cogollos de Guadix
"41.95758617782523, -0.4534332041433151",Torres de Barbués
"37.46797897858346, -1.5901441176552287",Águilas
"41.91201688063676, -4.4168402309850325",Hontoria de Cerrato
"43.12588884729931, -2.800572975115714",Artea
"37.401130579151605, -2.4906822037079324",Tíjola
"42.163595631459465, -3.936949437945071",Ciadoncha
"40.16452486113754, -6.722365324414112",Hoyos
"40.90677211010473, -2.338687889053627",Saelices de la Sal
"42.4497906855226, -5.052283000244978",Villamol
"36.352725681928305, -5.261743510229479",Manilva
"42.0140293867517, -4.029307638542411",Cobos de Cerrato
"40.54333913027552, -5.880067778823259",El Tornadizo
"41.12758959066993, -3.803291904211611",Pedraza
"37.46996282954098, -5.896271812503563",La Rinconada
"40.776324885689974, -0.6175507323803929",La Zoma
"43.23773058109058, -3.233830620411675",Artzentales
"42.3390769039239, -3.929170597672773",Hornillos del Camino
"36.91053503438873, -5.231478435278807",Torre Alháquime
"41.92458659083638, -2.668547942698484",El Royo
"36.938679949854595, -2.9903760652877116",Alcolea
"39.53900917614496, -0.38102145803722187",Alfara del Patriarca
"41.549724261560314, -1.6548170712959105",Gotor
"41.707115264469685, -3.580322148729418",Quemada
"42.26513114432182, 2.6350231444771275",Sales de Llierca
"42.073831639885704, 2.9538487039315373",Sant Jordi Desvalls
"37.01408177782125, -3.669908911701407",Padul
"43.09012628229245, -2.0023125644748965",Orexa
"42.01162636446257, -0.4545925968804991",Sangarrén
"40.57565856968772, -3.926163785191444",Torrelodones
"42.91153300815737, -1.2085525147169782",Abaurrepea
"40.991465430929615, -4.267234800570015",Garcillán
"40.69461312136394, 0.4398435083174193",La Galera
"41.12083983296028, 0.8642914344739978",La Torre de Fontaubella
"39.70346750030123, -3.333675852916169",Lillo
"39.61566607305452, -0.572293579600741",Benissanó
"43.332642003458794, -3.8142139736392098",Penagos
"41.096219376426056, -3.8742548919648327",Santiuste de Pedraza
"41.09503373504829, 0.799429900763503",Capçanes
"41.181984535739886, 1.432170724412648",Creixell
"43.12645931762936, -2.66712416405176",Mañaria
"41.42074622883755, 2.034400680585243",Molins de Rei
"42.5445644977021, -2.4328495814637807",Oyón-Oion
"41.17553428374547, -6.304602097165591",El Manzano
"40.730801164071686, -4.222434454826163",El Espinar
"41.61831658191632, -2.1510733891173213",Villaseca de Arciel
"40.61935002476512, -0.601364778682123",Pitarque
"41.478753673789555, -1.0532852069568992",Mozota
"38.95836826311918, -5.369296746229701",Esparragosa de Lares
"38.910902241365534, -6.06366541310389",Valdetorres
"41.513365494412525, 1.4476428704964568",Bellprat
"39.21454431626853, -1.5390068105836747",Abengibre
"40.6743176746794, -4.958706171437879",Narrillos del Rebollar
"28.24962985802156, -16.46704087047544",Fasnia
"41.06664946432589, -4.6852715397829865",Martín Muñoz de la Dehesa
"41.44911628435466, -1.5587011163725482",Sabiñán
"39.7654649810323, -2.038805338582969",Chumillas
"36.9523890658007, -3.846894907094614",Fornes
"40.7176999654194, -2.7049449849377942",Henche
"43.038707848673255, -2.1056715749917445",Abaltzisketa
"38.93943198520502, -0.26859992925345555",Ròtova
"39.319487477725566, -2.044671973828462",Villalgordo del Júcar
"40.82077513019029, -5.003191921896968",Vita
"38.71660042456411, -0.31452883957152",Quatretondeta
"41.90511961569233, 2.379859921080677",Sant Sadurní d'Osormort
"41.95984711772218, -3.6202960993111555",Nebreda
"40.37437187137524, -3.1032140542251723",Fuentenovilla
"42.78737729266095, -5.2312475134049805",La Ercina
"42.54383953884914, -6.992796103992342",Oencia
"42.01220875869633, 1.404058979320156",Castellar de la Ribera
"42.35153563299184, -2.9997851750793596",Ojacastro
"42.16936755986678, -2.8397780129161214",Ventrosa
"36.867192766419734, -4.163520602631403",Viñuela
"42.09096536372279, -7.854731196063286",Rairiz de Veiga
"41.02909801695957, 0.6372387221911212",Ginestar
"40.24386079281915, -1.574899566785086",El Vallecillo
"41.87343959533941, 1.0116098088693124",Foradada
"42.080118513907884, 1.2634953512904166",Peramola
"41.04139628543341, -3.572221198883349",Madarcos
"37.1056999009536, -4.391914099001377",Archidona
"36.6145134238504, -5.276577481200249",Benadalid
"42.9468261592451, -6.560106742881079",Degaña
"40.6968110140701, -1.3727971919181374",Villafranca del Campo
"40.09133050705665, -3.9290162848893937",Cedillo del Condado
"43.16070785040835, -2.6534300778663336",Durango
"41.664026024030825, -1.7205596062883628",Calcena
"42.330360209538206, -3.8281183080025074",Comunidad de Tardajos y Rabé de las Calzadas
"38.9235380142625, -4.893000855425569",Baterno
"41.414703492901644, 1.7213474286789534",El Pla del Penedès
"41.706437636477254, 1.5518106510621696",Els Prats de Rei
"41.763229102465594, 1.7973215558248328",Sant Joan de Vilatorrada
"43.11380768087127, -3.27090642572084",Valle de Mena
"42.01788667989802, 2.8780121627796156",Celrà
"42.714114205924666, -2.8733877540800994",Armiñón
"39.711727471510024, 2.9421623374645347",Inca
"42.13049758481694, -3.9122855306761952",Mahamud
"42.105903487760045, -3.274263409287695",Vizcaínos
"40.61030661618379, -1.6320529602803793",Alustante
"42.30764018141604, -2.3096820679184353",Santa Engracia del Jubera
"38.237294689649275, -1.6562711369567449",Calasparra
"42.9331049951728, -2.0035173107924877",Arruazu
"42.76839864645295, -1.8425539183741884",Bidaurreta
"40.95045504481442, -3.9978118598351178",Trescasas
"37.62359099701688, -5.817696245478229",Cantillana
"39.70745144625573, -0.8170769640851395",Villar del Arzobispo
"41.40934926830636, -5.889860792968019",Pereruela
"38.861619669897685, -6.751304519816287",Talavera la Real
"42.19518890312248, -3.6364357152984828",Hontoria de la Cantera
"40.1217131734064, -0.1623715377993606",Costur
"39.96922373604847, -1.793279993936317",Pajarón
"41.78750620338195, 1.0683191067854225",Agramunt
"42.53513387338537, 0.8568895425178907",La Vall de Boí
"41.76987944072105, 1.3904928896221105",Ivorra
"42.31825390881462, -2.8758334437092037",Berceo
"38.08572572159204, -1.0567013078124117",Santomera
"40.87669518935451, -5.694554428410438",Miranda de Azán
"40.19521844102997, -1.1327799380898207",Cascante del Río
"42.08035013768937, -5.123362424579775",Villacid de Campos
"41.89828976474493, -5.4890178826876115",Cerecinos de Campos
"40.45873566604575, -6.816466925332747",La Alamedilla
"41.260996931581595, 0.5668000730730035",Flix
"42.63732819134364, -1.7274348709802914",Añorbe
"41.49778706876605, -4.220542106393832",Campaspero
"42.15166123624429, -0.7735542543699214",Puendeluna
"42.41243600134506, -3.2414221458023937",Tosantos
"42.87503202897713, -6.406847308056499",Palacios del Sil
"42.19124287600135, -2.720475573289498",El Rasillo de Cameros
"41.72328770187543, -2.8685178704523886",Muriel de la Fuente
"43.08811962236431, -2.8781333573094816",Orozko
"43.26032481171629, -3.1734261217924526",Sopuerta
"41.37837329986489, -5.391809532447984",Villabuena del Puente
"41.28406440579789, -0.5516443965281709",Almochuel
"38.837451763667715, -3.786462209758717",Valenzuela de Calatrava
"42.151157278630656, 3.041702280854368",Ventalló
"43.325123303594545, -7.184030273496028",A Pontenova
"42.38797418895898, -8.272720246474792",Avión
"43.41195056869888, -6.705894962588326",Villayón
"42.63842540602904, -0.555553737395065",Castiello de Jaca
"42.045219300702534, 0.24906240040221395",Estadilla
"42.382291606409474, 0.49104400737510645",Valle de Lierp
"42.29429432369725, -8.064697569714266",Castrelo de Miño
"41.92902953574335, -4.470808181061268",Venta de Baños
"41.91570310219777, -1.3759937778841476",Novillas
"40.538477388989804, -4.4833047910307835",San Bartolomé de Pinares
"38.38222215724819, -0.5375620652320499",Alacant
"36.78363410715162, -5.54601579731447",Prado del Rey
"40.068798281330714, -0.12697394019278543",Sant Joan de Moró
"42.82751617816738, -8.4226271432931",Boqueixón
"42.18475457865238, 2.9115057912685804",Pontós
"42.56650648289527, -5.031961361762557",Villaselán
"42.26441630796953, -5.731171193135558",Zotes del Páramo
"37.13350075609102, -4.954432242695498",Martín de la Jara
"40.217826841725966, -1.2005103938583024",Villel
"39.3829266441784, -0.41426076073557466",Beniparrell
"41.80662641835701, -1.7617916862065925",Litago
"41.677027171885996, -1.3486604079836517",Rueda de Jalón
"40.54049433943469, -4.914594261334217",Solosancho
"41.75713581058908, -1.878621912993026",Cueva de Ágreda
"41.10597822292841, 0.7478507271192101",Els Guiamets
"40.64871430288251, -1.456948796584931",Peracense
"42.06472611833054, -6.352472596361869",Manzanal de los Infantes
"41.48963310717441, -1.0311326806447931",Botorrita
"42.23431288493123, -5.654620238975624",Laguna de Negrillos
"28.05994876282201, -15.54027453650573",Teror
"40.9787625504477, -4.359581131195259",Marazuela
"40.055877123258895, -4.830460619213888",Cervera de los Montes
"43.31964929953367, -2.4336053434609233",Ondarroa
"41.51193456037243, -3.818784645130627",Monte de la Mata
"42.911723738116756, -2.492898102804041",Barrundia
"40.81584885746592, -4.556609400937181",Maello
"40.943719624565304, -6.694557990520864",Lumbrales
"40.810127067598664, 0.20020821600730457",Beceite
"41.82774218045102, -1.6183044862945768",Bulbuente
"41.68365193750674, 1.9750750821788712",Mura
"39.95615320863857, -2.8656802812568007",Uclés
"37.562500529761145, -7.093370118094869",Alosno
"42.611860116421184, -1.840860266980641",Mendigorria
"40.420680416399506, -5.089143915842201",Navadijos
"39.994752469654344, 3.8939412419822426",Ciutadella de Menorca
"41.940666470915794, -4.978920696995611",Belmonte de Campos
"42.24923602542812, -4.265975498147861",Melgar de Yuso
"41.07886908363774, -5.568220308521534",La Vellés
"40.757915144840794, -4.419130436525019",Villacastín
"40.00862091935913, -3.854084089220796",Cobeja
"38.999830355835094, -0.592560351337806",Llanera de Ranes
"43.29017344755972, -2.9295433984332138",Sondika
"41.82767184040174, -1.5486869215361392",Maleján
"41.08145383164837, -1.3840226669908178",Villanueva de Jiloca
"37.11429299857333, -1.866292656112371",Mojácar
"41.98176836051132, -3.2835054761669267",Hacinas
"38.53279333099377, -3.2828603401180594",Castellar de Santiago
"42.63195733521294, -0.22761849402472048",Yésero
"42.57315820786351, -1.394107093296412",Sada
"40.95716481633961, -5.297240804393934",Villar de Gallimazo
"40.03829084628711, -1.597599359728254",Huérguina
"36.78920545859101, -3.639144264374836",Ítrabo
"36.844623720188295, -3.0834110468016265",Turón
"41.044848115050335, -3.124851426259951",Semillas
"42.20670969285956, 0.5755482572835768",Castigaleu
"37.76793479889298, -3.1961730801076857",Larva
"42.216627105788255, -2.0951625225885984",Arnedo
"42.77195548886225, -7.431823300875798",Sarria
"41.09112011595647, -3.543499459523097",Horcajuelo de la Sierra
"42.548562714949824, -4.310885424556272",Herrera de Pisuerga
"41.87430631295745, -2.365951081585125",Los Villares de Soria
"41.20903851383051, 1.5896920866976043",Calafell
"42.22343750084136, -3.9582101629782382",Pampliega
"42.05269492727174, -0.3419736265318404",Albero Alto
"42.720705112829805, -1.8644656394636108",Guirguillano
"41.30682616609362, 1.1715000619365383",La Riba
"40.726221340269454, -4.51226153480119",Ojos-Albos
"38.12233075734437, -0.9215076174011189",Redován
"40.876407316208265, 0.2756602259900014",Arnes
"40.89700615097077, -0.5690891486206721",Crivillén
"38.901025280356166, -6.0883659860769",Guareña
"38.84868920332847, -2.982199284031928",Carrizosa
"37.247717333467925, -4.54218003323873",Benamejí
"37.6726665081985, -5.292303534782373",Palma del Río
"40.02801680406008, -3.127377194654715",Zarza de Tajo
"37.13180672564761, -3.5707889747592945",Cájar
"42.48198789549383, -2.861669250414064",Cidamón
"36.87310456724342, -5.046433034382709",Cuevas del Becerro
"42.471035596887035, -1.3661628224377198",Cáseda
"42.316035996896936, -4.662806123951382",Calzada de los Molinos
"42.092167701615416, -4.538069952790298",Husillos
"41.626565342189906, 2.2695779639655966",Canovelles
"41.01858569656739, 0.7335700892986035",Tivissa
"40.144165321140406, -1.2111010603826426",Libros
"42.07304354726614, 3.0132310583222592",Jafre
"38.149044093096485, -3.7581751818886073",Guarromán
"42.75016662423222, -1.8299359193729026",Belascoáin
"40.50301572690884, -5.522544407907348",Puente del Congosto
"41.943666827311986, -5.711758060839863",Arcos de la Polvorosa
"43.63339327873783, -7.5881707620922",Viveiro
"42.32346832647056, -4.398872999654451",Marcilla de Campos
"43.40737294941837, -3.4240111370715463",Laredo
"41.71644467393646, -3.1061477308041052",Nafría de Ucero
"42.98134160447556, -1.729732117668465",Mancomunidad de Beunza y Juarbe
"39.238975045750095, -1.9366393484753113",Tarazona de la Mancha
"40.35833964341521, -4.873208695578512",Navarrevisca
"41.3670187305224, -1.3049587028032608",Cosuenda
"41.866431849477024, -1.7240093425131842",Grisel
"37.48018821316667, -2.0624495899543227",Taberno
"39.90817472830264, -2.9807344010368215",El Acebrón
"40.112609520776005, -3.499148136643099",Villaconejos
"40.44788758939546, -3.985342197911923",Villanueva de la Cañada
"42.92830166396349, -1.0367172851697668",Izalzu
"42.39854457644594, -7.945724194468938",Amoeiro
"40.1783389339166, -0.13378165734918637",les Useres
"43.23234192903314, -8.553652962515612",A Laracha
"36.78393932785698, -4.191572466981923",Iznate
"37.73226842204338, -1.2139260911641525",Fuente Álamo de Murcia
"43.188614408241044, -5.172263943325493",Ponga
"42.38505745744901, -8.516810625825352",Ponte Caldelas
"28.147812076482147, -17.197934988808726",Hermigua
"38.510066720839525, -0.3633294641937862",Aigües
"42.18574878275048, -4.155403101678235",Vallejera
"37.07590361205088, -3.914638643063258",Cacín
"40.691151105726085, -3.051381796353666",Aldeanueva de Guadalajara
"41.95492948697811, -1.9841481214672687",Aguilar del Río Alhama
"42.640800358970374, -2.287342993172023",Nazar
"41.16049900058514, -5.436989108878651",Parada de Rubiales
"39.24049955177816, -2.0686499784418",Fuensanta
"42.15064727467595, -4.1306159371252145",Revilla Vallejera
"40.35693370427704, 0.3551090506222104",Peníscola
"39.55464875496826, -0.3156277980251336",Massalfassar
"43.294647284123265, -2.5566154398749887",Aulesti
"38.49187676815503, -2.2917184261126406",Molinicos
"38.44231943834031, -0.6416514151404118",Agost
"39.55404721753567, -6.761276710780113",Brozas
"38.7226126106335, -4.955032308542083",Guadalmez
"42.931523992715945, -9.198309035700388",Corcubión
"41.20827846941638, -2.8699464403783197",Atienza
"40.98550254441578, -2.9384453814594567",Medranda
"41.05902803317845, -2.9152258657622556",Pálmaces de Jadraque
"40.80165164410185, -3.0854710508799372",Torre del Burgo
"37.551058627609976, -7.340980907502069",El Almendro
"42.673876450697925, -5.38576902209627",Vegas del Condado
"42.18855741260464, -5.530261579538718",Villaornate y Castro
"42.399850753238496, -2.1576110594867615",Alcanadre
"42.5470643394339, -3.100359187195745",San Millán de Yécora
"41.105934331341516, -5.786398734614478",Torresmenudas
"39.56289705623378, -0.3965378120298716",Moncada
"41.832969383310555, -5.105372697007331",Villabrágima
"41.29859160647759, -1.7452715636796143",Valtorres
"40.64866199613393, -4.226752137629616",Peguerinos
"38.74414119419763, -0.333205406868276",Balones
"41.64033386909899, 2.4631414396080076",Vilalba Sasserra
"42.46413350137432, 0.20354458695217584",El Pueyo de Araguás
"42.62173137920191, -2.3214969101175353",Torralba del Río
"40.33141407571253, -5.748734526829007",Candelario
"43.09204094626486, -4.414935775398989",Polaciones
"38.94559991163231, -0.2377484690866393",Palma de Gandía
"43.10222392644332, -2.790344329817064",Areatza
"41.75876330841783, -1.7527588945718922",Añón de Moncayo
"41.524237049967226, 1.5777938685517863",Orpí
"40.12539719273688, -5.491458948828981",Valverde de la Vera
"39.23788585330126, -6.035792319461377",Zarza de Montánchez
"40.13333254604346, -1.4882316671839129",Salvacañete
"41.81376448120103, 0.7173638456595569",Castelló de Farfanya
"42.176050963070836, 1.5831344253766135",La Coma i la Pedra
"42.39086538308105, -2.664916702574627",Manjarrés
"40.96685305454348, -3.704310222774633",Gargantilla del Lozoya y Pinilla de Buitrago
"39.28714682323916, -0.7743290767059166",Dos Aguas
"40.8497433031511, -5.061581857924981",Narros del Castillo
"41.53159055434156, 2.2371728942421174",Martorelles
"39.193662447572834, -2.6100864231309036",Villarrobledo
"38.75384756769662, -0.2987510290544952",Benimassot
"41.94068135454716, 2.3147647877380066",Folgueroles
"37.185647167660946, -3.5914066546063634",Granada
"28.43441319243308, -14.087168054478983",Betancuria
"41.35222849019153, 1.7831005695998894",Avinyonet del Penedès
"38.51607153961275, -7.145157155434801",Alconchel
"38.79557625545478, -5.037432700733606",Capilla
"42.624494629798455, -3.2699757920738035",Berzosa de Bureba
"43.34611825859271, -8.422245723559357",A Coruña
"40.35128783567107, -2.957085365360957",Yebra
"42.9813673582731, -5.421537105279123",Valdelugueros
"42.34874094405758, -5.208310812448236",Vallecillo
"42.45704834036876, -2.701989803594423",Uruñuela
"42.90156988026952, -7.65797088758301",Guntín
"37.227181950443224, -4.667846253809565",Alameda
"41.52312536786036, -3.6233383446211613",Valdevacas de Montejo
"41.275160643849006, 0.9982440133615116",La Febró
"40.78799632523149, 0.40165306111539323",Roquetes
"39.886601367410854, -4.289474687573101",Burujón
"40.001666576510594, -3.9509382154835624",Cabañas de la Sagra
"42.98290741945538, -2.647783515657854",Legutio
"38.73502483689076, -0.1870673741818436",Castell de Castells
"37.20293357602627, -2.2173676456654055",Benizalón
"40.147335726833646, -6.4805265351271375",Villa del Campo
"39.88972903365563, -0.5844741454135476",Jérica
"37.178423140738445, -3.0253561314201796",Ferreira
"41.26156871887701, -3.016140237526012",Hijes
"41.784337142349976, 0.41296216761894705",Altorricón
"42.38124131970231, -6.672563494555539",Benuza
"41.83011832296714, 0.5659927295869244",Alfarràs
"41.63110938358575, 1.3256844269547965",Ribera d'Ondara
"43.19119520249387, -7.19598017999834",Ribeira de Piquín
"42.64339689665357, -2.0892865414112296",Igúzquiza
"42.569175287485955, -1.2716036710069205",Sangüesa
"43.330005238062384, -5.337637670880923",Piloña
"42.544633967256566, -4.550759737705538",Villasila de Valdavia
"41.39856468725248, -3.679281601775655",Encinas
"41.781784217420764, -2.867890494209008",Cabrejas del Pinar
"40.078462465201746, -4.365626340996776",Maqueda
"39.18507082548167, -0.38753140876528497",Benicull de Xúquer
"41.53752454495944, -4.330420721849385",Cogeces del Monte
"43.20408176347551, -2.1152713012503996",Asteasu
"41.63185693426445, 0.7736088846751038",Bell-lloc d'Urgell
"42.39507861875546, -2.6064762540811843",Sotés
"40.50707181751729, -4.299610989006576",Valdemaqueda
"43.268793343652916, -1.5449319514748485",Zugarramurdi
"42.016037633953346, -4.106425155611805",Tabanera de Cerrato
"43.41231067059941, -3.8725770752617232",Camargo
"41.045887881406564, -4.475399312688442",Melque de Cercos
"37.5559874709354, -5.407653536659689",La Campana
"38.98433880317228, -0.21535583616725232",Gandia
"41.94898572250058, -5.281577229205809",Barcial de la Loma
"43.12578176479929, -2.622355317118305",Abadiño
"42.966249975614794, -2.920897948099819",Urkabustaiz
"40.23604418662417, -4.657261684620997",Fresnedilla
"42.54116190239405, 0.7581240027141696",Vilaller
"42.46286968671918, -2.734842380466978",Hormilleja
"41.39912417459425, -3.6457209711539504",Fresno de la Fuente
"41.450221106167376, -0.14038306411117094",Bujaraloz
"41.677412716915796, 1.8272192029161514",Castellgalí
"42.724485480549156, -3.2287875291811696",Partido de la Sierra en Tobalina
"40.240547618444786, -5.68184640392712",Tornavacas
"39.97786347143533, -1.9017397853988016",Cañada del Hoyo
"37.52973740445527, -3.3933576067593965",Guadahortuna
"40.570299510360286, -3.194569480735669",Chiloeches
"40.42384935896946, -2.823875977867789",Sayatón
"42.21254418073255, -0.6627163017319427",Loscorrales
"42.38835471516044, -5.1495866720280885",Bercianos del Real Camino
"42.131988973499425, -5.402706912189116",Gordoncillo
"41.67566595295421, 0.8713683304876757",El Poal
"40.83725778626978, -5.296714615163736",Macotera
"41.04141006594296, -5.264578888359594",Poveda de las Cintas
"37.02638001114347, -5.619492794589263",El Coronil
"41.743236133850395, -2.081293403295434",Hinojosa del Campo
"42.01632094715315, -5.211063034761233",Villalán de Campos
"41.25953269045681, -6.058077148260139",Almeida de Sayago
"41.47480659640036, -5.99121241570487",Villaseco del Pan
"40.06182838889437, -1.8691401050430176",La Cierva
"41.984792083820054, 2.8352816223043935",Girona
"43.04264998121732, -7.214835868128076",Baleira
"42.41194382764024, -8.38743915215955",A Lama
"40.72146955788064, 0.35511984001914143",Mas de Barberans
"38.953121022967444, -0.1524940509200965",Bellreguard
"37.43816933133421, -2.441890389024817",Lúcar
"39.33720863050395, -5.731318890124597",Conquista de la Sierra
"42.371161718415806, -8.062610449218234",San Amaro
"41.362887753735436, 1.4240433098435248",Aiguamúrcia
"41.00878094484468, -5.0230091194937",Mamblas
"39.06213429855772, 1.4877141736327042",Sant Joan de Labritja
"40.38682454247966, -2.4688147218540544",Canalejas del Arroyo
"37.14497101142865, -3.35746460754269",Güéjar Sierra
"41.45989291919243, -2.143353104235823",Torlengua
"40.323369402647714, -0.8858864469051475",Formiche Alto
"40.704498974262194, -0.7994509454850983",Jarque de la Val
"39.69438577194602, -5.088994271166581",La Estrella
"42.172478282926235, -6.6433475810507865",San Justo
"41.15270052492357, -6.481013435267804",La Vídola
"41.03558327258998, -6.21044206858907",Villar de Peralonso
"41.45797843571439, -4.101888921715842",Membibre de la Hoz
"41.55425042159315, -3.6228479878673268",Montejo de la Vega de la Serrezuela
"41.40875321703805, -4.9948292874247375",Rueda
"40.01539551724818, -6.239759636084351",Aldehuela de Jerte
"42.98722801587654, -2.232938214430205",Idiazabal
"41.96035674888518, -0.09954289466470288",Torres de Alcanadre
"37.77749360293255, -1.5272352840650048",Totana
"42.78604869861207, -4.8522553556520975",Guardo
"39.61609265865431, -7.2458675486968644",Santiago de Alcántara
"40.503548015719396, -2.938258056229976",Moratilla de los Meleros
"42.848730963495385, -5.856009548192863",Los Barrios de Luna
"41.31473200235814, 0.9914786591168445",Prades
"41.7119025609869, -5.6321972906319395",Arquillinos
"39.58299044190018, -1.5697960835823292",La Pesquera
"42.21534469037689, -1.615986048295162",Valtierra
"42.605498265255456, -2.8086478766070924",Labastida
"38.48158915698999, -2.4238746481222337",Riópar
"42.61538787888339, -8.657210467713535",Caldas de Reis
"43.298088245635675, -3.4018438698728395",Rasines
"41.33314139569065, -2.4191009537185857",Taroda
"39.73183947427067, -5.013338947627271",Aldeanueva de Barbarroya
"39.17714118926712, -5.305133695805654",Casas de Don Pedro
"38.93686643303171, -6.674130784758877",Guadiana
"41.622547461217735, 2.074324741793137",Castellar del Vallès
"37.00018133258223, -2.6937668910417107",Rágol
"41.6981904135466, -3.3922841174328022",Brazacorta
"42.065434900167766, -3.393242889655658",Cascajares de la Sierra
"39.23251583992677, -6.2808779746324745",Casas de Don Antonio
"40.679417537794734, -0.20935194021455614",Villores
"40.22440155691568, -2.27784375950973",Villar de Domingo García
"43.17574282502121, -2.185320221429589",Errezil
"41.71300706850301, 0.23840768983727753",Belver de Cinca
"42.81710469415034, -7.683126994205243",Portomarín
"42.69396384355331, -1.7356876463951527",Adiós
"42.79343550544235, -2.0074268823993298",Lezaun
"43.40489308636855, -5.421604841447921",Cabranes
"42.357407572474315, -4.545384943135996",San Mamés de Campos
"41.27323639011919, -2.5054514264301866",Alcubilla de las Peñas
"41.55594924227396, -2.1416942237439436",Almazul
"41.5563861609227, 1.2348803853880228",Vallfogona de Riucorb
"41.29981991715499, -5.471622757546075",Guarrate
"41.23469104213183, -0.7885800029359938",Letux
"42.46221720793412, -3.4918278561167675",Monasterio de Rodilla
"42.23776111077742, -4.202650792608727",Pedrosa del Príncipe
"38.78648837074767, -3.403461500725339",Valdepeñas
"39.36918829241874, -1.7115905771670628",Ledaña
"40.73648474666236, -2.3228873592821833",Armallones
"40.79498546115829, -1.6191595999218804",El Pobo de Dueñas
"43.157964196558034, -7.693392367657501",Begonte
"41.96477608122676, -6.461650690682754",Manzanal de Arriba
"41.95212515088345, -1.6688456539625334",Malón
"41.60432956454401, 2.4396508014017733",Dosrius
"41.59357897435902, 2.2789413295779712",Granollers
"38.65335548859556, -0.10428509866359942",Callosa d'en Sarrià
"37.41087244783916, -2.2300441676388587",Partaloa
"40.397159179668954, -5.534760603361517",El Losar del Barco
"37.107543586030154, -6.283481292226379",Aznalcázar
"41.42064199033744, 1.1921314581140374",Pira
"41.751619084171686, -4.534297778252364",San Martín de Valvení
"41.878778952135086, -3.7548175979830374",Comunidad de la Aynosa
"38.09422626823199, -0.7364005266353318",Formentera del Segura
"42.59440384078969, -4.200977901906146",Sotresgudo
"43.462087483755404, -8.15965220038087",Fene
"40.535415410915526, -2.3203920769892474",Alcantud
"39.482739179407716, -2.810003070570388",Santa María de los Llanos
"40.42687359145227, -3.5530211685045785",Coslada
"37.29588875260183, -4.755661718780112",Casariche
"37.392190096865356, -6.337767209312343",Castilleja del Campo
"41.52655534504229, -1.9231853443448677",Bijuesca
"39.58205359767057, 2.4024204423079167",Andratx
"41.729657031421766, 1.6179597683572358",Aguilar de Segarra
"40.356349406219806, -5.241598917192764",San Juan de Gredos
"41.62887697142782, 1.802664241724218",Marganell
"40.219669010113876, -6.565906163686723",Torre de Don Miguel
"37.572098936888096, -4.638458749888086",Montilla
"40.20736870331834, -6.329944862066675",Santa Cruz de Paniagua
"42.03760817659977, 2.6711660834431723",Sant Martí de Llémena
"37.795574258461315, -4.153964210332769",Higuera de Calatrava
"43.519137304415, -7.229588257270145",Barreiros
"43.424188444061286, -3.9962126136768474",Miengo
"40.731665134922096, -0.9746820053073179",Rillo
"42.00672715422874, -6.327095868223449",Mombuey
"41.152536020919804, -0.9236813829630179",Moyuela
"42.31634179590039, -2.8497848889698907",Estollo
"42.792548030316965, -4.282061890977673",Aguilar de Campoo
"41.79039763230198, -4.470273653158002",Cubillas de Cerrato
"28.430325359052638, -16.35896432907315",El Rosario
"40.79371854543465, -4.937188784592038",Sigeres
"38.45463397543095, -2.0956429273257453",Elche de la Sierra
"41.6571240662409, 1.5747701827172096",Rubió
"41.45849576858424, 1.6974156393004205",Sant Pere de Riudebitlles
"42.60862259578788, -3.835375862336213",Úrbel del Castillo
"36.31154767761461, -5.464744439621784",Castellar de la Frontera
"41.90202273146095, 2.501241537103285",Sant Hilari Sacalm
"38.04914962504454, -3.5402407758447416",Ibros
"43.159212578104054, -4.916694779498731",Posada de Valdeón
"41.655345462519776, 1.2141801386145472",Granyanella
"42.40068277670169, -2.410643621221871",Alberite
"41.170899433822484, -0.32091302753030043",Samper de Calanda
"42.56205611110374, -2.5405537012861266",Elvillar
"41.03918243322336, -3.801551029744717",Aldealengua de Pedraza
"42.04159819052348, -5.474287128080542",Roales de Campos
"39.889518849168255, -0.129776404761678",les Alqueries
"39.88046330379817, -2.9437632007420715",Torrubia del Campo
"41.73553233015009, 1.2065863058343596",Els Plans de Sió
"40.53737891080721, 0.35961806219307657",Sant Jordi
"38.78784965279552, -3.578643943331699",Moral de Calatrava
"40.28795648916088, -2.841215706010677",Almonacid de Zorita
"41.20219142112445, -2.63602834312738",Sienes
"41.982200782764906, -0.4368428974225231",Barbués
"43.08726896708589, -1.7763518484587335",Saldías
"40.47319205054286, -5.9473471086586285",Molinillo
"40.94711190800485, -5.622974311062834",Santa Marta de Tormes
"43.206474326082486, -4.6214677209701165",Cillorigo de Liébana
"41.537502607536965, -2.8455380686175666",Tajueco
"40.49538228964466, -1.4853615944580136",Monterde de Albarracín
"42.21243169485566, -5.205747905560541",Saelices de Mayorga
"39.304854750292186, -2.1122316591599346",Casas de Benítez
"36.79676447022808, -3.6645010370660955",Jete
"42.66529455550618, -5.152106314344207",Cubillas de Rueda
"42.162157364468946, -4.319242729940022",Astudillo
"42.19021745637932, -5.125565535529027",Vega de Ruiponce
"40.76952672189948, -4.7891001132200355",Monsalupe
"40.525526442894304, -5.179035171236513",Casas del Puerto
"41.5568501513211, 2.251197856421005",Montmeló
"37.39948552077103, -6.15018592034065",Villanueva del Ariscal
"41.15992958465409, 0.9249747106139903",Duesaigües
"41.18579149043813, 1.379242323240464",La Nou de Gaià
"40.37581323627333, -1.4857629990483923",Albarracín
"38.74208627097128, -0.6088672761126802",Bocairent
"41.18283384792486, -5.029755995804812",Bobadilla del Campo
"43.196530355255945, -2.62102460091601",Garai
"43.02565593907329, -2.9718927911008195",Amurrio
"38.404589789624744, -0.42847778488099403",Sant Joan d'Alacant
"37.899869921721574, -0.8295747071837998",Pilar de la Horadada
"40.375064601301844, -5.427633944726834",Aldeanueva de Santa Cruz
"39.02116983589315, -6.336260963352083",El Carrascalejo
"40.87468221230422, -4.644614090023258",Blascosancho
"40.03740919099943, -2.3840338133514334",Abia de la Obispalía
"40.122277417804625, -2.8015536319400316",Vellisca
"40.23327125003611, -3.3020833230525057",Tielmes
"40.29171554761449, -4.121206200112698",Villamanta
"43.159152192604644, -1.5061010612358707",Baztan
"39.74077535653888, -0.9502726383865101",Calles
"41.48039253634171, -4.69600706878983",La Pedraja de Portillo
"41.94540906740854, -5.491101448778372",Villalobos
"41.98530570780693, -5.407670110289511",Villanueva del Campo
"40.59452684999219, 0.3393142254336652",San Rafael del Río
"37.110237025206295, -3.5716646480271725",La Zubia
"42.33490882364185, -6.236262538997156",Luyego
"43.195888975344126, -1.8976184693702633",Arano
"41.132436489312106, -3.996483630477521",Turégano
"42.82272101418756, -2.4761857351411303",Iruraiz-Gauna
"40.451453927176495, -5.603164717208366",Medinilla
"41.884098091768706, -1.4594877036986407",Fréscano
"38.800477106574284, -0.1704184153762846",la Vall d'Ebo
"42.44219543483074, -3.089446673960794",Castildelgado
"42.49875570010324, -3.3441973840544392",Prádanos de Bureba
"40.44717594067365, -6.193570514209991",Ladrillar
"36.806525144184036, -6.308462725905855",Sanlúcar de Barrameda
"40.64151522990873, -0.33928154136662214",Olocau del Rey
"37.6029649734148, -4.097373939567451",Alcaudete
"40.283024688604335, -3.796781359105517",Fuenlabrada
"41.12259877454137, -3.6048386294874306",Robregordo
"42.6858792864293, -1.640629582266338",Tiebas-Muruarte de Reta
"42.12331507277506, -8.319146049408019",Arbo
"39.01489966723665, -0.6554557243086776",Anna
"41.79960170414472, -5.6570175335988875",Villarrín de Campos
"40.13164339309953, -0.44718983039491317",Zucaina
"39.75975914297945, -2.680673696020203",Villarejo de Fuentes
"42.249525738585646, 2.9450562275967114",Vilafant
"42.38239199097689, -5.422626131817359",Gusendos de los Oteros
"42.21517774421989, 0.8022449814397409",Tremp
"36.666552223431644, -5.082979092615714",Parauta
"43.30968234745557, -4.596860631237409",Peñamellera Baja
"28.4074852064305, -16.547240543454148",Puerto de la Cruz
"40.08513079913402, -3.9870473194523495",Lominchar
"43.30084541101708, -2.760067653314747",Morga
"42.92426323668048, -2.6143292395550555",Arratzua-Ubarrundia
"39.84914498655645, -0.3240374271787347",Chóvar
"41.51392687277522, 0.634651774399992",Alfés
"42.04072104233976, -4.376150801891735",Villamediana
"41.36733370026031, 2.0565590071124085",Sant Joan Despí
"37.84852770721638, -4.329329092714473",Cañete de las Torres
"40.19186097420947, -1.673166170143919",Laguna del Marquesado
"41.12775721573172, -3.4269329094616814",El Cardoso de la Sierra
"37.684783564719766, -3.8375432005357304",Los Villares
"40.863497014151086, -5.220055193404885",Bóveda del Río Almar
"37.20232578852517, -4.89484225144996",Pedrera
"41.88447346000404, -2.312201957996054",Aldealseñor
"40.552429122589416, -1.3133962306195954",Santa Eulalia
"40.01035630974925, -0.9565944099351062",Torrijas
"41.34239999561494, -5.473354866545853",El Pego
"41.3453896407471, -1.391306485709726",Tobed
"40.32749956305733, -4.986143794571987",Villarejo del Valle
"37.34190273636138, -2.5465287856812866",Serón
"42.34954144709636, 3.0096817595013623",Mollet de Peralada
"37.40077258900918, -6.628208502367808",Villarrasa
"42.38167747510117, 1.5254953517887564",Estamariu
"42.25751693203658, -2.632202578125428",Torrecilla en Cameros
"37.008482396324275, -4.367602214591646",Villanueva del Rosario
"39.098390273497074, -0.4275943471980162",Carcaixent
"41.28603077153549, -1.27676674335477",Encinacorba
"38.75578380834194, -2.228983159639699",Casas de Lázaro
"38.711578228068184, -6.798045531724386",La Albuera
"41.51821574864839, 2.13535643639434",Barberà del Vallès
"42.052038368026544, -3.1860325750620344",Monasterio de la Sierra
"39.852322335295725, -6.405260454041601",Pedroso de Acim
"36.76885584219926, -3.724761031693285",Almuñécar
"36.863386014074486, -4.044745698898176",Sedella
"43.12545939057479, -2.5353089491258047",Elorrio
"40.49582586992336, -2.4562937793181643",Valdeolivas
"37.38543885627177, -7.379028474015749",San Silvestre de Guzmán
"42.452024392839164, -0.30206972611785476",Sabiñánigo
"40.079217100131174, -4.686822862442028",Castillo de Bayuela
"43.15148219097269, -2.7926324978220296",Arantzazu
"43.02624255322866, -1.805603922524049",Basaburua
"28.37778155475213, -13.950280194416257",Antigua
"40.325025543376825, -5.277378356726824",Navalperal de Tormes
"40.30785968040546, -2.350082882182662",Arrancacepas
"40.53228908368522, -1.7310342622508705",Orea
"40.80511039737859, -0.6439299080702652",Cañizar del Olivar
"41.41443269010165, -1.3206202431971197",Almonacid de la Sierra
"41.831160607409736, -1.7708555945944153",Lituénigo
"41.23708287948139, 1.7048019432060473",Vilanova i la Geltrú
"37.230758668170715, -3.415456416537697",Quéntar
"38.075150161411344, -6.696743988502836",Cumbres de Enmedio
"41.73521722720284, -0.15475300388562963",Albalatillo
"42.31426546837698, -5.94767218602465",Palacios de la Valduerna
"39.724336433464416, -0.275726879850259",Benifairó de les Valls
"39.51934093139977, -0.3673230157166457",Bonrepòs i Mirambell
"39.22481266080689, -7.193374828234706",La Codosera
"37.159897500517495, -1.9512667128322652",Los Gallardos
"40.758405285866544, -3.3752161142838815",Valdenuño Fernández
"42.75924202390073, -1.7324494386507905",Cizur
"42.134351374326556, -4.838575221429428",Frechilla
"41.05812766962123, -3.9573983956506726",Pelayos del Arroyo
"37.85168936769701, -5.595023153989166",Constantina
"39.52501646652146, -0.3349673521441195",Meliana
"41.72391315916253, -5.251561005262",Villardefrades
"41.737671864317306, -6.273993427528411",Rabanales
"41.693505978515596, 0.556726009817748",Torrefarrera
"42.446471222443904, -1.1115992460571107",Petilla de Aragón
"40.5052843213521, -6.406161649343397",La Atalaya
"40.98780741546841, -3.034004074131006",San Andrés del Congosto
"43.3115508753921, -8.24878172697263",Bergondo
"42.1889086779098, -8.098348638007293",Gomesende
"43.21394955849631, -5.891961288713758",Riosa
"41.64573775171687, -5.124851906941113",Adalia
"41.48871514803349, -5.4698335335726265",Peleagonzalo
"37.678434736111214, -4.932320839588136",La Carlota
"37.27847031254835, -3.3113378916287672",La Peza
"41.899982909464235, 0.6819064683770724",Os de Balaguer
"41.75141848430779, 1.5629806066635448",Sant Pere Sallavinera
"42.24564165707688, 2.9930753680787596",El Far d'Empordà
"37.23640248144814, -3.8225965700239763",Valderrubio
"40.65092669112052, -3.0577944711874876",Centenera
"43.27231087309295, -4.828110429297621",Cabrales
"42.90393354897158, -4.528525665642513",Cervera de Pisuerga
"37.94797357207827, -5.3287034397733075",Hornachuelos
"42.56446059013485, -4.945718150472777",Villazanzo de Valderaduey
"42.59671757632198, -2.3021416473264145",Espronceda
"40.573546565775125, -5.690071802531313",Guijuelo
"40.682045535454215, -0.6789778221684104",Aliaga
"40.30517322960419, -4.549787074148991",Santa María del Tiétar
"39.4028855890011, -2.1683311111657275",Sisante
"41.94410082505508, 3.0429750539161953",La Bisbal d'Empordà
"37.33222881326932, -4.031774327874909",Montefrío
"36.99629505225211, -4.154157344406161",Zafarraya
"40.61569489653007, -1.3662585506653622",Alba
"40.47910962973792, -0.7019166595860199",Allepuz
"40.06637436872946, -4.17953543455711",Fuensalida
"41.701962443149725, -4.843729042648115",Villanubla
"42.19534955963918, -3.1586574080023055",Barbadillo de Herreros
"40.02482025692874, -5.815090636871112",Pasarón de la Vera
"41.13994754715283, -3.1707358995689012",La Huerce
"41.46107753178985, 1.0341601494542065",Fulleda
"41.53949237300496, -4.530030378485593",La Parrilla
"41.34078903506499, -0.3686764072404069",Cinco Olivas
"40.06707412115306, -0.34095606672123185",Argelita
"36.91580524256746, -4.329395920157928",Colmenar
"42.62094151252159, -2.2102477783354915",Piedramillera
"42.1444665427978, -8.790067844852423",Nigrán
"42.112942906918185, -8.485213215543537",Salvaterra de Miño
"43.20030253660039, -4.003388292861408",Anievas
"41.62729081506124, -5.622227112188766",Benegiles
"42.494685224507265, -2.5702709200327365",Lapuebla de Labarca
"38.1517792477849, -0.983138601316593",Benferri
"40.85392812787339, 0.14523160729280027",Valderrobres
"41.632139695838205, -0.6488201381192406",Alfajarín
"38.79100354545793, -6.375854509239359",Torremejía
"36.848558067744975, -2.823376361876105",Dalías
"40.662788277629296, -3.4115852920439593",Ribatejada
"38.11164369580661, -1.2951702657337518",Archena
"41.76296519685614, -3.0276381641746304",Herrera de Soria
"41.20516820963913, 0.9612154913633535",Alforja
"41.51472851114094, 1.2802178936200428",Conesa
"41.18621752484085, 1.4613694866915623",Roda de Berà
"40.19957004398197, -6.628913381191928",Gata
"40.40567659690852, -2.142631113240897",Fresneda de la Sierra
"42.24086027716976, 1.0094452232225959",Conca de Dalt
"43.510304963314155, -6.762766049738757",Coaña
"42.30045092249327, -8.716300195563306",Moaña
"36.949853044551546, -2.6037415073521553",Alicún
"36.774598740394765, -2.6920427620929943",La Mojonera
"41.14962760836777, -3.921412619386585",Valdevacas y Guijar
"40.82086304395257, -4.161991165319951",Ortigosa del Monte
"41.05009145722698, -0.5991373379188939",Ariño
"41.54324932977191, -4.9545740582078395",Matilla de los Caños
"41.28723209937121, -5.892123372610127",Peñausende
"41.1254489440727, -1.0195068053998335",Comunidad de la Pardina del Mercadal
"42.01651716034799, -0.7584277063910161",Gurrea de Gállego
"42.15177034657028, -2.9862051644025085",Villavelayo
"42.9557420673032, -1.7942213084259295",Imotz
"42.38461211693967, -2.0419225687833005",Sartaguda
"39.8713492025916, -4.849615869779876",Las Herencias
"42.26257527403668, 1.8829968725927266",Guardiola de Berguedà
"37.77505036189194, -3.4579352958231784",Albanchez de Mágina
"42.25070550699776, -7.3755764559629124",Chandrexa de Queixa
"39.7447493617029, -0.39322611032271587",Algímia d'Alfara
"43.045986140062226, -2.5936345537132706",Aramaio
"38.57133377756625, -0.33953963401773507",Relleu
"40.102665817355856, -0.5807582058839338",Puebla de Arenoso
"39.72354160130179, 2.8024057539070335",Alaró
"36.94276897308911, -2.4007270102321194",Pechina
"41.64922191280104, 2.312659165056654",Les Franqueses del Vallès
"43.23603615976658, -1.9429778548713197",Hernani
"41.791387257352675, -0.448396292415622",Alcubierre
"42.07927034904753, 0.2503129692903193",Estada
"40.288695755152844, -4.014152645078777",Navalcarnero
"42.642237522346655, -4.70363787121334",Ayuela
"42.30673463421894, -4.34084544958894",Requena de Campos
"41.09869535586167, 0.4757089231137248",Corbera d'Ebre
"38.92368425088548, -0.24173561415556946",Ador
"41.14220464396247, -4.86380114155575",Salvador de Zapardiel
"41.39052712967811, 2.0029294215790983",Sant Vicenç dels Horts
"41.95311110395023, -3.549643903514833",Tejada
"38.98852910783918, -4.377551530246045",Luciana
"37.40255351282417, -4.761303151322177",Puente Genil
"43.65242439342601, -7.734236645377028",Mañón
"38.01716864869562, -3.750826583578642",Jabalquinto
"42.77509240560497, -7.101386987245555",As Nogais
"36.55983918467899, -4.68466035010738",Mijas
"42.34391920701627, -1.5995564881906161",Murillo el Cuende
"40.67160730436117, -6.704695699108118",Villar de Argañán
"42.13648817554665, 1.9230680119551173",Vilada
"41.9163518306797, -3.3041926500524625",Pinilla de los Barruecos
"39.31000791999743, -4.415008673724025",Alcoba
"40.125128004138936, -5.997882174404717",Cabezabellosa
"37.159501258513004, -3.504365631783371",Pinos Genil
"40.798674207812454, -3.173725506761927",Mohernando
"42.830979871987566, -1.8961925800387491",Goñi
"40.2872084414177, -6.812579029456274",Navasfrías
"43.43673426234062, -3.51958317992451",Escalante
"41.809827526175596, -2.318006561603834",Aldehuela de Periáñez
"41.66910066383705, 1.876988927250458",Sant Vicenç de Castellet
"42.27057642517605, -3.4962841560770896",Ibeas de Juarros
"36.87133041768616, -5.1762232948520825",Setenil de las Bodegas
"43.5591700180532, -5.9190951574978525",Avilés
"39.953757680671615, -0.35337556233502315",Sueras
"41.927939857565626, 2.811748807589075",Fornells de la Selva
"42.09892777412655, 2.5072257225837333",Sant Feliu de Pallerols
"37.8381974324039, -3.4236717410513733",Bedmar y Garcíez
"41.84447036663638, 1.5500607704183218",Pinós
"42.288763196066704, -2.6156421758317325",Nestares
"43.48094790003464, -7.664436747051029",Muras
"43.22856688463291, -3.9157315694086474",Santiurde de Toranzo
"41.0848021595532, -4.536408679090356",Aldeanueva del Codonal
"41.46110871405852, -2.7258097527867786",Velamazán
"40.764019358914496, -5.113810102183945",San García de Ingelmos
"39.78781187923757, -0.463044519504681",Segorbe
"42.09059941461938, 2.8241371386282226",Cornellà del Terri
"42.182379135142696, 2.953400441627221",Garrigàs
"41.052786533901006, -2.790608546288794",Huérmeces del Cerro
"41.425371982798076, -3.483975235119743",Riaguas de San Bartolomé
"41.40740037044128, -3.731739102654551",Navares de Enmedio
"42.00142267015478, -2.371587768905496",Las Aldehuelas
"41.1713254371409, 0.4690928384694225",La Fatarella
"41.72712651561767, 2.0630008615841198",Granera
"41.355949776526636, 1.7534602125803864",Sant Cugat Sesgarrigues
"39.802449289461656, -2.580785117618148",Villar de Cañas
"41.923636879572115, 2.9818881235528796","Cruïlles, Monells i Sant Sadurní de l'Heura"
"37.051178181841514, -3.7764068430228317",Escúzar
"42.578591518079406, -6.442809797565056",Castropodame
"42.547189858722035, -2.905316120394243",Casalarreina
"42.634873735087965, -2.424726166155649",Cabredo
"42.08790697172129, -4.850626097161917",Autillo de Campos
"42.777236058527436, -4.169503858550365",Pomar de Valdivia
"40.44365014082104, -6.738735355554485",Puebla de Azaba
"37.15023268654791, -5.921095854528757",Los Palacios y Villafranca
"39.62793216858013, -3.204963309281487",La Villa de Don Fadrique
"41.89809409019116, -6.0642254250391945",Ferreras de Abajo
"41.376113999512455, -1.6248716688002054",Calatayud
"41.636106824472854, -1.841825620788331",Pomer
"39.61699903809525, -1.2227337349975755",Utiel
"41.7615139486574, -4.136141534605922",Canillas de Esgueva
"40.42908202239927, -5.652108475546213",Neila de San Miguel
"38.13458884998558, -6.459720546728513",Segura de León
"36.20032555548871, -5.899396775046042",Barbate
"42.351485459769975, -3.6820312322125153",Burgos
"40.22287799287981, -6.832669164638346",Eljas
"41.429660933255455, 1.0218053986471862",Tarrés
"36.855544232301945, -4.257416705252957",Comares
"41.629095452352686, 0.8668456459818968",Fondarella
"39.61800562062587, -0.3058171688054641",Puçol
"41.782229208815025, -6.358831222129388",San Vitero
"42.282669861740274, -0.9329607999559414",El Frago
"36.988523384533316, -3.3710970631241555",Bubión
"40.84846265107607, -3.3656183015609775",Casa de Uceda
"42.41905152615887, -6.779239551716921",Puente de Domingo Flórez
"42.699295548656806, -6.808409245983177",Villafranca del Bierzo
"41.71077040963275, 1.0595507455372046",Tornabous
"43.22807341204665, -6.043908184783564",Proaza
"42.472473372508595, -4.374714513526601",Espinosa de Villagonzalo
"40.7772360475788, -5.879603541669115",Vecinos
"41.23843034287239, 0.9565542150418679",Arbolí
"40.81759993753711, 0.07060084292486019",Fuentespalda
"39.64093789580144, -4.788889745921792",Espinoso del Rey
"41.298184074434104, -5.229127435410422",Alaejos
"41.63056831245954, -5.179719943025296",Mota del Marqués
"41.698903094872946, -4.667897045370551",Santovenia de Pisuerga
"41.691782385910464, -5.528788200954753",Pobladura de Valderaduey
"41.69105722814869, -1.7672334651770107",Purujosa
"41.46896891913761, -1.8994108902733",Torrijo de la Cañada
"39.07113160153717, -5.594297324820888",Acedera
"36.890231255515296, -2.1262123651114146",Níjar
"42.04232334354417, -3.6413605595473464",Quintanilla del Agua y Tordueles
"37.58805838280944, -3.242592323983205",Alamedilla
"42.57212052732987, -5.693228805190081",Valverde de la Virgen
"41.62371316977302, 0.8853067491438554",Mollerussa
"42.225541643360906, -2.4599853883630467",San Román de Cameros
"43.380688909574914, -4.010264326925492",Polanco
"42.05281135056788, -5.6359323737504035",San Cristóbal de Entreviñas
"41.20810291418769, -0.8022706331874899",Lagata
"40.79380395732086, -4.869821652030637",San Pedro del Arroyo
"38.41998407939884, -6.99608989475471",Higuera de Vargas
"38.39287892090814, -6.185311035806091",Usagre
"41.82248164484071, -3.4093036541790025",Arauzo de Salce
"39.325687829267096, -6.175492056354054",Torremocha
"37.599904567615255, -4.447581415054406",Nueva Carteya
"42.186328885306615, 3.030534106918041",Torroella de Fluvià
"41.62475780406678, 0.9268596682578566",Golmés
"43.22817244261848, -5.5447226704770305",Laviana
"41.36598642431092, -3.4975392342989196",Fresno de Cantespino
"41.49211283779464, -3.3381634840539514",Fuentecambrón
"42.01856590381746, -6.409402742584704",Cernadilla
"35.29104614433053, -2.9504617388786456",Melilla
"41.59861636919396, 2.576462267949505",Canet de Mar
"42.63831547419373, -2.7005451207414204",Peñacerrada-Urizaharra
"40.8241515599363, -3.0858662378537574",Taragudo
"40.85464205316032, -2.9232118240272857",Utande
"40.523975790323504, -3.4801385596854346",Ajalvir
"43.337342729492526, -4.253089141528264",Udías
"41.13555692177541, 0.9580018295478813",Riudecanyes
"41.218038012844985, -1.0597811737944554",Herrera de los Navarros
"41.55546858850943, 0.5691877978688555",Sudanell
"43.31817820056735, -3.9284413148086132",Castañeda
"41.56048964687757, -2.400425680157123",Borjabad
"39.08625887459671, -0.6330370548186662",Sumacàrcer
"41.22297227810504, -5.047180208355447",Brahojos de Medina
"38.323773262149906, -6.9922350155874575",Zahínos
"42.588224345993424, -3.3719652787931222",Quintanabureba
"43.13518585081505, -8.045608455793374",Curtis
"40.2302904178928, -2.4112908086353393",Villas de la Ventosa
"40.574325221027834, -2.888212292408046",Peñalver
"42.35588320194906, 1.462613560024522",La Seu d'Urgell
"41.95659154124338, -3.052998445971406",Comunidad de Canicosa de la Sierra y Vilviestre del Pinar
"40.072920926201334, -5.681105027749233",Cuacos de Yuste
"40.460918512266346, -2.154756990510048",Fuertescusa
"42.40580482299591, 2.8407591784092854",Agullana
"41.45928427303571, -3.836066828788211",Torreadrada
"40.801273773800716, -4.76634683301858",Las Berlanas
"41.68138000070526, -3.5514890218347244",Zazuar
"38.46402919018385, -3.838903296208001",San Lorenzo de Calatrava
"43.53881612431768, -8.16758741199796",Narón
"42.22090836851778, -2.6833114514339664",Nieva de Cameros
"42.35792035637647, -2.555675573843661",Sojuela
"43.15116768658328, -4.623586524371397",Potes
"40.98447483082481, -4.199279304861035",Hontanares de Eresma
"41.80673908374249, -2.9986793638862124",Vadillo
"40.429042569143824, -0.8523024889891698",Cedrillas
"39.847708399470235, -3.033121716734719",Horcajo de Santiago
"42.32212821148206, -0.4790797800432145",Arguis
"41.66698963068619, 0.22130249691623238",Osso de Cinca
"42.8345534638463, -7.524683828123537",O Páramo
"41.03732915101765, -4.289998150887928",Añe
"41.45818821424499, -3.5561174689695525",Campo de San Pedro
"37.42440687988808, -6.072879660428823",Valencina de la Concepción
"43.205921028952304, -2.5393908554148417",Mallabia
"41.764926974425016, 1.7125075343486664",Fonollosa
"41.71337081122221, -1.1998295778661057",Pleitas
"38.52147893992714, -0.5943198965075805",Tibi
"36.432508681750534, -5.2755302974410485",Casares
"42.829046996081345, -1.593040464143008",Huarte
"40.82871662498808, -0.5863669905189577",Gargallo
"38.84622999028657, -6.210491985004343",Villagonzalo
"39.646356760168395, 3.0211958624206785",Sineu
"41.311662421761774, 1.6640576935657547",Santa Margarida i els Monjos
"39.645922299247104, -6.382147952526194",Santiago del Campo
"40.121764107410094, -0.07104564219984971",Vilafamés
"39.56535884022953, -2.703139367277709",Belmonte
"41.94788330307825, 3.1999164588639832",Begur
"40.88931278213285, -2.936613137814523",Miralrío
"40.758214355718, -2.6920321318056835",Solanillos del Extremo
"43.13573541235175, -2.039149861673775",Belauntza
"42.51852454361278, -2.8750113526395573",Zarratón
"36.88240658098488, -4.431421791223994",Casabermeja
"42.64748950898693, -1.6933111379964292",Tirapu
"41.28789581683113, -4.09038769550108",Lastras de Cuéllar
"37.385886416689814, -5.709336127143837",El Viso del Alcor
"40.730438714133655, -0.8787873800789227",Mezquita de Jarque
"39.11833465194433, -0.5372023728134346",Alberic
"41.04708553547812, -2.9772385115455466",Congostrina
"41.25185489186558, -4.578951818268084",Villeguillo
"37.160897868399175, -5.683486761475252",Los Molares
"39.4554544053146, -3.3686832596866636",Villafranca de los Caballeros
"42.044352413367804, -0.9328211520792176",Sierra de Luna
"40.37048487755275, -4.823097943130614",Villanueva de Ávila
"36.74823075840404, -2.7813628532382295",El Ejido
"42.912736995424964, -3.0561694831513306",Berberana
"40.37317200397737, 0.017126441495515676",Albocàsser
"37.68974613036669, -4.0180772661862045",Martos
"40.90257579921144, 0.46335130785492606",Xerta
"41.09441245010867, 0.6675596210434177",Móra la Nova
"43.34887065493925, -2.9159346415231546",Laukiz
"42.26306474956993, -1.0087133750730233",Orés
"41.025003680524186, -2.5550272701105943",Saúca
"42.80245900038341, -2.9251234352684614",Erriberagoitia
"38.79390275394595, -1.5255998756218074",Pétrola
"42.05764299498531, -3.53243607422974",Covarrubias
"43.21203456863792, -8.360058108029088",Carral
"36.93965369993556, -3.7928837614215025",Jayena
"40.52035745513929, -2.990022037460463",Fuentelviejo
"41.495925133813905, 0.0700782237160463",Candasnos
"42.43862264885813, -5.800296800673318",Bustillo del Páramo
"40.73718658560609, -3.4913528261716342",Talamanca de Jarama
"36.82739370127264, -3.996112631720943",Árchez
"42.22062741646564, -4.346815267771184",Santoyo
"41.598330317752236, -3.052290026947477",Burgo de Osma-Ciudad de Osma
"39.909601508754356, -0.8693570548133723",Abejuela
"41.9484892777865, -6.1711667620410235",Otero de Bodas
"41.469104664131685, -3.461528686921732",Aldealengua de Santa María
"41.2862605657673, -4.492325269993427",Fuente el Olmo de Íscar
"41.372899713528376, -3.6994356484238122",Navares de Ayuso
"41.83515720134645, -3.081548676374992",San Leonardo de Yagüe
"41.47668527545751, 1.069493058049003",Senan
"42.69399637083239, -2.5236560281097584",Bernedo
"38.73411523649728, -6.566703420038259",Solana de los Barros
"40.58642149387999, -5.371344664638718",Arevalillo
"42.12066101171659, -4.0731825266432145",Valles de Palenzuela
"36.20179941786472, -5.341450110265244",La Línea de la Concepción
"39.5163724500764, -1.677704481231215",Graja de Iniesta
"42.34174813945625, 2.3469469023698957",Llanars
"42.303847036828095, -5.666783100184585",Pobladura de Pelayo García
"42.24603390973171, 1.603176753292835",Josa i Tuixén
"37.74994110101119, -2.2396811272520276",María
"40.84050642814402, -3.1062707588426397",Alarilla
"40.84337928516218, -2.5388501294029746",Torrecuadradilla
"43.56044679629961, -7.642267065421248",Ourol
"36.46656231387805, -5.1408709584396854",Estepona
"42.04778703251551, -1.5229901172734754",Cabanillas
"40.70220381550936, -5.901574547573724",Narros de Matalayegua
"41.176648427292655, -2.5425523771927785",Miño de Medinaceli
"41.29447232266327, -4.637188899232126",Aguasal
"41.85202238979903, -5.869627993920863",Faramontanos de Tábara
"41.33892674636162, 0.23009213259117017",Mequinenza
"41.282290203464484, -1.7235860387122837",La Vilueña
"38.70807367731082, -1.0100405798552228",Caudete
"40.57819739094992, -5.062308676119021",Amavida
"37.66562126977381, -5.717264950600191",Villanueva del Río y Minas
"40.6820487727681, -3.9174067664406587",El Redegüelo
"40.60936856146017, -3.4093551842623144",Fresno de Torote
"41.41046317311993, -4.7735164533993",Matapozuelos
"38.792285434508386, -0.33158453573117863",Planes
"42.804232207323146, -9.03476363694239",Muros
"43.28571297788665, -3.5702278799789178",Ruesga
"41.935027801484296, -2.1577072489631353",Cerbón
"41.46257399811364, -3.104261810257727",Fresno de Caracena
"39.25992523923022, -0.46390363944646484",Alginet
"41.47861709700889, -5.134827918082813",Torrecilla de la Abadesa
"41.81214823909047, -5.3119085166073425",Cotanes del Monte
"38.62210112421321, -1.4901077948520183",Ontur
"40.228897345987654, -4.608091574394789",Higuera de las Dueñas
"38.94272662689118, -5.8926468761764985",Don Benito
"39.70756952642548, 2.7124807907183923",Bunyola
"37.14959024632343, -3.642320623357437",Churriana de la Vega
"43.16288708152895, -1.9746863232553864",Elduain
"42.60387701033311, 0.4557626429568768",Sahún
"40.76092682429822, -5.238188891909593",Malpartida
"41.219479373571744, -1.215000600468239",Cerveruela
"41.06286240795319, -1.420649770400112",Valdehorna
"40.251504970802515, -3.826102928608502",Humanes de Madrid
"42.26998137393569, -7.220340091618741",Manzaneda
"41.15962141642322, -4.5747706079447745",Santiuste de San Juan Bautista
"38.881087559631624, -0.22704254453700104",Vilallonga
"41.89202779746332, -4.907129912132392",Montealegre de Campos
"42.05617963501855, 2.724461100651555",Canet d'Adri
"42.85900575615759, -1.091281317845634",Esparza de Salazar
"40.872643599629484, -2.9638215337936336",Casas de San Galindo
"42.15043268264905, -4.520723262737382",Ribas de Campos
"41.86249803207135, -5.746951040186538",Bretó
"42.4800605716361, -3.8179153379262902",Valle de Santibáñez
"39.813598531088296, -0.23496971670370204",la Vall d'Uixó
"42.04551894485824, 2.8490392109720686",Sant Julià de Ramis
"42.05091641743365, 3.103875986811986",Ullà
"36.927876763033765, -3.1657657771142698",Cádiar
"43.293855205314905, -3.9801257962798617",Puente Viesgo
"41.52761975217638, -4.6358366026521125",Aldeamayor de San Martín
"41.745691831294366, -1.1601955437335427",Grisén
"38.462145309167894, -0.3729382688099338",el Campello
"41.679873081307065, 1.2819527603364518",Cervera
"40.40857641629237, -5.956944902488474",Colmenar de Montemayor
"39.79881995650658, -0.15292034557702655",Moncofa
"43.24645911893443, -2.381484748810883",Mendaro
"40.19830673994234, -3.199400326268261",Valdaracete
"42.22178209485408, -4.486260945078746",Amayuelas de Arriba
"42.04171679847152, -4.709378844971812",Mazariegos
"42.58905759860278, -0.9421746736252614",Mianos
"38.6822796431108, -0.5165807141358691",Alcoi
"38.50094537692958, -0.41847630519633544",Busot
"37.177297226665694, -1.9928887807773046",Bédar
"40.96462920256361, -4.853542303215898",Donjimeno
"39.233717789033996, -1.8143273659292258",Madrigueras
"37.04861405174742, -2.949212222078689",Paterna del Río
"40.42671595097532, -2.047873486502147",Poyatos
"40.895061796298656, -3.2318045781264892",Puebla de Beleña
"40.613391013419864, -2.9596672508988857",Valfermoso de Tajuña
"42.31862706252334, -0.6464475855261195",Loarre
"40.91663392761902, -3.5241132637212096",Cervera de Buitrago
"42.62335154536123, -2.4449043712783256",Marañón
"42.958537649719126, -1.0758283629799854",Ochagavía
"41.623944652198944, -2.0646161943746564",Torrubia de Soria
"40.96884727984421, -0.8942919601826849",Maicas
"41.52197859821587, -1.3000689861043428",Calatorao
"41.28337524641031, -1.524289186063029",Mara
"40.941389448413545, -2.110592507303806",Selas
"42.37107114816789, -4.686508261805706",Villaturde
"41.127743709653664, -5.192185652053422",Cantalapiedra
"42.90628711104652, -4.184785958732029",Valdeolea
"41.4460623431472, -4.619799498587836",Aldea de San Miguel
"42.590093152233656, -8.046550711364924",Dozón
"28.112072236061746, -16.563934875097317",Granadilla de Abona
"41.90678415655274, -2.3020544402918897",Aldealices
"38.38658664128093, -1.9462032238793436",Férez
"40.620227024668274, -4.751083343543623",El Fresno
"42.1841294486461, -3.9780174401355235",Palazuelos de Muñó
"42.101674965765326, -3.683683875838136",Torrecilla del Monte
"40.11285443025671, -6.1068685213442",Oliva de Plasencia
"39.8835669174418, -6.618746668896558",Pescueza
"39.362183589078015, -3.081451465315526",Campo de Criptana
"40.20986451733289, -2.224541906235084",Bascuñana de San Pedro
"41.82773597918529, 2.7392826366182588",Sils
"37.100246761649466, -3.735688140361406",La Malahá
"42.563222197242474, -0.7156197003551261",Santa Cilia
"42.82566401881907, -4.974044650426637",Valderrueda
"42.44147685064632, -8.076838190148427",O Carballiño
"41.58825922016161, -1.3124021494511502",Épila
"38.427089456869, -0.5344415050841358",Sant Vicent del Raspeig
"36.10719551422052, -5.478297941083328",Algeciras
"43.27971900468679, -8.328878289041729",Cambre
"37.396027680738996, -6.994443985079285",Gibraleón
"37.272505758066146, -6.929344257675174",Huelva
"36.92932782997137, -4.5279788987442435",Villanueva de la Concepción
"41.87548077220323, -8.087060235842156",Lobios
"41.0994979402658, -1.1252093587924057",Bádenas
"38.99114363907636, -0.5584975410841441",la Granja de la Costera
"39.00271788138148, -0.5118155284625905",Xàtiva
"41.04352169187937, -1.4533406913923705",Val de San Martín
"37.26375891964561, -2.2719960901311476",Chercos
"42.27906934626858, 1.8581788788267357",Bagà
"41.48889909181121, 1.7104934986517581",Cabrera d'Anoia
"41.90703948542558, 1.6600430435677946",Cardona
"41.392834006248485, 1.9420281215689057",Cervelló
"43.22230638268598, -3.8335781913689995",Villacarriedo
"41.52499789441022, 2.0700268764913243",Sant Quirze del Vallès
"42.67722801472744, -1.6776265624470132",Biurrun-Olcoz
"42.180038569319606, -7.716659985263428",Xunqueira de Ambía
"40.76115651105455, -0.09640540995700224",Torre de Arcas
"39.24978060061539, -1.5678809355679026",Fuentealbilla
"38.729492309286684, 0.008092836107889769",Llíber
"41.86591312792193, -0.4742512247887431",Robres
"28.381217948702144, -16.392656523060925",Candelaria
"43.17700092926828, -4.094560286263859",Arenas de Iguña
"42.99202160946336, -4.1230832821968875",Campoo de Enmedio
"41.97246875276744, -2.930866088794652",Duruelo de la Sierra
"39.21378176796433, -0.42920960435308125",Algemesí
"41.380618872921445, -5.648737009687562",Jambrina
"40.60800234859703, 0.08860958882670673",Vallibona
"42.438195916866256, 1.8287558399615644",Ger
"41.02913737060129, -2.85985824984983",Negredo
"40.93324316271213, -1.8500141994317432",Rueda de la Sierra
"41.779701757918126, 2.390557255753008",Montseny
"39.453826827146536, -5.734191547692899",Madroñera
"36.8785367817409, -5.80165533179749",Espera
"40.5752985565884, -2.005546543488083",Cueva del Hierro
"42.28628615182179, -8.535535256425572",Pazos de Borbén
"42.11556594048515, -2.336343790716796",Yanguas
"38.92581966244095, -0.286817104750201",Almiserà
"41.7541022303126, -4.183311820601231",Fombellida
"41.7142005884218, -1.000108875029836",Utebo
"40.58402921345005, -5.192247847059454",Villanueva del Campillo
"42.12109618966363, 2.212433421559093",Montesquiu
"42.42741682804211, -4.120363184794378",Grijalba
"40.4887398530607, -3.016754232232245",Renera
"41.23182920519175, 0.8450829534189803",Poboleda
"41.742720327161095, -1.029310472080742",Sobradiel
"42.57792733652375, -1.1530372339693442",Undués de Lerda
"41.81311306644657, -3.626083326024637",Villalbilla de Gumiel
"40.16349039923911, -2.976968200637017",Leganiel
"43.13636337736901, -5.042290133640673",Oseja de Sajambre
"42.487267990180186, 1.190479382611758",Llavorsí
"41.97110402994231, -1.6626632405730841",Barillas
"42.29664127379133, -7.106983614238819",O Bolo
"41.9842764259121, -4.6328836052704485",Autilla del Pino
"41.03860916348188, -5.8991475801204905",Vega de Tirados
"37.63068008283076, -6.178426803995383",El Garrobo
"37.34879783472734, -5.740908119410403",Mairena del Alcor
"41.39165263233126, -3.2377977902247124",Liceras
"40.391820806187404, -0.4247681859520521",Mosqueruela
"43.196402023132705, -6.898978079919444",Grandas de Salime
"28.579683575320374, -17.797256054412077",Villa de Mazo
"43.230677776479034, -2.834675839760105",Galdakao
"41.1013430844705, -5.031024890764272",Madrigal de las Altas Torres
"42.15581156922806, -3.599219480247848",Cubillo del Campo
"43.15996326624416, -9.145516303657816",Camariñas
"42.40376723047535, -5.525393844270218",Cabreros del Río
"42.23066978448829, -1.8506578006343883",Rincón de Soto
"41.93037806243279, -4.088663390839761",Antigüedad
"40.761353383711416, -6.761096016711802",Villar de Ciervo
"41.943794425288694, -2.86490736673801",Covaleda
"38.8926458615864, -0.33553564242763045",Montitxelvo
"39.63704487275636, -0.4137825111554286",Nàquera
"37.196934947556734, -2.3993669712460255",Velefique
"40.24690536668085, -6.5308323398060315",Cadalso
"42.466143610562206, 1.9813796904299597",Llívia
"42.376241396603255, 3.0669050288987143",Vilamaniscle
"37.95987657872211, -3.8849664138764934",Cazalilla
"43.063027539620556, -5.033186916099097",Burón
"42.21237655968898, -2.4090448083713185",Hornillos de Cameros
"41.40466642870441, -4.584940410181933",Megeces
"42.1027974193779, 2.2297888015050638",Sant Quirze de Besora
"41.82308594969481, -3.4748825982270453",Caleruega
"40.3796580545313, -2.104984424831778",Castillejo-Sierra
"41.92353951054824, -0.3545434904623004",Grañén
"40.96410857941848, -5.46206876253559",Huerta
"28.742296974454444, -17.765762328260692",Puntallana
"39.32294550809324, -1.3320476893192126",Villatoya
"42.227125439259645, -3.6637958316524735",Revillarruz
"40.23481210919038, -0.18575098015441027",Atzeneta del Maestrat
"39.87222763999863, -2.305181568335461",Mota de Altarejos
"40.08377109877175, -1.5546146137926307",Salinas del Manzano
"40.7175409821786, -2.3934175533891726",Valtablado del Río
"43.24305613151661, -2.149386458161042",Aia
"40.11184618762078, -4.0488262906353505",Chozas de Canales
"43.2454707707036, -2.554451552808787",Ziortza-Bolibar
"42.969959481914394, -3.8233391743290714",Valle de Valdebezana
"39.25274706557754, -6.095983702946499",Torre de Santa María
"42.12844576392888, 2.6776568634149944",Sant Miquel de Campmajor
"41.89147469545562, 2.739284359148116",Vilobí d'Onyar
"36.934236177959306, -3.9156549244124803",Játar
"36.894904370315224, -3.5422414857968163",El Pinar
"40.99763707694474, -3.113678788799395",Monasterio
"37.58099237852324, -3.790869193447052",Valdepeñas de Jaén
"41.67025944634094, 0.5551826922427705",Alpicat
"42.21627440513191, -2.2383152496721292",Arnedillo
"40.72090255015793, -4.093166971611226",Los Molinos
"36.92302902850917, -4.279284103713834",Riogordo
"43.135099845164135, -1.6700565712213562",Doneztebe
"43.26304764298346, -3.4423960439847954",Ramales de la Victoria
"38.10030542026834, -5.810961281911667",Guadalcanal
"41.535487860382844, -3.2201120779945693",San Esteban de Gormaz
"39.95456321836147, -4.498292660370442",Erustes
"41.1836739928031, -5.161026296528515",Fresno el Viejo
"42.40919744303547, -3.4104080432643973",Villaescusa la Sombría
"40.08331494433108, -0.488504030283986",Arañuel
"43.222814954133014, -8.012837596259125",Aranga
"42.10602407368779, 3.0240144814135457",Garrigoles
"42.89798077760685, -4.976896930472168",Prioro
"42.705945850349046, 0.7871253841687018",Vielha e Mijaran
"40.9884092206642, -3.6271784567860594",Buitrago del Lozoya
"42.664802152614236, -2.1872406537439435",Ancín
"42.221893059025696, -8.471000116653293",Mondariz-Balneario
"40.75568017500049, -6.025090104360346",Sanchón de la Sagrada
"41.01404791336538, -5.2021869901325335",Zorita de la Frontera
"37.789312904018885, -5.796641243505485",El Pedroso
"39.948112680798516, -4.07425699624817",Bargas
"42.292488862128636, -3.2532659179740135",Valmala
"41.918462632790984, -0.5325891944214468",Torralba de Aragón
"42.95048075500909, -5.1984002598308585",Reyero
"42.348908437059116, -3.195692626485612",Villagalijo
"42.3201081951049, 2.9259165254789585",Pont de Molins
"43.264079636325235, -2.2329112418080936",Aizarnazabal
"36.576004549147946, -5.43109310542441",Cortes de la Frontera
"43.07331970282117, -5.821702401959713",Lena
"40.8359020619559, -5.189391422396815",Mancera de Abajo
"40.19330519252055, -4.472204320466063",Aldea en Cabo
"39.42060416528986, -0.35843924308511743",València
"41.89548906878144, -1.4287512999343854",Mallén
"40.41448730729431, -5.722519796754961",Vallejera de Riofrío
"38.77257767449094, -4.6671997386056105",Almadenejos
"42.93005368084769, -8.991649804606508",Mazaricos
"39.896635188127256, -1.3557220462857689",Landete
"42.33274543242756, 3.102962582797207",Vilajuïga
"42.63645104033509, 0.5717541641613967",Benasque
"40.60821822229245, -3.52992735290857",Algete
"40.986529645796445, -5.432526930409678",Babilafuente
"39.50494781841803, -6.090004694994037",Santa Marta de Magasca
"43.49819171992215, -8.126300801309965",Neda
"42.14673912364345, -5.499761105815015",Campazas
"41.498569289277846, 0.8658384511369451",Les Borges Blanques
"36.65987528663059, -5.155109125557582",Cartajima
"40.94323543341999, -4.60088123745594",Adanero
"40.354285120542336, -5.5607230152452445",La Carrera
"39.648840794763295, 2.4765003795266627",Estellencs
"41.75745066955579, 2.0204690321695282",Monistrol de Calders
"38.6581529621505, -0.3735025199760009",Penàguila
"38.775058183091765, -0.1308774570101776",la Vall de Laguar
"41.769368134687696, -0.17765549956850443",Sariñena
"37.25230803099458, -4.420561410700355",Cuevas de San Marcos
"40.9469052031989, -5.5866687623056865",Pelabravo
"40.50486056941564, -0.540488860496425",Fortanete
"39.42910456743638, -0.8485083157662625",Buñol
"41.60835968900556, -5.091487981149706",Gallegos de Hornija
"38.923507890485865, -6.757610028282064",Pueblonuevo del Guadiana
"40.01249256896171, 4.1120961047686775",Es Mercadal
"41.69439313866319, 2.1141480249789093",Gallifa
"39.69080458979865, -2.387358962154544",La Almarcha
"39.56634101520256, -1.6779967847420647",Puebla del Salvador
"40.75085901005208, -3.1047219457614044",Ciruelas
"37.28019051469891, -7.224578639353126",Lepe
"42.32295900646019, -0.8301959117012783",Agüero
"43.263537615584845, -3.8842614659424166",Villafufre
"41.16259758561483, -4.114924661495439",Escalona del Prado
"41.29275201582865, 1.0918616830332528",Mont-ral
"40.3282530197633, -4.906291982156719",Serranillos
"40.28918379858219, -5.409563547554175",Bohoyo
"40.059028005791575, -6.813764136479555",Cilleros
"39.978795214624654, -6.505034759616842",Coria
"40.41293598955882, -2.647138251492315",Cañaveruelas
"39.456631848305946, -1.7362920214932573",Iniesta
"43.23627007381612, -2.242376936954227",Zestoa
"42.46551306713423, -2.5755436211566276",Fuenmayor
"42.11779577202754, -2.8810142357239745",Viniegra de Abajo
"42.64885391900123, -2.399179990351073",Genevilla
"43.42126003054376, -5.9725041253704925",Las Regueras
"40.917222110267346, -5.457796752439582",Encinas de Abajo
"41.33222285581604, -3.6961348212254044",Aldeonte
"37.8485471237818, -6.039661255190801",Almadén de la Plata
"39.06575203603903, -0.5579097990870818",Alcàntera de Xúquer
"38.92679976876344, -0.19008056287960592",Beniflá
"41.438890937012204, -5.129239924444572",Pollos
"41.306835072111845, -1.4629132568888605",Orera
"40.42712520102122, -5.17664337894873",San Martín de la Vega del Alberche
"41.379019731253415, 2.0908293722123044",Esplugues de Llobregat
"40.5121613033551, -4.864785366736733",Sotalbo
"40.39803930905824, -2.3193377069758467",Villaconejos de Trabaque
"39.79602131802436, -2.1469397056272657",Las Valeras
"41.46670359774585, -0.045577561181967416",Peñalba
"40.675863289943486, 0.6393594436628529",Amposta
"41.2731035961382, 1.6065899639942192",L'Arboç
"43.32370807786745, -5.561241526187001",Bimenes
"42.69424695984824, -8.276171642913628",Silleda
"40.921687975725824, -5.511310793527451",Machacón
"40.97523465549984, 0.4111960899116994",Prat de Comte
"41.70342402310102, 1.5031951263807992",Sant Martí Sesgueioles
"41.69282483992294, 2.6859984532657326",Tordera
"42.02756556216421, 1.1812731275079444",La Baronia de Rialb
"42.345250423887705, -6.845412329088259",Carballeda de Valdeorras
"41.83205283010971, -2.0607811806418384",Matalebreras
"40.15562804245039, -1.3482601825072154",El Cuervo
"40.25047443168257, -0.7350601968540785",Mora de Rubielos
"41.84868343638121, -5.281620413077457",Cabreros del Monte
"41.3576093545972, -4.727819821466729",Hornillos de Eresma
"41.36998439271249, -5.182767811702229",Siete Iglesias de Trabancos
"42.01394312572707, -4.992635736278409",Villabaruz de Campos
"41.821902444445676, -5.482727340262016",Villárdiga
"40.07023985482576, -5.391847457239017",Pueblonuevo de Miramontes
"42.757349529132526, -8.631087304691443",Padrón
"40.54154888331759, -1.9832718585018037",Masegosa
"42.463197295703196, -5.882652902751673",Hospital de Órbigo
"41.824656311845025, -4.089579076582076",Castrillo de Don Juan
"37.98046430536324, -5.6318150148031645",San Nicolás del Puerto
"40.10762607562503, -4.115762025386995",Camarena
"39.654525832277606, -4.477142872068131",Navahermosa
"38.94525100185339, -0.1798055860659972",Almoines
"38.97840889938622, -0.5506146879488334",Novelé
"41.25228069512912, -5.571300397869115",Villamor de los Escuderos
"36.89422814395637, -2.3989461322344994",Viator
"40.5762229609772, -0.21960455193899373",Cinctorres
"37.95464478488932, -4.556447682963218",Villafranca de Córdoba
"42.11699408490636, -5.774900005769533",Maire de Castroponce
"41.68853347163043, -5.904034753106145",Santa Eufemia del Barco
"41.472819752359385, -1.1269622914165904",Muel
"41.927689426322544, -3.74341402481955",Fontioso
"42.337903888199904, -4.257015600209869",Palacios de Riopisuerga
"40.79723548745354, -3.6223333700817166",Venturada
"43.00965195429543, -1.6863908675121722",Ultzama
"40.97052804715416, -5.166096695849614",Paradinas de San Juan
"41.952610434205724, -2.3877105018720988",Arévalo de la Sierra
"41.76920373736789, -2.6666864244986135",Villaciervos
"41.42043031240396, 1.4296278199246701",Querol
"41.46892698019126, 1.392252983264592",Pontils
"40.89872771883092, -0.001126024112426065",Fórnoles
"39.57264990540514, -0.3100049248131607",la Pobla de Farnals
"39.05664875344985, -6.33369200098918",Aljucén
"41.93124010998773, -0.4322382808420122",Almuniente
"42.19050217033263, -7.804661434332992",Allariz
"42.20774104008367, -8.149344100959286",Cortegada
"40.81376355805064, -5.403059430515015",Pedrosillo de Alba
"41.06489265211116, -6.351102208715179",Villarmuerto
"40.953445126001256, -4.274835490123775",Martín Miguel
"42.17005087421189, -5.1634431899102635",Cabezón de Valderaduey
"35.180355709386035, -2.4331522897111113",Islas Chafarinas
"41.57311026269652, 1.827619230873966",Collbató
"42.74911483142025, -2.445246670647624",Arraia-Maeztu
"40.76196758092259, -4.968720881426923",Grandes y San Martín
"41.55120138694029, -2.0545099445460857",Quiñonería
"40.977533955846255, -0.8205128633311253",Cortes de Aragón
"41.58409877724486, -4.008919046001874",Castrillo de Duero
"37.55079335053791, -4.751102274932762",Montalbán de Córdoba
"40.1397676744328, -2.4092842448263414",Villar y Velasco
"41.76130274742299, 2.5210242546991295",Riells i Viabrea
"36.597345855416386, -4.5615305570424995",Benalmádena
"28.115946351045075, -15.618398764660986",Santa María de Guía de Gran Canaria
"42.54395186331325, -8.524790190834098",Campo Lameiro
"42.50942669541794, -3.388373237543775",Reinoso
"39.809242508700855, -2.940805836287588",Pozorrubio de Santiago
"40.430580026923984, -2.4047498928909095",San Pedro Palmiches
"42.41652899867655, 1.8825327451160585",Bolvir
"42.46266001755101, -6.11595662731233",Astorga
"42.67863075942398, -6.9769796284430114",Vega de Valcarce
"41.55395788084127, 0.5980190877213238",Montoliu de Lleida
"40.797079560889955, -3.777544390375655",Miraflores de la Sierra
"40.558184726529305, -6.034923604832355",Cilleros de la Bastida
"41.28351396425176, 1.7210012618785309",Canyelles
"40.38241263175512, -3.4176892600060023",Loeches
"39.980924573039516, -4.235170414282565",Barcience
"35.21622531454106, -3.9018074381258083",Islas Alhucemas
"39.70388960141973, 2.6199851018567806",Valldemossa
"42.472671911391124, -3.583373007638594",Valle de las Navas
"41.479060150291495, 1.9174034788075374",Martorell
"38.8156877812719, -0.028857896131320556",Sanet y Negrals
"41.366432444698205, -5.593895984066079",El Piñero
"42.57058974501291, -2.6735291722275947",Samaniego
"39.991763161826015, -0.508516586392318",Higueras
"39.691594586235055, -2.1867194796376292",Hontecillas
"36.501037992683784, -5.347591257091574",Gaucín
"42.290191786329935, -4.278956448853214",Itero de la Vega
"42.64046339049743, -8.556765489105215",Cuntis
"40.17677084360065, -3.9251695425966457",Carranque
"36.971597736123705, -3.305781464031155",Pórtugos
"43.32046163683134, -6.0967013552321925",Grado
"43.359423197689864, -7.076473585264244",Taramundi
"42.31137246095046, -4.779868278395285",Cervatos de la Cueza
"43.316657330332205, -2.9150724193193738",Loiu
"41.94370066528225, -5.888433899609605",Morales de Valverde
"43.096950305005336, -2.331404958079049",Urretxu
"41.72863006317971, 0.07792374468778833",Alcolea de Cinca
"42.31095723460552, -5.823759844992612",Valdefuentes del Páramo
"41.00814781718856, -6.365434245243786",Peralejos de Abajo
"41.30929205312385, -3.9479538422741975",Fuenterrebollo
"41.588734282157745, -4.586843263541297",Tudela de Duero
"41.53147284834095, -5.151559387550896",Villalar de los Comuneros
"41.30673281110394, -1.1086620024030798",Tosos
"41.529286799478264, 1.6881149132934539",Capellades
"40.63616718811236, -4.816837245286325",Muñopepe
"40.3219473689424, -5.536968773459635",Navatejares
"41.40934731671511, 1.5702455307278869",Torrelles de Foix
"42.28515975027407, 2.1347590072317644",Campelles
"42.55177062049732, -8.874234336705621",A Illa de Arousa
"41.1192627373493, -1.0902292588852824",Santa Cruz de Nogueras
"42.01309392321132, -6.234215265219079",Rionegro del Puente
"38.25355116044776, -2.86677185336302",Beas de Segura
"42.32149718738595, 1.0608133700248723",Baix Pallars
"41.42071904554011, 0.5983448768559829",Torrebesses
"42.74751231773893, -1.670763353090876",Galar
"40.47927937974013, -0.9983297936605082",Peralejos
"41.95780473296852, -5.684698792246843",Santa Colomba de las Monjas
"41.8497401333465, -1.5510149499692925",Borja
"42.11419823481818, -3.2900850210263775",Comunidad de Vizcaínos y Jaramillo de la Fuente
"40.66222647065589, -4.645834592407021",Ávila
"42.39133387261822, 1.8236875010492677",Isòvol
"42.121644005639, -5.5785604052340085",Villaquejida
"42.38803463404702, -2.557543786425401",Medrano
"43.39024567029727, -4.0945351801943",Santillana del Mar
"41.391801732090535, -4.422549467875001",Vallelado
"41.6114818311323, -3.376333421806027",Langa de Duero
"40.865693802934594, -1.011244097498715",Fuenferrada
"41.7677784116953, -1.178617811776526",Figueruelas
"39.43371952564058, -6.864819383906386",Herreruela
"42.99826433670335, -8.387425804604518",Oroso
"43.01964122147122, -8.654029200762446",Val do Dubra
"43.21676826791337, -2.0771266136747624",Zizurkil
"41.55000182585662, -0.1202263347094594",Valfarta
"42.83495328028292, -6.192738035437328",Murias de Paredes
"42.29105700650382, 1.3978416443188086",Ribera d'Urgellet
"36.587257731121035, -5.302254600712666",Benalauría
"42.12398107014259, -8.090705921847565",Quintela de Leirado
"41.18225267462201, -3.5893112508047373",Santo Tomé del Puerto
"39.965943968309986, -3.932514532771832",Magán
"38.779850737886505, -0.7852449909391648",Fontanars dels Alforins
"41.583338824966624, -5.499885945465914",Matilla la Seca
"41.589351294430344, -5.44415260568293",Pozoantiguo
"41.37447972138679, 1.6198858761223451",Sant Martí Sarroca
"42.46186958658603, -3.0758577239725473",Ibrillos
"42.413034051239485, -3.680209269808437",Quintanilla Vivar
"43.52489219642596, -7.920272419821715",As Somozas
"37.062053188487305, -3.518673333435001",Dílar
"41.061923214490356, -3.0566562045226866",Zarzuela de Jadraque
"42.173124891836096, -2.3541439995959843",Zarzosa
"41.97314873188186, -7.2749371928359166",Riós
"42.43555234688183, -4.419045814310123",Abia de las Torres
"41.13897273450352, -4.379954140755383",Migueláñez
"40.88749157719722, 0.6838239061009878",El Perelló
"41.567348482910404, 2.232275396387501",Parets del Vallès
"42.04806304000946, 2.1074045189468236",Perafita
"42.54274250321465, -3.7897535127301367",Huérmeces
"39.7512594045117, -0.22643944076197958",Almenara
"40.660538720849395, -3.01008475836667",Atanzón
"43.295355570675895, -1.9880372181138783",Donostia
"43.07247191128086, -2.1322094966608676",Baliarrain
"42.650331293926826, -5.545491285734009",Villaquilambre
"42.388325586757034, -2.8088200078593815",Cordovín
"40.230658870640305, -3.766947850822002",Parla
"40.47143997712, -3.2234223881113153",Santorcaz
"41.09219054733614, -4.640363167471935",Rapariegos
"40.61368058288563, -0.41485787278591174",Tronchón
"39.59897077706122, -0.32052722953548857",el Puig de Santa Maria
"41.729375883552905, -5.185401989869733",Urueña
"41.57136422394777, -5.818570624370669",La Hiniesta
"39.556131459423554, 2.7154850794051657",Palma
"41.280447609781326, -1.9275294341933786",Contamina
"38.98869533005091, -1.2735501166535843",Alpera
"42.22948559998277, 1.9754438768489084",La Pobla de Lillet
"42.38709060091876, -3.4449494561698346",Barrios de Colina
"39.331700778481206, -2.193923519199165",Pozoamargo
"40.19638636156378, -2.950745124939559",Illana
"37.268627291916765, -7.384417807732531",Ayamonte
"41.02624271969586, -6.5438599194122204",Encinasola de los Comendadores
"43.14469195403341, -4.7472171254453706",Camaleño
"42.22985219060643, 0.6121525837202623",Monesma y Cajigar
"42.59334007210835, 0.21674497504750956",Tella-Sin
"37.73212604179786, -3.370202528719783",Bélmez de la Moraleda
"43.10302137518196, -1.893072883723008",Leitza
"40.422898508278976, -6.421706144977868",Agallas
"37.38656632120596, -6.076950865991699",Gines
"41.866152349430294, 1.8652875478369022",Balsareny
"40.32037420193583, -0.08034686035119022",la Torre d'En Besora
"41.9962621825135, -0.24584964886967658",Sesa
"42.5023630498259, -6.055321089290125",Villaobispo de Otero
"41.96387926583078, -2.6226636699921957",Sotillo del Rincón
"40.86682797439229, 0.4744907661984461",Aldover
"39.72856053735504, -0.23853228132290344",Quartell
"41.50805424219959, -4.115108402347024",Canalejas de Peñafiel
"43.194537129458126, -3.210731140391331",Balmaseda
"43.189988531136635, -2.651732921042427",Iurreta
"41.54716551067148, -5.780732917091013",Roales
"40.96182705513139, -1.5644675542834277",Las Cuerlas
"42.14997811864984, -3.2644161055939",Comunidad de Barbadillo del Pez y Jaramillo de la Fuente
"39.64419059429045, -5.6485717334165715",Deleitosa
"40.09200385595021, 0.12306100406104267",Orpesa
"40.87359890423648, -3.30025949614936",Matarrubia
"36.6555007915562, -5.217120559884298",Alpandeire
"43.07874404053024, -1.95547666056915",Areso
"41.89393356688713, -4.353206115356538",Valle de Cerrato
"42.32762041310888, -8.804076984638606",Bueu
"42.37137044958995, -3.1590067810712315",Comunidad de Villagalijo y San Vicente del Valle
"39.20480509570452, -1.7165266968638886",Mahora
"38.81168526525193, -2.8429716088494543",Villahermosa
"42.26522575640191, -2.1500718291831453",Bergasa
"42.29910033322205, -1.874348118427461",Azagra
"41.93436509371279, -7.856546674186304",Calvos de Randín
"41.21236294537293, 0.2429941201703941",Nonaspe
"41.26213561676771, 1.7760655195867185",Sant Pere de Ribes
"41.575360362583304, 2.0080015085501888",Terrassa
"42.197871479228525, -3.409753797186583",Villamiel de la Sierra
"39.93313119831506, -0.1287623510960418",Vila-real
"39.967367336685776, -1.5400568008358166",Campillos-Paravientos
"40.04575213471178, -2.9047158735546126",Huelves
"42.013449324013536, 2.9079754210629587",Juià
"37.82707063997143, -2.7742377662085187",Castril
"37.55912085172188, -6.739933327939562",Valverde del Camino
"38.077756447457794, -3.4540768278588274",Rus
"38.381067725602826, -2.575693094882832",Siles
"37.61333392486189, -0.8800947035881687",La Unión
"40.18674227295655, -6.549040393413627",Santibáñez el Alto
"39.9100521949065, -6.833909979371819",Zarza la Mayor
"40.5917096375101, -2.7000597113444287",Chillarón del Rey
"40.428775298405554, -3.8138278352905126",Pozuelo de Alarcón
"42.559061993790046, -4.703415977350908",Saldaña
"40.370759989337614, -5.816217936104106",Cantagallo
"28.711065616804664, -17.945636748980583",Tijarafe
"43.28774723376578, -2.8666753190009886",Zamudio
"38.43440767106152, -0.47491894937752366",Mutxamel
"41.445163216263, -2.3373130256782955",Momblona
"41.499602609628546, 2.154226217226739",Ripollet
"41.7217710603138, -2.301698156616262",Candilichera
"41.84447111303131, 2.3725588719590553",Viladrau
"41.07163297534033, -5.817757764375205",Almenara de Tormes
"42.48504645557283, -0.0658649753679111",Fiscal
"42.18986920633226, 0.5208396593070633",Lascuarre
"41.819670917414676, 0.08265461206237958",San Miguel del Cinca
"37.945346741103194, -3.490763226737971",Baeza
"39.610065687942225, -0.913738712129935",Sot de Chera
"35.21341181277973, -3.8893757954188444",Peñón de Alhucemas
"39.79743977777745, 2.966512734843576",Campanet
"41.52575632927271, 2.4008161984832648",Cabrera de Mar
"36.95088275570686, -5.281786147030208",Olvera
"41.75920560135456, 0.6704612660717486",Albesa
"42.75546952624742, 0.7328944379621736",Vilamòs
"42.43745167765569, -2.80153041952447",Azofra
"36.558236910968134, -4.614742058397281",Fuengirola
"41.98111384418221, -1.5208943674294302",Ribaforada
"40.72275586343204, -4.350437601458811",Navas de San Antonio
"39.90531793993636, -5.110948658615923",Alcañizo
"41.35096292324067, -5.777964145205842",Villanueva de Campeán
"41.987341015909955, -3.0642956137150446",Comunidad de Quintanar de la Sierra y Vilviestre del Pinar
"42.207460104081626, -0.43358432056442653",Igriés
"41.56536106826973, 1.1850364440065466",Guimerà
"42.54114666456472, -2.01100278026269",Allo
"43.144226466676464, -1.6185874198648693",Bertizarana
"40.624538987969295, -0.767945739586521",Camarillas
"43.41735433534822, -2.890141383635387",Lemoiz
"41.024573284908634, -4.911798000211882",Fuentes de Año
"40.717130705149955, -4.461823776204734",Santa María del Cubillo
"41.489425544467665, 2.1843392696504753",Montcada i Reixac
"41.21359078873889, -2.782899093418041",Alcolea de las Peñas
"42.715577842658256, -6.9194046471808335",Balboa
"42.550142637037894, -2.8184074851495944",Gimileo
"42.26507358761427, -4.457134934029953",Población de Campos
"43.129708580107426, -3.1414675192809614",Artziniega
"38.19615529471537, -5.9620025159202035",Casas de Reina
"40.64009141160844, -3.175846374854108",Guadalajara
"40.8177019477558, -2.9467199909096653",Muduex
"42.48231104324399, -1.8300488892440372",Miranda de Arga
"40.47943584683131, -6.061416055941036",Monforte de la Sierra
"40.78925343047133, -4.2721909398271265",Vegas de Matute
"39.09316159121192, -0.5602107707630938",Gavarda
"41.700115141424654, -4.075103612002267",San Llorente
"41.27185842557026, -1.592406038436826",Velilla de Jiloca
"39.86793439789073, -5.459637294394198",Peraleda de la Mata
"37.238539456544835, -3.809414197414999",Pinos Puente
"42.60913191999016, -6.512076991768019",Congosto
"42.31621447949602, -5.015635324988423",Grajal de Campos
"38.41229106954685, -1.0290587921819543",el Pinós
"41.92824689689771, 2.772149628171254",Aiguaviva
"41.90315713011054, -0.5108272444962554",Senés de Alcubierre
"38.306710109813615, -3.615393432020815",La Carolina
"41.94961749496925, -4.9153151098329575",Meneses de Campos
"36.93947771993388, -6.061474923003735",Lebrija
"37.45625657883241, -6.088582860266319",Salteras
"40.40353544830884, -0.9613094448032776",Corbalán
"41.894900436706564, -5.2779569742438195",Santa Eufemia del Arroyo
"41.938659883755534, -5.850950863161634",Villaveza de Valverde
"40.607781997703526, -4.965620008555083",La Torre
"38.76389041842548, -3.695423108115048",Granátula de Calatrava
"39.77498703717414, 2.706333550106945",Sóller
"43.34991349164837, -8.330833174221974",Oleiros
"36.79038405388782, -3.262673271258918",Sorvilán
"42.369585634867875, -2.891716256631009",Villarejo
"36.94894176970586, -5.037487935614211",Cañete la Real
"43.421803182425016, -7.025457898593593",Vegadeo
"28.418654721899475, -16.44814199219568",La Victoria de Acentejo
"41.75741112506337, -5.612025344923052",Villalba de la Lampreana
"41.72064434325603, 1.825602123481249",Manresa
"41.54899256198175, 2.2098503517380252",Mollet del Vallès
"42.739371390299425, -3.0967681827144213",Bozoó
"42.57744330311744, -3.1227167831178795",Valluércanes
"39.34772031318696, -2.3288754306704376",Casas de Fernando Alonso
"42.217819198632235, 2.930563767671012",Borrassà
"42.4396403936402, 2.9032917773778983",La Jonquera
"41.69514890255175, 0.592019617115528",Rosselló
"41.49330990817025, -4.02489072147683",Laguna de Contreras
"39.118409643847194, -0.2995377384623893",Favara
"39.42394897935131, -0.37616135775072984",Sedaví
"42.24818982745713, -5.147290621535255",Melgar de Abajo
"41.43775352010633, -4.9139827764229755",La Seca
"41.58606895941259, -0.9288943016938545",Cuarte de Huerva
"41.16062934407679, -1.7547944309203967",Monterde
"38.57945148341772, -2.6408717044885255",Villapalacios
"42.29446244197544, -2.69653267279415",Pedroso
"40.59204295682409, -4.843812276501734",Niharra
"28.33503732638364, -16.86309533247658",Buenavista del Norte
"41.86801557539099, -2.324820131294486",Cirujales del Río
"41.68597529379109, -3.032598888949425",Valdemaluque
"41.64457383620657, -4.861373675036013",Ciguñuela
"41.43001844108596, -5.672374831139045",Casaseca de las Chanas
"42.61374270114234, -2.0722837189487135",Facería de Arambelza
"38.31929161291868, -2.130823658719194",Letur
"36.85497059301478, -2.9641448014871643",Berja
"39.72104325930264, 3.1547053848026305",Santa Margalida
"43.138434702636786, -2.9777016044817546",Laudio
"41.98013821730226, -3.235498909303434",Castrillo de la Reina
"40.144744509857105, -5.579412798331212",Losar de la Vera
"39.75159062313784, -1.967872971249409",Solera de Gabaldón
"42.21323179880532, -4.56465068809308",Manquillos
"40.76878360078108, -5.525307802911353",Éjeme
"38.885575009456325, -0.4908109374512015",Montaverner
"42.462927504637676, -7.891473196335319",Vilamarín
"28.09138709982729, -15.454871626433613",Las Palmas de Gran Canaria
"27.968057044198527, -15.659951500396502",Tejeda
"41.25041738816975, -3.7942127050883636",Aldealcorvo
"41.93912058134503, -2.3251002924551645",Estepa de San Juan
"41.23430551840055, 1.5676457015796217",Bellvei
"41.98024015183297, -5.019351346414735",Tamariz de Campos
"41.58505374210187, -6.119865863608232",Pino del Oro
"38.74035117761514, -0.3784322472263761",Millena
"42.08726517725944, 1.7514017642654236",Capolat
"41.60472051658421, 1.5292153235580535",Jorba
"41.99794132214689, 2.210759304679279",Santa Cecília de Voltregà
"40.24313069340183, -3.561632832160786",San Martín de la Vega
"41.297844507210904, -2.6195859142448894",Baraona
"39.027975158490854, -0.5372008153812997",la Llosa de Ranes
"42.402648328945375, 3.123526118685914",Colera
"40.94382736219921, -1.9308095701281467",Pardos
"41.86263213129508, -4.289233878260041",Castrillo de Onielo
"41.108772267498686, -1.3444902291620688",Nombrevilla
"38.718917792497095, -2.5308050575113636",Alcaraz
"37.31740069288479, -2.380703451001761",Suflí
"40.72072900875542, -4.949495007489416",Chamartín
"42.12190044151273, 2.2601090098170404",Santa Maria de Besora
"42.01468054456319, 3.108408957160992",Fontanilles
"38.00113347434026, -6.572299521355546",Hinojales
"42.3024214019535, -2.207880527154812",Ocón
"37.92167520646465, -1.1071535148929545",Murcia
"40.980772533590454, -5.600596498526331",Cabrerizos
"40.09146207693417, -4.930049106636914",Montesclaros
"41.623068310956455, 2.6463273639028237",Calella
"40.663949439843655, -3.746080754356738",Colmenar Viejo
"28.656489871504487, -17.80317880950072",Breña Alta
"41.3721090900048, -3.613095981819557",Grajera
"40.92264646510602, -1.511034519731498",Bello
"38.295806230998934, -3.1419535561725658",Castellar
"37.831998549095246, -3.3314656436876704",Jódar
"42.46239798321002, -6.0068733915759",San Justo de la Vega
"41.174669889871886, -2.252933671950758",Arcos de Jalón
"40.42814219336754, -1.5743552169795447",Tramacastilla
"41.661721508651326, -4.207782913915369",Pesquera de Duero
"41.876674059049996, -5.553668311873017",Revellinos
"41.33600352954748, -1.2890139703289432",Aguarón
"39.55608971123572, -2.229303123054759",Cañada Juncosa
"40.48878302034738, -2.049950275389724",Santa María del Val
"42.15253122038084, -0.35796787938538127",Quicena
"40.0695568487588, -1.2290752867253425",Ademuz
"39.041884517040124, -0.3399172129278827",Simat de la Valldigna
"42.43160855976576, -4.2554103020935585",Melgar de Fernamental
"39.519620273452425, -6.582928090831015",Arroyo de la Luz
"40.051165261713294, -0.4556515201777577",Cirat
"40.12639775415342, -0.22237837869305824",Figueroles
"37.55268918830837, -4.369242951515914",Doña Mencía
"39.89435936300986, -1.795829099166182",Carboneras de Guadazaón
"40.108395339699705, -2.4700967368948503",Los Valdecolmenas
"42.02912052961103, 2.463275759023042",Rupit i Pruit
"42.588550313969115, -5.576259557407644",León
"42.36800128225008, -4.844821141874021",Ledigos
"41.671457318676474, 2.7301252240554854",Palafolls
"40.84251363022826, -6.066469306531727",Aldehuela de la Bóveda
"41.39201693762819, -3.595597516917629",Pajarejos
"39.069709915841116, -6.513516386088978",La Nava de Santiago
"42.121349612052384, -3.2324604932549543",Barbadillo del Pez
"42.428531197678, -2.4015602934107294",Villamediana de Iregua
"42.32535912108242, -7.278489904681581",A Pobra de Trives
"40.85755603626441, -0.18129426174265886",La Ginebrosa
"41.596550984812104, -4.122966036464782",Peñafiel
"37.16817634615434, -6.401169542669991",Hinojos
"42.20438069866407, -2.043522958848369",Quel
"43.135662593507725, -1.7206158562014997",Ituren
"42.216716986562474, -4.9782481963364535",Villacidaler
"42.40732218946692, -4.510093827956232",Villasarracino
"40.20542376109753, -1.9938839777542996",Cuenca
"42.125696001402865, 2.423628905889498",La Vall d'en Bas
"40.92633765486228, -2.711701981866611",Mirabueno
"43.212709177620724, -2.056290340552321",Aduna
"41.99278734804944, 1.5182374965044738",Solsona
"42.29541321260343, -2.9000635061857043",San Millán de la Cogolla
"40.67730490367491, -4.1099856525221306",Guadarrama
"39.55484411174718, 3.2354355034419924",Manacor
"40.52975507912834, -5.098941489396816",Villatoro
"40.20314149374967, -5.805958806585004",Cabezuela del Valle
"42.42926688024444, 3.005573244676358",Espolla
"40.20313472305622, -3.798483354616415",Torrejón de la Calzada
"40.37738334350519, -5.994479223815671",Valdelageve
"41.971903660732764, -2.284883112482105",Oncala
"41.556192183522775, 1.330427001700969",Llorac
"39.57557838646119, -5.050814932899792",El Campillo de la Jara
"40.05269679817604, -4.741608811981174",San Román de los Montes
"38.16397082089088, -6.535612513449091",Bodonal de la Sierra
"41.58048021485246, 2.174946799818645",Palau-solità i Plegamans
"38.421701920952025, -4.741746306831705",Pedroche
"42.31950972106535, -2.815369805064662",Villaverde de Rioja
"42.324099959389166, -1.6576773722433051",Caparroso
"42.60035207536704, -2.460611066200042",Lapoblación
"43.261428363602825, -6.109039834144339",Yernes y Tameza
"41.08588716576115, -5.892416506172835",Juzbado
"41.03254831999106, -5.6180862020353874",San Cristóbal de la Cuesta
"40.79816998510062, -0.699693027991956",Castel de Cabra
"40.07876176440567, -4.246591294744319",Portillo de Toledo
"41.04276219787011, -4.803127391062678",Aldeaseca
"40.57067238026269, -6.143826125522119",El Cabaco
"41.26557276356761, 1.16717127940809",Alcover
"41.17835705583973, 1.3069552331515626",El Catllar
"39.56415081401689, -4.529889720970103",Hontanar
"41.63322935133579, -5.680539449198516",Torres del Carrizal
"41.11398545578402, -1.4176132430088135",Daroca
"42.11084697527849, -0.9780084112062276",Erla
"43.06483121759469, -4.0888542886036126",Santiurde de Reinosa
"37.33858001935486, -6.067404723369152",Mairena del Aljarafe
"41.71766274622192, -2.656420826291296",Golmayo
"43.27811412453748, -2.635567615158694",Mendata
"41.3737105565684, -1.9701344489847141",Embid de Ariza
"39.36760419007439, -5.762171612890869",Herguijuela
"42.69532205813168, -1.8168627277141511",Puente la Reina
"41.071195913091934, -6.517694181084313",Valderrodrigo
"41.045673356565835, -6.592573598507257",Villasbuenas
"39.517018161471306, -5.079439548027697",Puerto de San Vicente
"40.21427639341994, -4.104323335764213",Valmojado
"43.30003420896195, -2.667090788516037",Ajangiz
"40.18886938395096, -5.371160992609467",Madrigal de la Vera
"42.5257725153884, 0.4446066763535247",Chía
"41.92230167517939, 1.5536067162810028",Riner
"40.37504335976741, -3.253339814650429",Nuevo Baztán
"41.04877712187224, -6.743009574274192",Saucelle
"41.17311208430268, -3.9508732546995113",Muñoveros
"41.669486150466525, -4.114225732958813",Roturas
"41.55340510341663, -1.298145605773438",Lucena de Jalón
"42.70286376836138, -3.5569025614136724",Padrones de Bureba
"39.188993583188946, -5.907039209233534",Escurial
"40.19471474400644, -6.141593990910289",Guijo de Granadilla
"42.85171887646838, -8.72096377032566",Brión
"37.07386705506288, -3.6523612464268234",Villa de Otura
"40.83082984314849, -2.8873963025868727",Gajanejos
"41.8453261091176, 0.2920128929559786",Binéfar
"42.41182459500334, -7.12369320167973",A Rúa
"42.04644178785479, -4.416300387002159",Valdeolmillos
"43.366059574349954, -4.294175602578195",Comillas
"42.967465347020806, -4.021233055903283",Las Rozas de Valdearroyo
"41.00337127891102, -3.984506997018834",Basardilla
"41.22361035193544, -4.530105943672025",Coca
"41.27150190619226, -0.5901388926899487",Vinaceite
"39.724879296686844, -4.427617023079041",San Martín de Montalbán
"39.61647609853352, -0.771038173330755",Bugarra
"38.94257425498065, -0.15171666569312514",Palmera
"41.77416620695701, -5.28363773581061",Villanueva de los Caballeros
"41.79812192516844, -1.6874260725578887",Alcalá de Moncayo
"38.121342571202064, -5.710479033143091",Malcocinado
"41.77219276224637, 2.132585833946346",Castellcir
"41.935101421764195, -5.644308038083678",Barcial del Barco
"37.853819144992286, -6.720004094149385",Santa Ana la Real
"41.7970073153376, -2.4094651508747567",Velilla de la Sierra
"41.07359956302849, -0.1696295597703206",Alcañiz
"43.17925854502538, -1.6648219977828125",Sunbilla
"42.21828172163647, -4.070939578009159",Los Balbases
"39.12398427613732, -5.932332555025642",Miajadas
"40.78434836104264, -1.5627554514879407",El Pedregal
"41.44642074093765, 0.7531653020746415",L'Albagés
"41.8234757516129, 0.635175047450354",Algerri
"41.543829569049834, 0.6981470176150196",Artesa de Lleida
"42.6113823890926, -2.214518804935431",Sorlada
"43.51561263179794, -5.87900461967184",Corvera de Asturias
"41.15104026677007, 1.4081937122186354",Torredembarra
"43.17870123305513, -2.93948938833387",Arrankudiaga-Zollo
"38.07367079518197, -0.8319495939191087",Benejúzar
"40.03072609888775, -5.934894147995421",Gargüera
"42.77451764034325, -0.344546369366958",Sallent de Gállego
"40.86259439161702, -3.6655351886822207",Valdemanco
"43.33596241575849, -4.041120152678144",Torrelavega
"37.55205609780847, -5.218815744198596",La Luisiana
"39.28480496680969, -0.44484173353882095",Benifaió
"38.95469216029973, -0.44582430663006695",Benigànim
"41.81759197661117, -4.603802189048465",Cubillas de Santa Marta
"38.81123270340409, -1.4405290110698397",Corral-Rubio
"40.81921344396752, -6.62118331354814",Bañobárez
"42.61262472848151, -7.17440859098516",Folgoso do Courel
"40.27213563455222, -1.276064881710209",Rubiales
"41.59023809731257, -5.01567978083337",Berceruelo
"41.27344697426759, -4.60553924970615",Llano de Olmedo
